CASEID,HH_SIZE,HH_CHILD,HH_NUMKIDS,AGE,SEX,RACE,MARST,GENHEALTH,DIFFANY,DIFFCARE,DIFFEYE,DIFFHEAR,DIFFMOB,DIFFPHYS,DIFFREM,RESTED,HIGHBP,PAINMED,WBTYPICAL,WBLADDER,WHO_ASK,BLS_CAREHH,BLS_CAREHH_ADULT,BLS_CAREHH_KID,BLS_CAREHH_KIDEDUC,BLS_CAREHH_KIDHEALTH,BLS_CAREHH_KIDOTHER,BLS_CAREHH_TRAVEL,BLS_CARENHH,BLS_CARENHH_ADULT,BLS_CARENHH_ADULTCARE,BLS_CARENHH_ADULTHELP,BLS_CARENHH_KID,BLS_CARENHH_TRAVEL,BLS_COMM,BLS_COMM_MSG,BLS_COMM_MSGEMAIL,BLS_COMM_MSGMAIL,BLS_COMM_TELE,BLS_COMM_TRAVEL,BLS_EDUC,BLS_EDUC_CLASS,BLS_EDUC_HWORK,BLS_EDUC_TRAVEL,BLS_FOOD,BLS_FOOD_FOOD,BLS_FOOD_TRAVEL,BLS_HHACT,BLS_HHACT_EXTER,BLS_HHACT_FOOD,BLS_HHACT_HHMGMT,BLS_HHACT_HWORK,BLS_HHACT_INTER,BLS_HHACT_LAWN,BLS_HHACT_PET,BLS_HHACT_TOOL,BLS_HHACT_TRAVEL,BLS_HHACT_VEHIC,BLS_LEIS,BLS_LEIS_ARTS,BLS_LEIS_ATTEND,BLS_LEIS_ATTSPORT,BLS_LEIS_PARTSPORT,BLS_LEIS_RELAX,BLS_LEIS_SOC,BLS_LEIS_SOCCOM,BLS_LEIS_SOCCOMEX,BLS_LEIS_SPORT,BLS_LEIS_TRAVEL,BLS_LEIS_TV,BLS_OTHER,BLS_PCARE,BLS_PCARE_ACT,BLS_PCARE_GROOM,BLS_PCARE_HEALTH,BLS_PCARE_SLEEP,BLS_PCARE_TRAVEL,BLS_PURCH,BLS_PURCH_BANK,BLS_PURCH_CONS,BLS_PURCH_GOV,BLS_PURCH_GROC,BLS_PURCH_HEALTH,BLS_PURCH_HHSERV,BLS_PURCH_HOME,BLS_PURCH_PCARE,BLS_PURCH_PROF,BLS_PURCH_TRAVEL,BLS_PURCH_VEHIC,BLS_SOCIAL,BLS_SOCIAL_ADMIN,BLS_SOCIAL_ATTEND,BLS_SOCIAL_CIVIC,BLS_SOCIAL_CULTURE,BLS_SOCIAL_MAINTEN,BLS_SOCIAL_RELIG,BLS_SOCIAL_SOCSERV,BLS_SOCIAL_TRAVEL,BLS_SOCIAL_VOL,BLS_SOCIAL_VOLACT,BLS_WORK,BLS_WORK_OTHER,BLS_WORK_SEARCH,BLS_WORK_TRAVEL,BLS_WORK_WORKING,BLS_WORK_WORKREL,SCHAPPY,SCSAD,SCTIRED,SCSTRESS,SCPAIN,MEANING
20210301210230,5,1,2,19,2,100,6,3,1,1,1,1,1,1,1,3,2,2,3,7,1,0,0,0,0,0,0,0,0,0,0,0,0,0,15,0,0,0,15,0,240,0,240,0,28,28,0,2,0,0,0,2,0,0,0,0,0,0,75,0,0,0,0,75,75,0,0,0,0,60,0,720,0,15,0,705,0,0,0,0,0,0,0,0,0,0,0,0,0,0,0,0,0,0,0,0,0,0,0,0,360,0,0,0,360,0,5,1,3.3333333333333335,4.333333333333333,0,4
20210301210286,4,1,1,19,1,110,6,1,1,1,1,1,1,1,1,1,2,2,1,8,1,0,0,0,0,0,0,0,0,0,0,0,0,0,0,0,0,0,0,0,525,405,90,30,75,75,0,0,0,0,0,0,0,0,0,0,0,0,250,0,0,0,120,130,130,0,0,120,0,130,0,590,0,70,0,510,10,0,0,0,0,0,0,0,0,0,0,0,0,0,0,0,0,0,0,0,0,0,0,0,0,0,0,0,0,0,1.3333333333333333,0,1.6666666666666667,0,0,0
20210301210302,7,1,3,22,1,100,6,1,1,1,1,1,1,1,1,1,2,2,2,1,1,0,0,0,0,0,0,0,0,0,0,0,0,0,0,0,0,0,0,0,0,0,0,0,30,30,0,50,0,50,0,0,0,0,0,0,0,0,394,0,0,0,236,138,138,0,0,236,20,0,0,675,0,15,0,660,0,30,0,5,0,0,0,0,0,0,0,25,0,261,0,0,0,0,0,210,0,51,0,0,0,0,0,0,0,0,6,0,1,0,0.6666666666666666,3
20210301210502,3,1,2,47,2,100,3,2,1,1,1,1,1,1,1,2,2,2,2,10,1,48,0,45,0,0,45,3,0,0,0,0,0,0,15,0,0,0,15,0,0,0,0,0,150,150,0,120,0,120,0,0,0,0,0,0,0,0,15,0,0,0,0,15,15,0,0,0,0,0,0,600,0,60,0,540,0,0,0,0,0,0,0,0,0,0,0,0,0,0,0,0,0,0,0,0,0,0,0,0,492,0,0,35,457,0,6,0,4.333333333333333,0,0,6
20210301210632,4,1,1,45,1,100,1,2,1,1,1,1,1,1,1,1,2,2,3,7,1,0,0,0,0,0,0,0,0,0,0,0,0,0,0,0,0,0,0,0,0,0,0,0,70,70,0,110,0,50,0,0,0,0,60,0,0,0,420,0,0,0,60,360,360,0,0,60,0,210,0,840,0,60,0,780,0,0,0,0,0,0,0,0,0,0,0,0,0,0,0,0,0,0,0,0,0,0,0,0,0,0,0,0,0,0,1,1,1.3333333333333333,1,1,2
20210301210685,3,1,1,35,1,100,1,2,1,1,1,1,1,1,1,2,2,2,2,7,1,150,0,150,0,0,150,0,0,0,0,0,0,0,0,0,0,0,0,0,0,0,0,0,60,60,0,65,0,55,5,5,0,0,0,0,0,0,45,0,0,0,0,30,45,15,15,0,0,30,0,485,0,50,0,435,0,65,5,30,0,30,0,0,0,0,5,30,0,0,0,0,0,0,0,0,0,0,0,0,570,0,0,30,540,0,3.3333333333333335,0,2.6666666666666665,1.6666666666666667,0,4
20210301210810,5,1,1,56,2,110,1,2,1,1,1,1,1,1,1,1,2,2,2,9,1,0,0,0,0,0,0,0,90,0,0,0,10,80,0,0,0,0,0,0,0,0,0,0,30,30,0,120,0,120,0,0,0,0,0,0,0,0,390,0,0,0,0,390,390,0,0,0,0,390,0,675,0,0,0,675,0,0,0,0,0,0,0,0,0,0,0,0,0,120,0,0,0,0,0,120,0,0,0,0,15,0,0,0,15,0,5,0,1.3333333333333333,0,0,5.666666666666667
20210301211003,3,1,1,57,1,100,1,2,1,1,1,1,1,1,1,2,2,2,1,5,1,0,0,0,0,0,0,0,0,0,0,0,0,0,0,0,0,0,0,0,0,0,0,0,60,60,0,30,0,0,0,0,0,0,30,0,0,0,315,0,0,0,0,315,315,0,0,0,0,315,0,510,0,60,0,450,0,30,0,10,0,0,0,0,0,0,0,20,0,0,0,0,0,0,0,0,0,0,0,0,495,0,0,0,495,0,3,0.3333333333333333,1.6666666666666667,2,0,2.3333333333333335
20210301211076,5,1,3,40,1,100,1,2,1,1,1,1,1,1,1,1,2,2,1,10,1,105,0,105,45,0,60,0,0,0,0,0,0,0,90,0,0,0,90,0,0,0,0,0,50,50,0,0,0,0,0,0,0,0,0,0,0,0,20,0,0,0,0,5,20,15,15,0,0,0,0,520,0,45,0,475,0,0,0,0,0,0,0,0,0,0,0,0,0,0,0,0,0,0,0,0,0,0,0,0,655,0,0,55,600,0,5.333333333333333,0,2,2.3333333333333335,0,6
20210301211106,3,1,1,55,1,100,1,2,1,1,1,1,1,1,1,1,2,2,2,8,1,0,0,0,0,0,0,0,0,0,0,0,0,0,0,0,0,0,0,0,0,0,0,0,35,35,0,320,0,0,0,0,300,0,0,0,20,0,511,0,0,0,0,511,511,0,0,0,0,511,0,540,0,10,0,530,0,34,0,12,0,0,0,0,0,0,0,22,0,0,0,0,0,0,0,0,0,0,0,0,0,0,0,0,0,0,5,0,3.6666666666666665,2,1.3333333333333333,5.333333333333333
20210301211116,5,1,2,36,1,100,1,3,1,1,1,1,1,1,1,1,2,2,2,7,1,0,0,0,0,0,0,0,0,0,0,0,0,0,0,0,0,0,0,0,0,0,0,0,170,120,50,0,0,0,0,0,0,0,0,0,0,0,179,0,0,0,0,179,179,0,0,0,0,59,0,660,0,60,0,600,0,0,0,0,0,0,0,0,0,0,0,0,0,0,0,0,0,0,0,0,0,0,0,0,431,0,0,71,360,0,6,0,4.333333333333333,2,0,5.666666666666667
20210301211121,6,1,2,42,1,100,1,1,1,1,1,1,1,1,1,2,2,2,2,7,1,0,0,0,0,0,0,0,0,0,0,0,0,0,0,0,0,0,0,0,0,0,0,0,75,75,0,585,0,0,0,0,0,0,0,0,0,585,210,0,0,0,0,210,210,0,0,0,0,210,0,570,0,60,0,510,0,0,0,0,0,0,0,0,0,0,0,0,0,0,0,0,0,0,0,0,0,0,0,0,0,0,0,0,0,0,4,1.3333333333333333,2.6666666666666665,1.6666666666666667,1,3.6666666666666665
20210301211154,5,1,2,31,2,100,6,2,1,1,1,1,1,1,1,1,1,2,1,8,1,0,0,0,0,0,0,0,0,0,0,0,0,0,0,0,0,0,0,0,0,0,0,0,195,195,0,0,0,0,0,0,0,0,0,0,0,0,285,0,0,0,0,90,195,105,105,0,90,90,0,960,0,90,0,810,60,0,0,0,0,0,0,0,0,0,0,0,0,0,0,0,0,0,0,0,0,0,0,0,0,0,0,0,0,0,5.333333333333333,0,1.3333333333333333,0,0,4
20210301211169,3,1,2,32,2,100,4,3,1,1,1,1,1,1,1,2,2,2,2,6,1,0,0,0,0,0,0,0,0,0,0,0,0,0,0,0,0,0,0,0,180,0,180,0,60,60,0,20,0,20,0,0,0,0,0,0,0,0,480,0,0,0,0,480,480,0,0,0,0,180,0,630,0,30,0,600,0,70,0,60,0,60,0,0,0,0,0,10,0,0,0,0,0,0,0,0,0,0,0,0,0,0,0,0,0,0,5,0,2.6666666666666665,1.3333333333333333,0,4
20210301211276,4,1,1,29,1,131,6,3,1,1,1,1,1,1,1,1,2,2,2,8,1,0,0,0,0,0,0,0,0,0,0,0,0,0,0,0,0,0,0,0,0,0,0,0,65,65,0,0,0,0,0,0,0,0,0,0,0,0,180,0,0,0,0,180,180,0,0,0,0,0,0,650,0,70,0,580,0,0,0,0,0,0,0,0,0,0,0,0,0,0,0,0,0,0,0,0,0,0,0,0,545,0,0,75,470,0,5.666666666666667,0,0.6666666666666666,0,0,4.333333333333333
20210301211280,5,1,2,28,1,100,1,4,1,1,1,1,1,1,1,3,2,1,2,10,1,0,0,0,0,0,0,0,0,0,0,0,0,0,0,0,0,0,0,0,0,0,0,0,30,30,0,22,0,22,0,0,0,0,0,0,0,0,260,0,0,0,0,260,260,0,0,0,0,260,0,455,0,35,0,420,0,0,0,0,0,0,0,0,0,0,0,0,0,0,0,0,0,0,0,0,0,0,0,0,673,0,0,170,503,0,3.6666666666666665,0,4,3,4,3.6666666666666665
20210301211354,4,1,2,30,1,100,1,1,1,1,1,1,1,1,1,1,2,2,2,8,1,60,0,60,0,0,60,0,0,0,0,0,0,0,0,0,0,0,0,0,0,0,0,0,75,75,0,615,0,275,0,0,30,0,0,0,0,310,0,0,0,0,0,0,0,0,0,0,0,0,10,660,0,25,0,635,0,20,0,5,0,0,0,0,0,0,0,15,0,0,0,0,0,0,0,0,0,0,0,0,0,0,0,0,0,0,4,0,0,0,0,3.6666666666666665
20210301211481,3,1,1,29,2,211,1,2,1,1,1,1,1,1,1,3,2,2,2,5,1,175,0,160,0,0,160,15,0,0,0,0,0,0,0,0,0,0,0,0,0,0,0,0,85,85,0,75,0,75,0,0,0,0,0,0,0,0,265,0,0,0,0,265,265,0,0,0,0,265,0,750,0,15,0,735,0,90,0,60,0,0,0,0,0,0,0,30,0,0,0,0,0,0,0,0,0,0,0,0,0,0,0,0,0,0,3.6666666666666665,0,3.3333333333333335,0.6666666666666666,0,2
20210301211557,4,1,2,52,1,100,1,3,1,1,1,1,1,1,1,2,2,2,2,8,1,0,0,0,0,0,0,0,0,0,0,0,0,0,0,0,0,0,0,0,0,0,0,0,70,70,0,171,0,80,0,90,0,0,1,0,0,0,90,0,0,0,0,30,90,60,60,0,0,30,0,630,0,30,1,599,0,0,0,0,0,0,0,0,0,0,0,0,0,0,0,0,0,0,0,0,0,0,0,0,479,0,0,0,479,0,0.3333333333333333,0.3333333333333333,2.3333333333333335,0.6666666666666666,0,0
20210301211580,3,1,2,38,2,110,6,3,1,1,1,1,1,1,1,1,2,2,1,2,1,10,0,10,0,0,10,0,0,0,0,0,0,0,0,0,0,0,0,0,0,0,0,0,50,50,0,100,0,10,0,90,0,0,0,0,0,0,550,0,0,0,0,550,550,0,0,0,0,90,110,620,0,0,0,620,0,0,0,0,0,0,0,0,0,0,0,0,0,0,0,0,0,0,0,0,0,0,0,0,0,0,0,0,0,0,4,0,2,0,0,3
20210301211730,5,1,3,31,2,100,1,4,1,1,1,1,1,1,1,2,2,2,2,8,1,605,0,590,0,0,590,15,0,0,0,0,0,0,0,0,0,0,0,0,0,0,0,0,115,100,15,210,0,150,0,60,0,0,0,0,0,0,0,0,0,0,0,0,0,0,0,0,0,0,0,475,0,95,0,380,0,35,0,20,0,0,0,0,0,0,0,15,0,0,0,0,0,0,0,0,0,0,0,0,0,0,0,0,0,0,5.666666666666667,0,0,0,0.6666666666666666,6
20210301211737,3,1,1,49,1,100,1,2,1,1,1,1,1,1,1,1,2,2,2,10,1,0,0,0,0,0,0,0,0,0,0,0,0,0,0,0,0,0,0,0,0,0,0,0,30,30,0,0,0,0,0,0,0,0,0,0,0,0,300,0,0,0,0,300,300,0,0,0,0,120,0,390,0,0,0,390,0,0,0,0,0,0,0,0,0,0,0,0,0,0,0,0,0,0,0,0,0,0,0,0,720,0,0,0,720,0,5.333333333333333,0,2.3333333333333335,2,1,5.666666666666667
20210301211742,4,1,2,34,2,100,1,3,1,1,1,1,1,1,1,2,2,2,2,8,1,130,0,130,0,0,130,0,0,0,0,0,0,0,0,0,0,0,0,0,240,0,240,0,120,120,0,120,0,0,0,120,0,0,0,0,0,0,220,0,0,0,0,158,196,38,38,0,24,158,0,470,0,20,0,450,0,10,0,10,0,0,0,0,0,0,0,0,0,130,0,0,0,0,0,130,0,0,0,0,0,0,0,0,0,0,4,0,2,1,0,4.666666666666667
20210301211916,4,1,2,43,1,100,1,2,1,1,1,1,1,1,1,2,2,2,3,10,1,5,0,5,0,0,5,0,0,0,0,0,0,0,0,0,0,0,0,0,0,0,0,0,125,120,5,45,0,45,0,0,0,0,0,0,0,0,220,0,0,0,0,190,220,30,30,0,0,145,0,530,0,20,0,510,0,0,0,0,0,0,0,0,0,0,0,0,0,0,0,0,0,0,0,0,0,0,0,0,515,15,0,15,485,0,4,0,2.3333333333333335,3.6666666666666665,0,4
20210301211995,5,1,3,45,2,100,1,3,1,1,1,1,1,1,1,2,2,2,3,5,1,152,1,135,0,0,135,16,0,0,0,0,0,0,0,0,0,0,0,0,0,0,0,0,120,120,0,135,0,135,0,0,0,0,0,0,0,0,280,0,168,0,0,108,276,168,0,0,4,18,0,753,0,5,0,748,0,0,0,0,0,0,0,0,0,0,0,0,0,0,0,0,0,0,0,0,0,0,0,0,0,0,0,0,0,0,3.6666666666666665,0,1.3333333333333333,0.6666666666666666,0,3
20210301212065,6,1,3,63,2,110,4,2,1,1,1,1,1,1,1,1,1,2,1,8,1,80,0,50,0,20,30,30,0,0,0,0,0,0,0,0,0,0,0,0,0,0,0,0,15,15,0,150,0,30,0,0,0,120,0,0,0,0,0,0,0,0,0,0,0,0,0,0,0,0,55,680,0,75,0,605,0,65,0,45,0,45,0,0,0,0,0,20,0,0,0,0,0,0,0,0,0,0,0,0,395,0,0,60,335,0,5.333333333333333,0,3,0.6666666666666666,0,5.666666666666667
20210301212086,6,1,4,28,2,100,1,3,1,1,1,1,1,1,1,1,2,2,2,10,1,30,0,30,0,0,30,0,0,0,0,0,0,0,0,0,0,0,0,0,0,0,0,0,150,150,0,430,0,120,0,180,0,130,0,0,0,0,180,0,0,0,0,180,180,0,0,0,0,180,0,650,0,80,0,570,0,0,0,0,0,0,0,0,0,0,0,0,0,0,0,0,0,0,0,0,0,0,0,0,0,0,0,0,0,0,6,0,0,0,0,6
20210301212155,5,1,3,35,1,100,1,2,1,1,1,1,1,1,1,1,2,2,2,6,1,85,0,55,0,0,55,30,0,0,0,0,0,0,0,0,0,0,0,0,0,0,0,0,90,90,0,0,0,0,0,0,0,0,0,0,0,0,335,0,0,0,0,335,335,0,0,0,0,245,0,400,0,40,0,360,0,25,0,5,0,0,0,0,0,0,0,20,0,0,0,0,0,0,0,0,0,0,0,0,505,0,0,20,485,0,6,0,0.6666666666666666,0.6666666666666666,1.3333333333333333,5.666666666666667
20210301212178,3,1,1,61,1,100,3,2,1,1,1,1,1,1,1,1,2,2,2,6,1,0,0,0,0,0,0,0,115,0,0,0,115,0,0,0,0,0,0,0,0,0,0,0,60,60,0,30,0,30,0,0,0,0,0,0,0,0,195,0,0,0,0,195,195,0,0,0,0,150,0,435,0,15,0,420,0,0,0,0,0,0,0,0,0,0,0,0,0,0,0,0,0,0,0,0,0,0,0,0,605,0,0,125,480,0,4.333333333333333,0,1.3333333333333333,1.6666666666666667,0,5.666666666666667
20210301212179,4,1,2,43,2,100,1,4,1,1,1,1,1,1,1,3,2,1,2,7,1,0,0,0,0,0,0,0,0,0,0,0,0,0,0,0,0,0,0,0,0,0,0,0,30,30,0,10,0,10,0,0,0,0,0,0,0,0,387,0,0,0,0,387,387,0,0,0,0,240,0,690,0,0,0,690,0,0,0,0,0,0,0,0,0,0,0,0,0,0,0,0,0,0,0,0,0,0,0,0,323,0,0,0,323,0,5.333333333333333,0,6,4.333333333333333,0,4
20210301212237,5,1,1,48,2,100,1,2,1,1,1,1,1,1,1,1,2,2,1,9,1,0,0,0,0,0,0,0,0,0,0,0,0,0,0,0,0,0,0,0,0,0,0,0,60,60,0,780,0,480,0,300,0,0,0,0,0,0,60,0,0,0,0,60,60,0,0,0,0,60,0,540,0,0,0,540,0,0,0,0,0,0,0,0,0,0,0,0,0,0,0,0,0,0,0,0,0,0,0,0,0,0,0,0,0,0,6,0,2.3333333333333335,0,0,6
20210301212294,3,1,1,39,2,100,1,3,1,1,1,1,1,1,1,4,1,2,2,7,1,0,0,0,0,0,0,0,0,0,0,0,0,0,0,0,0,0,0,0,0,0,0,0,50,50,0,15,0,0,0,15,0,0,0,0,0,0,535,0,0,0,0,535,535,0,0,0,0,535,0,720,0,0,0,720,0,120,0,60,0,60,0,0,0,0,0,60,0,0,0,0,0,0,0,0,0,0,0,0,0,0,0,0,0,0,4,0,4,0,0,4.5
20210301212328,5,1,2,41,2,100,1,3,1,1,1,1,1,1,1,1,2,2,1,10,1,0,0,0,0,0,0,0,0,0,0,0,0,0,0,0,0,0,0,0,0,0,0,0,60,60,0,566,0,60,0,56,0,450,0,0,0,0,120,0,0,0,0,120,120,0,0,0,0,120,0,694,0,0,0,694,0,0,0,0,0,0,0,0,0,0,0,0,0,0,0,0,0,0,0,0,0,0,0,0,0,0,0,0,0,0,6,0,4.666666666666667,0,2,6
20210302210004,4,1,2,47,2,100,1,2,1,1,1,1,1,1,1,3,2,2,2,7,1,40,0,40,15,0,25,0,0,0,0,0,0,0,0,0,0,0,0,0,0,0,0,0,70,70,0,55,0,55,0,0,0,0,0,0,0,0,115,0,0,0,0,115,115,0,0,0,0,0,95,405,0,45,0,360,0,0,0,0,0,0,0,0,0,0,0,0,0,0,0,0,0,0,0,0,0,0,0,0,660,0,0,0,660,0,3.3333333333333335,0,2.6666666666666665,2,0,3.6666666666666665
20210302210007,4,1,2,49,2,100,6,2,1,1,1,1,1,1,1,4,2,2,3,7,1,5,0,5,0,0,5,0,0,0,0,0,0,0,45,45,45,0,0,0,0,0,0,0,55,55,0,95,0,65,0,10,0,0,20,0,0,0,298,0,0,0,25,70,263,193,193,25,10,55,0,515,0,15,20,480,0,66,5,0,0,0,5,0,0,0,10,56,0,0,0,0,0,0,0,0,0,0,0,0,361,0,0,25,336,0,0.3333333333333333,2,2.6666666666666665,3.6666666666666665,0.6666666666666666,1.3333333333333333
20210302210015,5,1,3,33,1,100,1,5,1,1,1,1,1,1,1,3,2,1,2,5,1,65,20,45,0,0,45,0,31,1,0,1,0,30,0,0,0,0,0,0,0,0,0,0,110,90,20,60,0,0,10,50,0,0,0,0,0,0,489,0,0,0,185,279,279,0,0,185,25,129,50,530,0,80,0,450,0,85,0,60,0,60,0,0,0,0,0,25,0,0,0,0,0,0,0,0,0,0,0,0,20,0,0,0,20,0,3,0,0,0,0,2.6666666666666665
20210302210034,4,1,2,40,1,100,1,3,1,1,1,1,1,1,1,2,2,2,2,9,1,121,0,101,0,0,101,20,0,0,0,0,0,0,0,0,0,0,0,0,0,0,0,0,50,50,0,70,0,70,0,0,0,0,0,0,0,0,179,0,0,0,0,105,179,74,74,0,0,90,0,480,0,45,0,435,0,0,0,0,0,0,0,0,0,0,0,0,0,0,0,0,0,0,0,0,0,0,0,0,540,0,0,50,490,0,5.666666666666667,0,3.6666666666666665,0,0,5.333333333333333
20210302210038,4,1,2,31,1,100,6,2,1,1,1,1,1,1,1,1,2,2,2,10,1,0,0,0,0,0,0,0,0,0,0,0,0,0,0,0,0,0,0,0,0,0,0,0,45,45,0,0,0,0,0,0,0,0,0,0,0,0,160,0,0,0,120,30,30,0,0,120,10,0,0,530,0,80,0,450,0,0,0,0,0,0,0,0,0,0,0,0,0,0,0,0,0,0,0,0,0,0,0,0,705,0,0,240,465,0,0,0,0.3333333333333333,0,0,6
20210302210098,5,1,1,18,2,100,6,4,1,1,1,1,1,1,1,1,2,2,1,9,1,0,0,0,0,0,0,0,0,0,0,0,0,0,0,0,0,0,0,0,0,0,0,0,50,50,0,150,0,150,0,0,0,0,0,0,0,0,300,0,0,0,0,300,300,0,0,0,0,300,0,865,0,0,0,865,0,75,0,35,0,35,0,0,0,0,0,40,0,0,0,0,0,0,0,0,0,0,0,0,0,0,0,0,0,0,5,0,0.3333333333333333,0.3333333333333333,1,3.6666666666666665
20210302210134,3,1,1,19,2,100,6,1,1,1,1,1,1,1,1,1,2,2,3,8,1,0,0,0,0,0,0,0,0,0,0,0,0,0,0,0,0,0,0,0,300,0,300,0,75,75,0,123,0,0,0,118,0,0,0,0,5,0,200,0,0,0,0,180,200,20,20,0,0,180,0,707,0,65,0,642,0,35,0,30,0,0,0,0,0,0,0,5,0,0,0,0,0,0,0,0,0,0,0,0,0,0,0,0,0,0,4.666666666666667,0.3333333333333333,2,4.333333333333333,0,3
20210302210204,4,1,1,21,1,131,6,1,1,1,1,1,1,1,1,3,2,2,1,8,1,0,0,0,0,0,0,0,375,360,0,360,0,15,0,0,0,0,0,0,0,0,0,0,50,50,0,0,0,0,0,0,0,0,0,0,0,0,395,0,0,0,0,330,390,60,60,0,5,155,0,600,0,0,0,600,0,20,0,10,0,0,0,0,0,0,0,10,0,0,0,0,0,0,0,0,0,0,0,0,0,0,0,0,0,0,4,0,3.3333333333333335,1,0.6666666666666666,5.333333333333333
20210302210208,4,1,2,25,2,200,6,2,1,1,1,1,1,1,1,2,2,1,2,6,1,65,0,65,0,0,65,0,0,0,0,0,0,0,0,0,0,0,0,0,0,0,0,0,165,120,45,245,0,135,40,30,10,0,0,0,30,0,380,0,160,0,0,205,380,175,15,0,0,175,0,585,0,60,0,525,0,0,0,0,0,0,0,0,0,0,0,0,0,0,0,0,0,0,0,0,0,0,0,0,0,0,0,0,0,0,2.6666666666666665,0,5,1.6666666666666667,0,0.6666666666666666
20210302210213,3,1,2,24,2,110,5,2,1,1,1,1,1,1,1,2,2,2,1,10,1,660,0,660,0,0,660,0,0,0,0,0,0,0,0,0,0,0,0,0,0,0,0,0,30,30,0,210,0,60,0,150,0,0,0,0,0,0,160,0,0,0,0,40,160,120,120,0,0,40,0,380,0,30,0,350,0,0,0,0,0,0,0,0,0,0,0,0,0,0,0,0,0,0,0,0,0,0,0,0,0,0,0,0,0,0,6,0,1,0,0,6
20210302210299,5,1,1,19,2,100,6,3,1,1,1,1,1,1,1,2,2,2,2,7,1,0,0,0,0,0,0,0,0,0,0,0,0,0,0,0,0,0,0,0,0,0,0,0,74,74,0,0,0,0,0,0,0,0,0,0,0,0,20,0,0,0,0,20,20,0,0,0,0,0,0,760,0,105,0,655,0,0,0,0,0,0,0,0,0,0,0,0,0,0,0,0,0,0,0,0,0,0,0,0,586,0,0,60,526,0,6,0,4.5,0,4,5
20210302210311,3,1,1,21,2,100,6,4,1,1,1,1,1,1,1,1,2,1,2,5,1,0,0,0,0,0,0,0,0,0,0,0,0,0,0,0,0,0,0,0,0,0,0,0,60,60,0,210,0,0,0,210,0,0,0,0,0,0,420,0,0,0,0,420,420,0,0,0,0,420,0,750,0,30,0,720,0,0,0,0,0,0,0,0,0,0,0,0,0,0,0,0,0,0,0,0,0,0,0,0,0,0,0,0,0,0,6,0,1.3333333333333333,0,0,5.333333333333333
20210302210313,4,1,1,18,1,100,6,3,1,1,1,1,1,1,1,1,2,2,1,7,0,0,0,0,0,0,0,0,104,89,0,89,0,15,0,0,0,0,0,0,285,200,60,25,10,10,0,0,0,0,0,0,0,0,0,0,0,0,463,0,0,0,0,410,463,53,53,0,0,320,0,535,0,0,0,535,0,0,0,0,0,0,0,0,0,0,0,0,0,0,0,0,0,0,0,0,0,0,0,0,43,1,20,22,0,0,5.333333333333333,0,2,0.6666666666666666,0,6
20210302210317,8,1,5,18,1,100,6,1,1,1,1,1,1,1,1,1,2,2,1,2,1,0,0,0,0,0,0,0,0,0,0,0,0,0,0,0,0,0,0,0,60,0,0,0,60,60,0,0,0,0,0,0,0,0,0,0,0,0,720,0,0,0,120,120,600,480,480,120,0,0,0,600,0,30,0,570,0,0,0,0,0,0,0,0,0,0,0,0,0,0,0,0,0,0,0,0,0,0,0,0,0,0,0,0,0,0,4,3,1.5,1.5,0,4
20210302210332,5,1,1,19,2,100,6,3,1,1,1,1,1,1,1,3,1,1,1,7,1,0,0,0,0,0,0,0,0,0,0,0,0,0,0,0,0,0,0,0,180,135,45,0,100,100,0,32,0,0,11,15,0,0,0,0,6,0,523,0,0,0,180,128,313,185,185,180,30,113,63,495,0,105,0,390,0,47,0,5,0,0,10,0,0,0,10,32,0,0,0,0,0,0,0,0,0,0,0,0,0,0,0,0,0,0,4.666666666666667,1.3333333333333333,3.6666666666666665,2.6666666666666665,0,3.3333333333333335
20210302210505,6,1,3,37,2,100,1,4,2,1,2,1,1,1,1,3,2,2,3,8,1,395,0,290,125,0,165,105,0,0,0,0,0,0,45,0,0,0,45,0,0,0,0,0,20,20,0,45,0,30,0,15,0,0,0,0,0,0,300,0,0,0,0,300,300,0,0,0,0,0,20,525,0,60,15,450,0,90,0,60,0,60,0,0,0,0,0,30,0,0,0,0,0,0,0,0,0,0,0,0,0,0,0,0,0,0,4.666666666666667,0,4,3.6666666666666665,2.6666666666666665,6
20210302210508,2,1,1,45,2,100,4,3,1,1,1,1,1,1,1,2,1,2,2,8,1,0,0,0,0,0,0,0,0,0,0,0,0,0,0,0,0,0,0,0,0,0,0,0,30,30,0,0,0,0,0,0,0,0,0,0,0,0,70,0,0,0,0,70,70,0,0,0,0,70,0,570,0,75,0,495,0,35,0,5,0,0,0,0,0,0,0,30,0,0,0,0,0,0,0,0,0,0,0,0,735,0,0,30,705,0,1.3333333333333333,0,3,2,0,2
20210302210548,5,1,1,48,2,100,1,3,1,1,1,1,1,1,1,2,2,2,2,7,1,0,0,0,0,0,0,0,0,0,0,0,0,0,0,0,0,0,0,0,0,0,0,0,20,20,0,50,0,45,0,0,0,0,5,0,0,0,165,0,0,0,0,165,165,0,0,0,0,165,0,585,0,0,0,585,0,0,0,0,0,0,0,0,0,0,0,0,0,0,0,0,0,0,0,0,0,0,0,0,620,0,0,0,620,0,2,2.3333333333333335,4,4,2.3333333333333335,2.3333333333333335
20210302210553,4,1,2,50,1,100,1,4,1,1,1,1,1,1,1,2,1,1,1,8,1,0,0,0,0,0,0,0,0,0,0,0,0,0,0,0,0,0,0,0,0,0,0,0,50,50,0,0,0,0,0,0,0,0,0,0,0,0,914,0,0,0,270,644,644,0,0,270,0,60,0,431,0,0,0,431,0,0,0,0,0,0,0,0,0,0,0,0,0,0,0,0,0,0,0,0,0,0,0,0,45,0,0,0,45,0,6,0,0,0,4.5,6
20210302210563,3,1,1,40,1,100,4,1,1,1,1,1,1,1,1,1,2,2,2,8,1,0,0,0,0,0,0,0,0,0,0,0,0,0,0,0,0,0,0,0,0,0,0,0,80,80,0,165,0,45,0,0,120,0,0,0,0,0,535,0,0,0,0,255,505,250,250,0,30,255,0,660,0,0,0,660,0,0,0,0,0,0,0,0,0,0,0,0,0,0,0,0,0,0,0,0,0,0,0,0,0,0,0,0,0,0,6,0,0,0,0,4
20210302210589,3,1,1,36,2,201,1,3,1,1,1,1,1,1,1,3,1,2,2,8,1,100,30,20,0,0,20,50,0,0,0,0,0,0,0,0,0,0,0,0,0,0,0,0,80,50,30,235,0,0,110,0,0,0,60,0,65,0,217,0,0,0,77,30,30,0,0,77,110,0,0,515,0,15,0,480,20,113,0,85,0,0,0,0,0,0,0,28,0,0,0,0,0,0,0,0,0,0,0,0,180,0,0,120,60,0,6,4,6,4.666666666666667,5,4
20210302210595,3,1,1,34,2,131,4,2,1,1,1,1,1,1,1,1,2,2,2,5,1,195,0,135,0,0,135,60,0,0,0,0,0,0,0,0,0,0,0,0,0,0,0,0,120,120,0,60,0,15,0,30,0,0,15,0,0,0,320,0,0,0,105,205,205,0,0,105,10,45,0,625,0,60,0,565,0,0,0,0,0,0,0,0,0,0,0,0,0,0,0,0,0,0,0,0,0,0,0,0,120,0,120,0,0,0,5,0,2.6666666666666665,0.3333333333333333,0.3333333333333333,4.333333333333333
20210302210603,5,1,1,57,1,100,1,4,1,1,1,1,1,1,1,3,2,2,2,1,1,0,0,0,0,0,0,0,0,0,0,0,0,0,0,0,0,0,0,0,0,0,0,0,90,90,0,0,0,0,0,0,0,0,0,0,0,0,430,0,0,0,0,190,390,200,200,0,40,100,43,470,0,110,0,360,0,43,0,7,0,0,0,0,0,0,0,36,0,30,0,0,0,0,0,30,0,0,0,0,334,0,244,90,0,0,1.6666666666666667,4.333333333333333,4.333333333333333,5.333333333333333,2,2
20210302210621,4,1,2,36,1,100,1,3,1,1,1,1,1,1,1,2,1,2,1,5,1,0,0,0,0,0,0,0,0,0,0,0,0,0,0,0,0,0,0,0,0,0,0,0,30,30,0,75,0,75,0,0,0,0,0,0,0,0,615,0,0,0,480,135,135,0,0,480,0,135,0,480,0,0,0,480,0,0,0,0,0,0,0,0,0,0,0,0,0,0,0,0,0,0,0,0,0,0,0,0,240,0,0,0,240,0,3,0,3,0.6666666666666666,0,4
20210302210632,3,1,1,40,1,100,6,3,1,1,1,1,1,1,1,1,2,1,2,7,1,5,5,0,0,0,0,0,0,0,0,0,0,0,0,0,0,0,0,0,0,0,0,0,30,30,0,30,0,0,0,30,0,0,0,0,0,0,0,0,0,0,0,0,0,0,0,0,0,0,0,610,0,50,0,560,0,110,0,90,0,90,0,0,0,0,0,20,0,0,0,0,0,0,0,0,0,0,0,0,655,0,0,65,590,0,4.666666666666667,0,2,1.6666666666666667,3,4.666666666666667
20210302210635,2,1,1,56,1,100,6,4,1,1,1,1,1,1,1,1,2,2,2,8,1,30,0,30,0,0,30,0,0,0,0,0,0,0,0,0,0,0,0,0,0,0,0,0,27,27,0,97,0,91,5,0,0,0,1,0,0,0,262,0,0,0,0,262,262,0,0,0,0,150,0,556,0,51,0,505,0,8,5,0,0,0,0,0,0,0,5,3,0,0,0,0,0,0,0,0,0,0,0,0,460,0,0,1,459,0,4.5,0,1,0.5,0,3
20210302210649,3,1,1,41,2,100,1,3,1,1,1,1,1,1,1,2,2,2,2,9,1,30,0,30,0,0,30,0,0,0,0,0,0,0,60,60,60,0,0,0,0,0,0,0,100,100,0,515,425,0,0,90,0,0,0,0,0,0,0,0,0,0,0,0,0,0,0,0,0,0,0,735,0,30,0,705,0,0,0,0,0,0,0,0,0,0,0,0,0,0,0,0,0,0,0,0,0,0,0,0,0,0,0,0,0,0,2.6666666666666665,0,1.6666666666666667,0.6666666666666666,0.3333333333333333,2
20210302210653,5,1,3,35,2,100,1,2,1,1,1,1,1,1,1,2,2,2,2,8,1,180,0,160,0,0,160,20,0,0,0,0,0,0,15,15,15,0,0,0,0,0,0,0,62,62,0,83,0,35,0,20,0,0,28,0,0,0,30,0,0,0,0,30,30,0,0,0,0,15,10,555,0,10,0,545,0,0,0,0,0,0,0,0,0,0,0,0,0,0,0,0,0,0,0,0,0,0,0,0,505,0,0,0,505,0,4.333333333333333,0,3,0.6666666666666666,0,4.333333333333333
20210302210661,3,1,1,65,1,110,1,1,1,1,1,1,1,1,1,1,1,2,2,9,1,10,0,10,0,0,10,0,0,0,0,0,0,0,0,0,0,0,0,0,0,0,0,0,25,25,0,15,0,15,0,0,0,0,0,0,0,0,215,0,0,0,0,215,215,0,0,0,0,185,0,450,0,30,0,420,0,0,0,0,0,0,0,0,0,0,0,0,0,0,0,0,0,0,0,0,0,0,0,0,725,0,0,65,660,0,5.666666666666667,0,0.6666666666666666,0,0,6
20210302210671,5,1,3,56,2,110,4,3,2,1,1,2,1,1,1,1,2,2,1,10,1,122,0,82,0,0,82,40,87,0,0,0,80,7,0,0,0,0,0,0,0,0,0,0,17,17,0,351,0,230,34,32,0,0,0,45,10,0,135,0,0,0,15,120,120,0,0,15,0,120,47,450,0,110,0,330,10,231,2,130,0,125,0,5,0,0,2,94,0,0,0,0,0,0,0,0,0,0,0,0,0,0,0,0,0,0,6,2,4,0,0,6
20210302210675,3,1,1,30,1,100,1,3,1,1,1,1,1,1,1,3,2,2,2,7,1,80,0,60,0,0,60,20,0,0,0,0,0,0,0,0,0,0,0,0,0,0,0,0,25,25,0,50,0,45,0,0,0,0,4,0,0,1,175,0,0,0,75,100,100,0,0,75,0,100,0,695,0,35,0,660,0,0,0,0,0,0,0,0,0,0,0,0,0,0,0,0,0,0,0,0,0,0,0,0,415,0,0,25,390,0,6,0,0.6666666666666666,0,0,6
20210302210676,7,1,5,50,1,100,2,3,1,1,1,1,1,1,1,4,2,2,2,4,1,0,0,0,0,0,0,0,0,0,0,0,0,0,0,0,0,0,0,0,0,0,0,0,45,45,0,0,0,0,0,0,0,0,0,0,0,0,60,0,0,0,0,60,60,0,0,0,0,60,0,690,0,90,0,540,60,645,0,585,0,0,0,0,0,0,0,60,0,0,0,0,0,0,0,0,0,0,0,0,0,0,0,0,0,0,5,2.3333333333333335,5,3.6666666666666665,4.666666666666667,0
20210302210683,4,1,2,46,1,100,1,2,1,1,1,1,1,1,1,3,2,1,2,6,1,205,0,180,0,0,180,25,0,0,0,0,0,0,0,0,0,0,0,0,0,0,0,0,60,60,0,0,0,0,0,0,0,0,0,0,0,0,25,0,0,0,0,25,25,0,0,0,0,25,0,600,0,60,0,540,0,0,0,0,0,0,0,0,0,0,0,0,0,0,0,0,0,0,0,0,0,0,0,0,550,0,0,35,515,0,3,3,4,4,0,2.6666666666666665
20210302210690,5,1,3,39,2,100,1,2,1,1,1,1,1,1,1,2,2,1,1,8,1,84,0,40,0,0,40,44,0,0,0,0,0,0,0,0,0,0,0,0,0,0,0,0,40,40,0,364,0,40,0,120,0,120,0,84,0,0,210,0,0,0,0,210,210,0,0,0,0,210,10,620,0,5,1,614,0,112,0,91,0,0,0,0,0,0,0,21,0,0,0,0,0,0,0,0,0,0,0,0,0,0,0,0,0,0,4.666666666666667,0,0,0.6666666666666666,0,3.3333333333333335
20210302210703,4,1,1,52,2,131,1,3,1,1,1,1,1,1,1,2,1,2,2,10,1,1,0,1,0,0,1,0,0,0,0,0,0,0,0,0,0,0,0,0,0,0,0,0,40,40,0,419,0,225,0,194,0,0,0,0,0,0,510,0,0,0,150,360,360,0,0,150,0,120,0,470,0,40,0,430,0,0,0,0,0,0,0,0,0,0,0,0,0,0,0,0,0,0,0,0,0,0,0,0,0,0,0,0,0,0,5.333333333333333,0,2.6666666666666665,0,0,5.333333333333333
20210302210705,4,1,2,35,2,100,1,2,1,1,1,1,1,1,1,4,2,2,3,7,1,270,0,270,0,0,270,0,0,0,0,0,0,0,0,0,0,0,0,0,0,0,0,0,50,50,0,10,0,10,0,0,0,0,0,0,0,0,160,0,0,0,0,145,160,15,15,0,0,145,0,320,0,45,0,275,0,0,0,0,0,0,0,0,0,0,0,0,0,0,0,0,0,0,0,0,0,0,0,0,630,0,0,0,630,0,3,0.3333333333333333,3.6666666666666665,2,0,3.6666666666666665
20210302210708,2,1,1,50,2,110,4,3,1,1,1,1,1,1,1,1,1,2,2,6,1,40,0,20,0,0,20,20,0,0,0,0,0,0,0,0,0,0,0,0,0,0,0,0,125,125,0,145,0,135,0,10,0,0,0,0,0,0,75,0,0,0,0,75,75,0,0,0,0,0,0,495,0,75,0,420,0,20,0,10,0,0,0,0,0,0,0,10,0,60,0,0,0,0,0,60,0,0,0,0,480,0,0,0,480,0,5,0,1.3333333333333333,1.3333333333333333,0,6
20210302210748,4,1,1,60,1,100,1,3,1,1,1,1,1,1,1,3,2,2,2,6,1,0,0,0,0,0,0,0,0,0,0,0,0,0,0,0,0,0,0,0,0,0,0,0,150,150,0,330,0,60,270,0,0,0,0,0,0,0,300,0,0,0,0,300,300,0,0,0,0,270,0,660,0,0,0,660,0,0,0,0,0,0,0,0,0,0,0,0,0,0,0,0,0,0,0,0,0,0,0,0,0,0,0,0,0,0,3.6666666666666665,0,3,1,0,4.333333333333333
20210302210749,5,1,3,37,1,100,1,2,1,1,1,1,1,1,1,2,1,2,2,7,1,30,0,30,30,0,0,0,0,0,0,0,0,0,0,0,0,0,0,0,0,0,0,0,20,20,0,40,0,40,0,0,0,0,0,0,0,0,80,0,0,0,0,80,80,0,0,0,0,60,60,585,0,20,0,565,0,0,0,0,0,0,0,0,0,0,0,0,0,0,0,0,0,0,0,0,0,0,0,0,625,0,0,40,585,0,3,0,3,0,0,2.3333333333333335
20210302210753,3,1,1,39,2,100,1,3,1,1,1,1,1,1,1,4,2,2,2,7,1,80,0,70,0,0,70,10,0,0,0,0,0,0,0,0,0,0,0,0,0,0,0,0,45,45,0,80,0,15,30,15,0,0,20,0,0,0,118,0,0,0,0,118,118,0,0,0,0,88,64,525,0,30,0,495,0,208,0,3,0,0,150,0,0,0,150,55,0,0,0,0,0,0,0,0,0,0,0,0,320,0,0,35,270,15,5.333333333333333,0,5.666666666666667,0.6666666666666666,0,6
20210302210783,5,1,4,32,2,100,6,4,1,1,1,1,1,1,1,1,2,2,2,5,1,81,0,51,0,0,51,30,25,0,0,0,5,20,0,0,0,0,0,0,0,0,0,0,85,60,25,115,0,35,0,80,0,0,0,0,0,0,565,0,0,0,0,460,535,75,75,0,30,460,94,455,0,5,0,450,0,20,0,15,0,0,0,0,0,0,0,5,0,0,0,0,0,0,0,0,0,0,0,0,0,0,0,0,0,0,5.333333333333333,0,1.6666666666666667,0,2.6666666666666665,2.3333333333333335
20210302210821,4,1,2,42,1,110,1,4,1,1,1,1,1,1,1,3,2,2,1,8,1,300,0,240,0,0,240,60,0,0,0,0,0,0,0,0,0,0,0,0,0,0,0,0,45,45,0,30,0,30,0,0,0,0,0,0,0,0,170,0,0,0,0,170,170,0,0,0,0,170,0,570,0,0,0,570,0,70,0,60,0,60,0,0,0,0,0,10,0,0,0,0,0,0,0,0,0,0,0,0,255,0,0,0,255,0,6,0,4.333333333333333,0,0.3333333333333333,6
20210302210837,4,1,2,42,2,100,1,2,1,1,1,1,1,1,1,2,2,2,2,9,1,210,0,165,0,0,165,45,0,0,0,0,0,0,0,0,0,0,0,0,0,0,0,0,70,70,0,90,0,60,0,30,0,0,0,0,0,0,90,0,0,0,0,90,90,0,0,0,0,60,0,475,0,55,0,420,0,0,0,0,0,0,0,0,0,0,0,0,0,0,0,0,0,0,0,0,0,0,0,0,505,0,0,35,470,0,4,0,4.666666666666667,1.6666666666666667,0,2.3333333333333335
20210302210899,4,1,2,33,2,100,4,4,1,1,1,1,1,1,1,2,2,2,3,8,1,399,0,399,0,74,325,0,0,0,0,0,0,0,0,0,0,0,0,0,0,0,0,0,110,110,0,502,0,452,10,25,0,0,0,15,0,0,55,0,0,0,0,55,55,0,0,0,0,0,0,374,0,35,0,339,0,0,0,0,0,0,0,0,0,0,0,0,0,0,0,0,0,0,0,0,0,0,0,0,0,0,0,0,0,0,2,1.3333333333333333,4.333333333333333,2,0.6666666666666666,5.666666666666667
20210302210902,5,1,3,30,2,100,1,1,1,1,1,1,1,1,1,2,2,2,1,8,1,225,0,205,0,0,205,20,0,0,0,0,0,0,0,0,0,0,0,0,0,0,0,0,5,5,0,145,0,120,0,25,0,0,0,0,0,0,385,0,0,0,25,255,360,105,105,25,0,90,155,525,0,15,0,510,0,0,0,0,0,0,0,0,0,0,0,0,0,0,0,0,0,0,0,0,0,0,0,0,0,0,0,0,0,0,5,0,1.6666666666666667,1,0,3
20210302210916,2,1,1,40,2,110,6,3,1,1,1,1,1,1,1,2,1,2,2,6,1,99,0,98,5,0,93,1,0,0,0,0,0,0,33,6,5,1,17,10,0,0,0,0,12,12,0,33,0,13,4,16,0,0,0,0,0,0,160,0,0,0,0,142,160,18,18,0,0,103,11,562,0,141,0,421,0,0,0,0,0,0,0,0,0,0,0,0,0,0,0,0,0,0,0,0,0,0,0,0,530,0,0,55,475,0,4.333333333333333,0.3333333333333333,1,1.6666666666666667,1,3
20210302210934,5,1,3,46,1,100,1,1,1,1,1,1,1,1,1,2,2,2,3,10,1,60,0,60,0,0,60,0,0,0,0,0,0,0,0,0,0,0,0,0,0,0,0,0,50,50,0,120,0,60,60,0,0,0,0,0,0,0,0,0,0,0,0,0,0,0,0,0,0,0,0,525,0,30,0,495,0,0,0,0,0,0,0,0,0,0,0,0,0,0,0,0,0,0,0,0,0,0,0,0,685,0,0,50,635,0,6,0,2,1.3333333333333333,0,5.666666666666667
20210302210948,2,1,1,41,2,132,4,2,1,1,1,1,1,1,1,1,2,2,2,8,1,160,0,105,30,35,40,55,0,0,0,0,0,0,5,5,0,5,0,0,0,0,0,0,55,55,0,40,0,25,0,10,0,0,0,0,5,0,435,0,0,0,35,400,400,0,0,35,0,235,0,650,0,70,0,580,0,95,0,45,0,0,0,0,0,0,0,50,0,0,0,0,0,0,0,0,0,0,0,0,0,0,0,0,0,0,4.5,0.5,0,0.5,0,2.5
20210302210949,2,1,1,44,2,131,4,2,1,1,1,1,1,1,1,2,2,2,2,7,1,0,0,0,0,0,0,0,0,0,0,0,0,0,0,0,0,0,0,0,0,0,0,0,45,45,0,145,0,85,0,60,0,0,0,0,0,0,520,0,0,0,30,490,490,0,0,30,0,490,0,610,0,40,0,570,0,0,0,0,0,0,0,0,0,0,0,0,0,0,0,0,0,0,0,0,0,0,0,0,120,0,120,0,0,0,5,0,0,0.3333333333333333,0,4.333333333333333
20210302210967,5,1,1,59,2,100,1,5,1,1,1,1,1,1,1,4,1,1,1,2,1,7,2,0,0,0,0,5,0,0,0,0,0,0,15,0,0,0,15,0,0,0,0,0,10,10,0,0,0,0,0,0,0,0,0,0,0,0,227,0,0,0,0,227,227,0,0,0,0,227,0,950,0,60,0,890,0,231,0,30,0,0,165,0,0,0,165,36,0,0,0,0,0,0,0,0,0,0,0,0,0,0,0,0,0,0,4.666666666666667,2.3333333333333335,5.666666666666667,4,5.666666666666667,6
20210302210980,6,1,3,26,2,100,6,3,1,1,1,1,1,1,1,3,2,2,3,4,1,0,0,0,0,0,0,0,0,0,0,0,0,0,0,0,0,0,0,0,0,0,0,0,195,110,85,350,0,0,15,5,0,0,82,0,198,50,90,0,0,0,0,20,90,70,70,0,0,0,0,553,0,10,5,538,0,252,0,55,0,0,0,0,0,0,0,197,0,0,0,0,0,0,0,0,0,0,0,0,0,0,0,0,0,0,4,1.3333333333333333,2.3333333333333335,4,0,4.666666666666667
20210302210985,4,1,1,40,1,100,1,2,1,1,1,1,1,1,1,3,1,2,2,7,1,0,0,0,0,0,0,0,0,0,0,0,0,0,0,0,0,0,0,0,0,0,0,0,120,120,0,30,30,0,0,0,0,0,0,0,0,0,0,0,0,0,0,0,0,0,0,0,0,0,60,525,0,30,0,495,0,45,0,15,0,0,0,0,0,0,0,30,0,0,0,0,0,0,0,0,0,0,0,0,660,0,0,40,620,0,6,0,5.333333333333333,0.6666666666666666,2.3333333333333335,5.333333333333333
20210302210993,8,1,6,30,2,100,1,3,1,1,1,1,1,1,1,2,2,2,1,9,1,390,0,390,0,0,390,0,0,0,0,0,0,0,0,0,0,0,0,0,0,0,0,0,60,60,0,360,0,255,0,105,0,0,0,0,0,0,210,0,0,0,0,60,210,150,150,0,0,60,0,420,0,2,0,418,0,0,0,0,0,0,0,0,0,0,0,0,0,0,0,0,0,0,0,0,0,0,0,0,0,0,0,0,0,0,6,0,4,0.6666666666666666,0,6
20210302210995,3,1,1,48,2,100,1,3,1,1,1,1,1,1,1,2,1,2,2,8,1,460,0,370,300,60,10,90,0,0,0,0,0,0,0,0,0,0,0,0,0,0,0,0,165,135,30,0,0,0,0,0,0,0,0,0,0,0,130,0,0,0,30,60,85,25,25,30,15,60,0,550,0,10,0,540,0,135,0,60,0,0,0,0,0,0,0,75,0,0,0,0,0,0,0,0,0,0,0,0,0,0,0,0,0,0,6,0,1,0.3333333333333333,0,4.666666666666667
20210302211018,2,1,1,26,2,100,1,2,1,1,1,1,1,1,1,2,2,2,2,8,1,30,0,30,30,0,0,0,0,0,0,0,0,0,0,0,0,0,0,0,0,0,0,0,30,30,0,150,0,60,0,90,0,0,0,0,0,0,255,0,0,0,0,255,255,0,0,0,0,105,0,975,0,0,0,975,0,0,0,0,0,0,0,0,0,0,0,0,0,0,0,0,0,0,0,0,0,0,0,0,0,0,0,0,0,0,5,2.6666666666666665,4.333333333333333,4,0,5.333333333333333
20210302211023,3,1,1,33,1,100,1,3,1,1,1,1,1,1,1,3,2,2,3,9,1,280,0,280,0,0,280,0,0,0,0,0,0,0,0,0,0,0,0,0,0,0,0,0,30,30,0,15,0,15,0,0,0,0,0,0,0,0,105,0,0,0,0,105,105,0,0,0,0,60,0,505,0,0,0,505,0,25,0,5,0,5,0,0,0,0,0,20,0,0,0,0,0,0,0,0,0,0,0,0,480,0,0,0,480,0,3.3333333333333335,1,4.666666666666667,2.3333333333333335,0,3
20210302211036,2,1,1,33,2,100,6,4,1,1,1,1,1,1,1,2,2,2,2,9,1,28,0,4,0,0,4,24,0,0,0,0,0,0,0,0,0,0,0,0,0,0,0,0,15,15,0,35,0,35,0,0,0,0,0,0,0,0,135,0,0,0,0,135,135,0,0,0,0,135,100,627,0,70,0,557,0,0,0,0,0,0,0,0,0,0,0,0,0,0,0,0,0,0,0,0,0,0,0,0,500,0,0,20,480,0,3.6666666666666665,0,3.3333333333333335,1,0,5.333333333333333
20210302211048,5,1,3,40,1,131,1,2,1,1,1,1,1,1,1,2,2,2,2,9,1,170,0,155,0,0,155,15,0,0,0,0,0,0,0,0,0,0,0,0,0,0,0,0,105,105,0,60,0,60,0,0,0,0,0,0,0,0,150,0,0,0,0,150,150,0,0,0,0,150,0,486,0,10,0,476,0,39,0,15,0,0,0,0,0,0,0,24,0,0,0,0,0,0,0,0,0,0,0,0,430,0,0,0,430,0,5.333333333333333,0,2,2,0,5.666666666666667
20210302211060,4,1,2,55,2,100,1,3,1,1,1,1,1,1,1,1,2,1,2,5,1,0,0,0,0,0,0,0,62,60,0,60,0,2,0,0,0,0,0,0,0,0,0,0,30,30,0,30,0,0,0,0,0,0,30,0,0,0,833,0,0,0,0,833,833,0,0,0,0,178,0,485,0,5,0,480,0,0,0,0,0,0,0,0,0,0,0,0,0,0,0,0,0,0,0,0,0,0,0,0,0,0,0,0,0,0,5.666666666666667,0.3333333333333333,1.3333333333333333,1,0.6666666666666666,5.666666666666667
20210302211061,4,1,2,47,2,100,1,1,1,1,1,1,1,1,1,1,2,2,2,6,1,0,0,0,0,0,0,0,0,0,0,0,0,0,60,60,60,0,0,0,0,0,0,0,30,30,0,125,0,65,0,0,0,60,0,0,0,0,448,0,0,0,0,448,448,0,0,0,0,448,0,650,0,20,0,630,0,127,0,105,0,0,0,0,0,0,0,22,0,0,0,0,0,0,0,0,0,0,0,0,0,0,0,0,0,0,3,0,0,0.3333333333333333,0,0.3333333333333333
20210302211062,4,1,2,50,2,110,1,1,1,1,1,1,1,1,1,1,1,2,1,6,1,0,0,0,0,0,0,0,0,0,0,0,0,0,0,0,0,0,0,0,0,0,0,0,90,90,0,0,0,0,0,0,0,0,0,0,0,0,250,0,0,0,0,250,250,0,0,0,0,240,0,550,0,15,0,535,0,0,0,0,0,0,0,0,0,0,0,0,0,0,0,0,0,0,0,0,0,0,0,0,550,0,0,10,540,0,6,0,4,0,0,0
20210302211076,6,1,3,63,1,100,1,5,1,1,1,1,1,1,1,3,2,1,1,1,1,0,0,0,0,0,0,0,0,0,0,0,0,0,0,0,0,0,0,0,0,0,0,0,30,30,0,10,0,0,10,0,0,0,0,0,0,0,497,0,0,0,0,497,497,0,0,0,0,497,0,810,0,30,0,780,0,93,0,87,0,0,0,0,0,0,0,6,0,0,0,0,0,0,0,0,0,0,0,0,0,0,0,0,0,0,5,4.333333333333333,4.666666666666667,4.333333333333333,4.666666666666667,5.333333333333333
20210302211095,4,1,2,37,1,100,6,3,1,1,1,1,1,1,1,2,2,1,1,7,1,17,0,2,0,0,2,15,0,0,0,0,0,0,0,0,0,0,0,0,0,0,0,0,150,120,30,65,0,0,0,0,0,0,65,0,0,0,248,0,0,0,0,208,228,20,20,0,20,150,0,450,0,30,0,420,0,0,0,0,0,0,0,0,0,0,0,0,0,0,0,0,0,0,0,0,0,0,0,0,510,0,0,20,490,0,3.6666666666666665,0.3333333333333333,2,1.6666666666666667,1.6666666666666667,2
20210302211101,2,1,1,43,2,100,4,3,1,1,1,1,1,1,1,1,2,2,2,8,1,0,0,0,0,0,0,0,0,0,0,0,0,0,0,0,0,0,0,0,0,0,0,0,150,135,15,180,0,30,0,90,0,0,60,0,0,0,240,0,0,0,60,180,180,0,0,60,0,120,0,675,0,75,0,600,0,195,0,180,0,60,0,0,0,0,0,15,0,0,0,0,0,0,0,0,0,0,0,0,0,0,0,0,0,0,3,0,0.6666666666666666,0,0,2.3333333333333335
20210302211108,3,1,1,43,2,100,1,1,1,1,1,1,1,1,1,2,1,2,1,8,1,0,0,0,0,0,0,0,0,0,0,0,0,0,0,0,0,0,0,0,0,0,0,0,60,60,0,0,0,0,0,0,0,0,0,0,0,0,890,0,0,0,360,370,370,0,0,360,160,370,0,490,0,10,0,480,0,0,0,0,0,0,0,0,0,0,0,0,0,0,0,0,0,0,0,0,0,0,0,0,0,0,0,0,0,0,4.333333333333333,0,1.6666666666666667,0.3333333333333333,0,4.333333333333333
20210302211116,4,1,1,67,2,100,1,3,1,1,1,1,1,1,1,3,2,2,1,7,1,322,0,302,0,30,272,20,105,90,0,90,0,15,10,0,0,0,10,0,0,0,0,0,36,25,11,75,0,65,0,10,0,0,0,0,0,0,230,0,0,0,0,230,230,0,0,0,0,25,17,580,0,10,0,570,0,65,0,40,0,0,0,0,0,0,0,25,0,0,0,0,0,0,0,0,0,0,0,0,0,0,0,0,0,0,4,0.6666666666666666,5.666666666666667,4.333333333333333,1.6666666666666667,5
20210302211135,3,1,1,44,1,100,5,2,1,1,1,1,1,1,1,1,1,2,1,7,1,0,0,0,0,0,0,0,0,0,0,0,0,0,0,0,0,0,0,0,0,0,0,0,0,0,0,0,0,0,0,0,0,0,0,0,0,0,0,0,0,0,0,0,0,0,0,0,0,0,0,935,560,15,0,360,0,0,0,0,0,0,0,0,0,0,0,0,0,0,0,0,0,0,0,0,0,0,0,0,505,0,0,0,505,0,4.666666666666667,0,4,0.6666666666666666,1,4
20210302211159,4,1,2,31,1,100,1,2,1,1,1,1,1,1,1,3,2,2,1,8,1,190,0,175,0,0,175,15,0,0,0,0,0,0,0,0,0,0,0,0,0,0,0,0,100,85,15,160,0,10,0,0,0,0,0,0,0,150,280,0,0,0,0,60,240,180,180,0,40,60,0,620,0,20,0,600,0,0,0,0,0,0,0,0,0,0,0,0,0,90,0,0,0,0,0,90,0,0,0,0,0,0,0,0,0,0,4.666666666666667,0,1.3333333333333333,0.3333333333333333,0,4.333333333333333
20210302211168,4,1,2,42,2,110,1,3,1,1,1,1,1,1,1,3,2,2,2,7,1,0,0,0,0,0,0,0,0,0,0,0,0,0,0,0,0,0,0,0,0,0,0,0,60,60,0,5,0,0,5,0,0,0,0,0,0,0,365,0,0,0,0,365,365,0,0,0,0,365,0,900,0,120,0,780,0,110,0,70,0,60,0,0,0,0,0,40,0,0,0,0,0,0,0,0,0,0,0,0,0,0,0,0,0,0,4,0,2.3333333333333335,0.3333333333333333,0,4.333333333333333
20210302211175,3,1,1,66,1,131,1,4,1,1,1,1,1,1,1,1,2,2,2,6,1,0,0,0,0,0,0,0,0,0,0,0,0,0,0,0,0,0,0,0,0,0,0,0,150,150,0,415,0,40,60,135,0,180,0,0,0,0,225,0,0,0,0,225,225,0,0,0,0,165,0,590,0,0,0,590,0,60,0,30,0,30,0,0,0,0,0,30,0,0,0,0,0,0,0,0,0,0,0,0,0,0,0,0,0,0,3,3,3,3.5,3,3
20210302211184,4,1,2,34,2,100,6,4,1,1,1,1,1,1,1,4,1,1,2,8,1,700,0,700,0,0,700,0,0,0,0,0,0,0,0,0,0,0,0,0,0,0,0,0,0,0,0,140,0,40,0,100,0,0,0,0,0,0,210,0,0,0,0,210,210,0,0,0,0,30,0,390,0,0,0,390,0,0,0,0,0,0,0,0,0,0,0,0,0,0,0,0,0,0,0,0,0,0,0,0,0,0,0,0,0,0,3.3333333333333335,1,4.333333333333333,1.3333333333333333,3.3333333333333335,4
20210302211186,4,1,2,41,2,120,4,2,1,1,1,1,1,1,1,1,2,2,2,9,1,350,0,290,35,150,105,60,0,0,0,0,0,0,0,0,0,0,0,0,0,0,0,0,0,0,0,310,0,310,0,0,0,0,0,0,0,0,195,0,0,0,0,195,195,0,0,0,0,195,0,585,0,45,0,540,0,0,0,0,0,0,0,0,0,0,0,0,0,0,0,0,0,0,0,0,0,0,0,0,0,0,0,0,0,0,6,0,1.3333333333333333,1,0,4
20210302211193,4,1,1,49,2,100,1,3,1,1,1,1,1,1,1,3,2,1,2,8,1,250,0,250,0,0,250,0,0,0,0,0,0,0,20,0,0,0,20,0,0,0,0,0,0,0,0,35,0,35,0,0,0,0,0,0,0,0,541,0,0,0,0,450,541,91,91,0,0,330,0,435,0,45,0,390,0,159,0,80,0,0,0,0,0,0,0,79,0,0,0,0,0,0,0,0,0,0,0,0,0,0,0,0,0,0,5.666666666666667,0,3,0,2,4
20210302211200,6,1,4,49,1,100,1,1,1,1,1,1,1,1,1,1,2,2,2,10,1,27,0,2,0,0,2,25,0,0,0,0,0,0,0,0,0,0,0,0,0,0,0,0,35,35,0,20,0,20,0,0,0,0,0,0,0,0,105,0,0,0,45,60,60,0,0,45,0,60,0,564,0,20,0,544,0,40,0,10,0,10,0,0,0,0,0,30,0,0,0,0,0,0,0,0,0,0,0,0,649,0,0,5,644,0,6,0.3333333333333333,0,0,0,5.666666666666667
20210302211228,6,1,4,38,2,100,1,1,1,1,1,1,1,1,1,1,2,2,2,10,1,370,0,370,210,0,160,0,0,0,0,0,0,0,10,10,0,10,0,0,0,0,0,0,130,130,0,300,0,120,0,60,0,0,30,0,0,90,30,0,0,0,0,30,30,0,0,0,0,0,0,480,0,50,0,430,0,120,0,60,0,0,0,0,0,0,0,60,0,0,0,0,0,0,0,0,0,0,0,0,0,0,0,0,0,0,4.666666666666667,0,2,0,0,5
20210302211232,4,1,2,34,2,100,1,2,1,1,1,1,1,1,1,2,2,2,2,7,1,385,0,385,0,0,385,0,0,0,0,0,0,0,0,0,0,0,0,0,0,0,0,0,30,30,0,290,0,155,0,135,0,0,0,0,0,0,225,0,0,0,0,105,105,0,0,0,120,30,0,510,0,0,0,510,0,0,0,0,0,0,0,0,0,0,0,0,0,0,0,0,0,0,0,0,0,0,0,0,0,0,0,0,0,0,4.333333333333333,0,2,4,0,4.666666666666667
20210302211233,3,1,1,44,2,100,1,5,2,1,1,1,1,2,1,4,2,1,3,5,1,125,5,120,0,0,120,0,0,0,0,0,0,0,0,0,0,0,0,0,0,0,0,0,120,120,0,60,0,60,0,0,0,0,0,0,0,0,630,0,0,0,0,450,630,180,180,0,0,0,0,505,0,0,0,505,0,0,0,0,0,0,0,0,0,0,0,0,0,0,0,0,0,0,0,0,0,0,0,0,0,0,0,0,0,0,1,0,6,3.6666666666666665,5.666666666666667,6
20210302211250,3,1,2,42,2,100,6,3,1,1,1,1,1,1,1,3,2,2,2,7,1,32,0,32,0,0,32,0,0,0,0,0,0,0,0,0,0,0,0,0,0,0,0,0,30,30,0,0,0,0,0,0,0,0,0,0,0,0,165,0,0,0,0,165,165,0,0,0,0,105,0,358,0,30,0,328,0,140,0,15,0,0,0,0,0,0,30,95,0,0,0,0,0,0,0,0,0,0,0,0,715,0,0,0,715,0,2.6666666666666665,3.6666666666666665,4.333333333333333,4.333333333333333,0,2
20210302211257,4,1,2,30,2,100,1,3,1,1,1,1,1,1,1,3,2,2,2,10,1,0,0,0,0,0,0,0,0,0,0,0,0,0,0,0,0,0,0,0,0,0,0,0,60,60,0,330,0,120,0,210,0,0,0,0,0,0,120,0,0,0,0,120,120,0,0,0,0,120,0,930,0,120,0,810,0,0,0,0,0,0,0,0,0,0,0,0,0,0,0,0,0,0,0,0,0,0,0,0,0,0,0,0,0,0,6,0,3.6666666666666665,2.3333333333333335,1.3333333333333333,6
20210302211266,4,1,2,39,1,100,1,2,1,1,1,1,1,1,1,2,2,2,1,5,1,0,0,0,0,0,0,0,0,0,0,0,0,0,0,0,0,0,0,0,150,0,150,0,35,35,0,60,0,60,0,0,0,0,0,0,0,0,170,0,0,0,0,170,170,0,0,0,0,135,0,510,0,35,0,475,0,0,0,0,0,0,0,0,0,0,0,0,0,0,0,0,0,0,0,0,0,0,0,0,515,0,0,30,485,0,4,0.6666666666666666,1.6666666666666667,0,0.6666666666666666,3
20210302211269,4,1,2,40,2,100,1,2,1,1,1,1,1,1,1,2,1,2,3,7,1,0,0,0,0,0,0,0,480,455,455,0,0,25,0,0,0,0,0,0,0,0,0,0,110,90,20,90,0,0,0,90,0,0,0,0,0,0,100,0,0,0,0,100,100,0,0,0,0,100,0,660,0,60,0,600,0,0,0,0,0,0,0,0,0,0,0,0,0,0,0,0,0,0,0,0,0,0,0,0,0,0,0,0,0,0,2.6666666666666665,4,4.333333333333333,3.3333333333333335,0,5.333333333333333
20210302211305,3,1,1,35,2,110,1,3,1,1,1,1,1,1,1,2,2,2,2,9,1,100,0,100,0,0,100,0,0,0,0,0,0,0,0,0,0,0,0,0,0,0,0,0,70,70,0,30,0,30,0,0,0,0,0,0,0,0,230,0,0,0,0,120,230,110,110,0,0,120,0,530,0,35,0,495,0,0,0,0,0,0,0,0,0,0,0,0,0,0,0,0,0,0,0,0,0,0,0,0,480,0,0,0,480,0,4.333333333333333,0,2.6666666666666665,2,0,5
20210302211309,4,1,2,47,1,100,1,1,1,1,1,1,1,1,1,2,2,2,2,9,1,0,0,0,0,0,0,0,0,0,0,0,0,0,0,0,0,0,0,0,0,0,0,0,75,75,0,60,0,60,0,0,0,0,0,0,0,0,120,0,0,0,0,120,120,0,0,0,0,105,0,600,0,90,0,510,0,0,0,0,0,0,0,0,0,0,0,0,0,0,0,0,0,0,0,0,0,0,0,0,585,0,0,0,585,0,5,0,0.3333333333333333,0.6666666666666666,0,5.333333333333333
20210302211313,3,1,1,59,1,100,1,3,1,1,1,1,1,1,1,2,1,2,2,8,1,0,0,0,0,0,0,0,0,0,0,0,0,0,0,0,0,0,0,0,0,0,0,0,65,65,0,170,0,60,0,110,0,0,0,0,0,0,70,0,0,0,0,70,70,0,0,0,0,0,0,520,0,40,0,480,0,65,0,0,0,0,55,0,0,0,55,10,0,0,0,0,0,0,0,0,0,0,0,0,550,0,0,30,520,0,6,0,2,2,0,6
20210302211364,4,1,2,46,1,100,1,3,1,1,1,1,1,1,1,2,1,2,2,6,1,0,0,0,0,0,0,0,0,0,0,0,0,0,0,0,0,0,0,0,0,0,0,0,180,155,25,20,0,20,0,0,0,0,0,0,0,0,95,0,0,0,0,95,95,0,0,0,0,80,0,465,0,30,0,435,0,0,0,0,0,0,0,0,0,0,0,0,0,0,0,0,0,0,0,0,0,0,0,0,680,0,0,20,660,0,3.6666666666666665,0,4.666666666666667,1,0,3
20210302211384,3,1,1,41,2,100,1,1,1,1,1,1,1,1,1,4,2,2,2,2,1,50,0,35,0,0,35,15,0,0,0,0,0,0,0,0,0,0,0,0,0,0,0,0,55,55,0,0,0,0,0,0,0,0,0,0,0,0,105,0,0,0,0,60,105,45,45,0,0,30,0,600,0,60,0,540,0,75,0,0,0,0,75,0,0,0,75,0,0,0,0,0,0,0,0,0,0,0,0,0,555,0,0,65,490,0,3.6666666666666665,0,3.3333333333333335,1.3333333333333333,0,5
20210302211388,4,1,2,34,1,100,6,3,1,1,1,1,1,1,1,2,2,2,1,6,1,0,0,0,0,0,0,0,0,0,0,0,0,0,0,0,0,0,0,0,0,0,0,0,90,90,0,60,0,60,0,0,0,0,0,0,0,0,188,0,0,0,0,188,188,0,0,0,0,188,0,610,0,40,0,570,0,0,0,0,0,0,0,0,0,0,0,0,0,0,0,0,0,0,0,0,0,0,0,0,492,0,0,4,488,0,4.666666666666667,0,5,2.3333333333333335,0,4.666666666666667
20210302211412,10,1,5,49,1,100,1,3,1,1,1,1,1,1,1,1,1,2,2,4,1,165,0,120,0,0,120,45,41,0,0,0,2,39,15,0,0,0,15,0,0,0,0,0,105,105,0,100,0,10,30,0,0,0,60,0,0,0,60,0,0,0,0,60,60,0,0,0,0,0,0,440,0,20,0,420,0,0,0,0,0,0,0,0,0,0,0,0,0,0,0,0,0,0,0,0,0,0,0,0,514,0,0,20,494,0,4.333333333333333,0,4.666666666666667,2.3333333333333335,0,4.666666666666667
20210302211449,4,1,1,35,1,100,6,3,1,1,1,1,1,1,1,1,1,2,1,8,1,0,0,0,0,0,0,0,0,0,0,0,0,0,0,0,0,0,0,0,0,0,0,0,20,20,0,0,0,0,0,0,0,0,0,0,0,0,120,0,0,0,0,90,120,30,30,0,0,90,0,548,0,40,0,508,0,47,0,5,0,0,0,0,0,0,0,42,0,0,0,0,0,0,0,0,0,0,0,0,705,0,0,45,660,0,5.333333333333333,0,1.6666666666666667,0,0,5.333333333333333
20210302211457,5,1,3,41,1,100,1,2,1,1,1,1,1,1,1,1,1,1,2,10,1,0,0,0,0,0,0,0,0,0,0,0,0,0,0,0,0,0,0,0,0,0,0,0,0,0,0,75,0,75,0,0,0,0,0,0,0,0,75,0,0,0,0,75,75,0,0,0,0,0,90,480,0,60,0,420,0,0,0,0,0,0,0,0,0,0,0,0,0,0,0,0,0,0,0,0,0,0,0,0,720,0,0,90,630,0,6,0,0,0,0,6
20210302211472,5,1,3,32,2,100,1,4,1,1,1,1,1,1,1,3,2,2,1,8,1,205,55,50,0,0,50,100,0,0,0,0,0,0,0,0,0,0,0,0,0,0,0,0,36,36,0,244,0,10,0,234,0,0,0,0,0,0,20,0,0,0,0,20,20,0,0,0,0,20,0,580,0,35,0,545,0,75,0,65,0,65,0,0,0,0,0,10,0,0,0,0,0,0,0,0,0,0,0,0,280,0,0,15,265,0,5.333333333333333,0,5.333333333333333,2.6666666666666665,2.6666666666666665,6
20210302211478,6,1,4,51,2,100,1,3,1,1,1,1,1,1,1,4,2,2,1,7,1,111,0,46,0,0,46,65,0,0,0,0,0,0,0,0,0,0,0,0,0,0,0,0,60,60,0,80,0,75,5,0,0,0,0,0,0,0,0,0,0,0,0,0,0,0,0,0,0,0,0,654,0,105,0,549,0,0,0,0,0,0,0,0,0,0,0,0,0,0,0,0,0,0,0,0,0,0,0,0,535,0,0,45,490,0,2,2.6666666666666665,5,2.6666666666666665,0,1.6666666666666667
20210302211483,4,1,3,34,2,110,6,1,1,1,1,1,1,1,1,1,1,1,2,10,1,90,0,75,60,0,15,15,0,0,0,0,0,0,0,0,0,0,0,0,0,0,0,0,30,30,0,180,0,0,0,180,0,0,0,0,0,0,0,0,0,0,0,0,0,0,0,0,0,0,0,600,0,120,0,480,0,0,0,0,0,0,0,0,0,0,0,0,0,0,0,0,0,0,0,0,0,0,0,0,540,0,0,50,490,0,5,0.6666666666666666,3,0,2.3333333333333335,6
20210302211505,3,1,1,25,2,201,6,4,1,1,1,1,1,1,1,2,2,2,2,4,1,435,10,320,0,0,320,105,0,0,0,0,0,0,0,0,0,0,0,0,0,0,0,0,5,5,0,20,0,20,0,0,0,0,0,0,0,0,30,0,0,0,0,30,30,0,0,0,0,30,0,565,0,20,0,545,0,0,0,0,0,0,0,0,0,0,0,0,0,0,0,0,0,0,0,0,0,0,0,0,385,0,0,30,355,0,3.5,0,4,2,0,6
20210302211516,3,1,2,56,1,100,6,4,1,1,1,1,1,1,1,1,2,2,2,5,1,304,0,264,0,0,264,40,0,0,0,0,0,0,0,0,0,0,0,0,0,0,0,0,50,50,0,85,0,30,0,55,0,0,0,0,0,0,0,0,0,0,0,0,0,0,0,0,0,0,0,535,0,30,0,505,0,30,0,10,0,10,0,0,0,0,0,20,0,0,0,0,0,0,0,0,0,0,0,0,436,0,0,31,405,0,5.666666666666667,0.6666666666666666,4.666666666666667,3,4,6
20210302211532,4,1,2,40,1,100,1,2,1,1,1,1,1,1,1,1,1,2,2,8,1,0,0,0,0,0,0,0,0,0,0,0,0,0,0,0,0,0,0,0,0,0,0,0,45,45,0,0,0,0,0,0,0,0,0,0,0,0,147,0,0,0,0,147,147,0,0,0,0,147,0,480,0,30,0,450,0,0,0,0,0,0,0,0,0,0,0,0,0,0,0,0,0,0,0,0,0,0,0,0,768,0,0,36,732,0,4.333333333333333,0,2.3333333333333335,2,0,4.666666666666667
20210302211554,5,1,2,37,1,100,1,4,2,1,1,1,1,2,1,2,2,1,2,10,1,20,10,0,0,0,0,10,0,0,0,0,0,0,0,0,0,0,0,0,0,0,0,0,40,40,0,222,0,5,15,200,0,0,0,0,2,0,0,0,0,0,0,0,0,0,0,0,0,0,0,720,0,60,0,660,0,438,0,75,0,15,0,90,0,0,0,273,90,0,0,0,0,0,0,0,0,0,0,0,0,0,0,0,0,0,6,0,0.6666666666666666,0,3,6
20210302211570,3,1,1,40,1,110,1,3,1,1,1,1,1,1,1,3,2,1,2,6,1,530,0,530,0,0,530,0,0,0,0,0,0,0,0,0,0,0,0,0,0,0,0,0,60,60,0,10,0,10,0,0,0,0,0,0,0,0,180,0,0,0,0,115,180,65,65,0,0,115,0,600,0,0,0,600,0,0,0,0,0,0,0,0,0,0,0,0,0,0,0,0,0,0,0,0,0,0,0,0,60,0,0,0,60,0,5,2,4.333333333333333,4.333333333333333,3,6
20210302211594,4,1,1,40,2,100,1,3,1,1,1,1,1,1,1,2,2,2,2,8,1,35,0,35,0,0,35,0,0,0,0,0,0,0,0,0,0,0,0,0,0,0,0,0,130,100,30,135,0,75,0,60,0,0,0,0,0,0,394,0,0,0,60,334,334,0,0,60,0,304,0,600,0,30,0,570,0,146,0,75,0,30,0,0,0,0,0,71,0,0,0,0,0,0,0,0,0,0,0,0,0,0,0,0,0,0,3.3333333333333335,0.3333333333333333,3,3,0,3.3333333333333335
20210302211597,4,1,2,25,1,100,6,1,1,1,1,1,1,1,1,1,2,2,2,6,1,50,0,50,0,0,50,0,0,0,0,0,0,0,0,0,0,0,0,0,0,0,0,0,10,10,0,12,0,12,0,0,0,0,0,0,0,0,903,0,0,0,0,350,783,433,433,0,120,350,0,305,0,5,0,300,0,160,0,10,0,0,0,0,0,0,0,150,0,0,0,0,0,0,0,0,0,0,0,0,0,0,0,0,0,0,5.333333333333333,0,0.6666666666666666,5,0,6
20210302211608,5,1,3,42,2,100,1,1,1,1,1,1,1,1,1,1,2,2,2,9,1,538,0,528,120,0,408,10,0,0,0,0,0,0,0,0,0,0,0,0,0,0,0,0,50,50,0,92,0,42,0,50,0,0,0,0,0,0,50,0,0,0,0,50,50,0,0,0,0,20,0,710,0,20,0,690,0,0,0,0,0,0,0,0,0,0,0,0,0,0,0,0,0,0,0,0,0,0,0,0,0,0,0,0,0,0,5.333333333333333,0,2,0.6666666666666666,0,6
20210302211614,7,1,4,43,1,100,1,3,1,1,1,1,1,1,1,2,2,2,1,8,1,120,0,120,0,0,120,0,0,0,0,0,0,0,0,0,0,0,0,0,0,0,0,0,60,60,0,0,0,0,0,0,0,0,0,0,0,0,215,0,0,0,90,120,120,0,0,90,5,120,0,785,0,10,0,775,0,35,0,30,0,0,0,0,0,0,0,5,0,0,0,0,0,0,0,0,0,0,0,0,225,0,0,165,60,0,4,0,1,0,0,0
20210302211616,6,1,1,41,1,100,1,3,1,1,1,1,1,1,1,3,2,2,2,8,1,0,0,0,0,0,0,0,0,0,0,0,0,0,0,0,0,0,0,0,0,0,0,0,50,50,0,0,0,0,0,0,0,0,0,0,0,0,730,0,0,0,0,730,730,0,0,0,0,300,0,660,0,0,0,660,0,0,0,0,0,0,0,0,0,0,0,0,0,0,0,0,0,0,0,0,0,0,0,0,0,0,0,0,0,0,3.5,0,0,0,0,4
20210302211623,4,1,2,33,1,100,6,2,1,1,1,1,1,1,1,1,2,2,2,10,1,0,0,0,0,0,0,0,57,45,0,45,0,12,0,0,0,0,0,0,0,0,0,0,100,100,0,1,0,0,1,0,0,0,0,0,0,0,60,0,0,0,0,60,60,0,0,0,0,60,165,794,0,85,0,709,0,0,0,0,0,0,0,0,0,0,0,0,0,263,0,0,0,0,0,236,0,27,0,0,0,0,0,0,0,0,6,0,0,0,0,6
20210302211626,3,1,1,43,2,100,1,2,1,1,1,1,1,1,1,4,2,2,2,10,1,100,0,100,0,0,100,0,0,0,0,0,0,0,0,0,0,0,0,0,0,0,0,0,165,105,60,160,0,95,0,0,0,0,65,0,0,0,305,0,0,0,0,305,305,0,0,0,0,305,0,650,0,50,0,600,0,60,0,50,0,50,0,0,0,0,0,10,0,0,0,0,0,0,0,0,0,0,0,0,0,0,0,0,0,0,5,0,4.333333333333333,0,0,4.666666666666667
20210302211632,4,1,2,60,1,100,1,1,1,1,1,1,1,1,1,1,2,2,2,6,1,0,0,0,0,0,0,0,0,0,0,0,0,0,0,0,0,0,0,0,0,0,0,0,150,150,0,270,0,120,90,60,0,0,0,0,0,0,240,0,0,0,180,0,0,0,0,180,60,0,0,640,0,60,0,580,0,80,0,40,0,40,0,0,0,0,0,40,0,0,0,0,0,0,0,0,0,0,0,0,60,0,0,0,60,0,5,0,0.3333333333333333,1.3333333333333333,0,3.3333333333333335
20210302211646,5,1,3,43,1,100,1,3,1,1,1,1,1,1,1,2,1,1,1,7,1,180,0,130,0,0,130,50,0,0,0,0,0,0,0,0,0,0,0,0,0,0,0,0,110,90,20,80,0,20,0,60,0,0,0,0,0,0,60,0,0,0,60,0,0,0,0,60,0,0,0,450,0,30,0,420,0,0,0,0,0,0,0,0,0,0,0,0,0,50,50,0,0,0,0,0,0,0,50,50,510,0,0,30,480,0,3.6666666666666665,0,0,1.3333333333333333,0,4
20210302211653,3,1,1,54,2,110,6,4,1,1,1,1,1,1,1,2,1,2,2,6,1,0,0,0,0,0,0,0,0,0,0,0,0,0,0,0,0,0,0,0,0,0,0,0,30,30,0,345,0,150,0,165,0,0,0,0,30,0,495,0,0,0,0,495,495,0,0,0,0,210,0,570,0,60,0,510,0,0,0,0,0,0,0,0,0,0,0,0,0,0,0,0,0,0,0,0,0,0,0,0,0,0,0,0,0,0,4.666666666666667,0,3,0.3333333333333333,1.3333333333333333,5
20210302211654,3,1,1,27,1,100,1,2,1,1,1,1,1,1,1,2,1,2,2,8,1,105,0,105,0,0,105,0,0,0,0,0,0,0,0,0,0,0,0,0,0,0,0,0,145,95,30,0,0,0,0,0,0,0,0,0,0,0,205,0,0,0,0,130,165,35,35,0,40,40,0,505,0,25,0,480,0,0,0,0,0,0,0,0,0,0,0,0,0,0,0,0,0,0,0,0,0,0,0,0,480,0,0,0,480,0,5,0,3.3333333333333335,1.3333333333333333,0,0.6666666666666666
20210302211655,3,1,1,41,1,110,1,2,1,1,1,1,1,1,1,2,2,2,2,5,1,65,0,65,0,0,65,0,0,0,0,0,0,0,0,0,0,0,0,0,0,0,0,0,50,50,0,0,0,0,0,0,0,0,0,0,0,0,220,0,0,0,0,220,220,0,0,0,0,190,0,430,0,40,0,390,0,0,0,0,0,0,0,0,0,0,0,0,0,0,0,0,0,0,0,0,0,0,0,0,675,0,0,95,580,0,4,0.3333333333333333,2.6666666666666665,1,0,5.666666666666667
20210302211671,5,1,3,38,1,100,1,4,1,1,1,1,1,1,1,2,1,2,2,9,1,0,0,0,0,0,0,0,75,75,75,0,0,0,0,0,0,0,0,0,0,0,0,0,55,55,0,0,0,0,0,0,0,0,0,0,0,0,285,0,0,0,0,270,285,15,15,0,0,0,0,400,0,10,0,390,0,0,0,0,0,0,0,0,0,0,0,0,0,0,0,0,0,0,0,0,0,0,0,0,625,0,0,0,625,0,3.3333333333333335,2,5.333333333333333,5,5,5.666666666666667
20210302211672,3,1,1,33,2,131,1,2,1,1,1,1,1,1,1,2,2,2,1,8,1,105,0,105,0,0,105,0,0,0,0,0,0,0,0,0,0,0,0,0,0,0,0,0,60,60,0,150,0,150,0,0,0,0,0,0,0,0,210,0,0,0,0,210,210,0,0,0,0,0,0,480,0,0,0,480,0,105,0,75,0,60,0,0,0,0,0,30,0,0,0,0,0,0,0,0,0,0,0,0,330,0,0,0,330,0,4.666666666666667,0,3.3333333333333335,1.6666666666666667,0,4.666666666666667
20210302211679,4,1,2,30,2,100,1,3,1,1,1,1,1,1,1,3,1,1,3,8,1,380,0,380,195,0,185,0,0,0,0,0,0,0,0,0,0,0,0,0,0,0,0,0,90,90,0,90,0,90,0,0,0,0,0,0,0,0,120,0,0,0,0,120,120,0,0,0,0,120,0,590,0,60,0,530,0,170,0,60,0,0,60,0,0,0,60,50,0,0,0,0,0,0,0,0,0,0,0,0,0,0,0,0,0,0,4.333333333333333,0,4.666666666666667,1.6666666666666667,3.6666666666666665,5.666666666666667
20210302211680,3,1,1,56,2,100,4,3,1,1,1,1,1,1,1,3,1,1,2,6,1,0,0,0,0,0,0,0,0,0,0,0,0,0,0,0,0,0,0,0,0,0,0,0,45,45,0,75,0,5,10,0,0,0,0,60,0,0,450,0,0,0,0,350,450,100,100,0,0,20,0,540,0,60,0,480,0,140,0,60,0,0,0,0,0,0,0,80,0,45,0,0,0,0,0,45,0,0,0,0,145,0,0,15,130,0,3.3333333333333335,2,2.6666666666666665,2.3333333333333335,0,6
20210302211682,5,1,4,41,2,100,4,2,1,1,1,1,1,1,1,3,2,2,2,4,1,250,0,180,45,0,135,70,0,0,0,0,0,0,45,45,45,0,0,0,0,0,0,0,30,30,0,175,0,130,0,20,0,25,0,0,0,0,70,0,0,0,30,15,15,0,0,30,25,0,0,525,0,15,0,510,0,90,0,40,0,30,0,0,0,0,15,35,0,0,0,0,0,0,0,0,0,0,0,0,255,0,0,15,240,0,3.3333333333333335,2,3.6666666666666665,3,0,2.6666666666666665
20210302211728,4,1,2,32,1,100,1,3,1,1,1,1,1,1,1,2,2,2,2,6,1,435,0,435,0,0,435,0,0,0,0,0,0,0,0,0,0,0,0,0,0,0,0,0,210,210,0,120,0,0,0,120,0,0,0,0,0,0,120,0,0,0,0,30,120,90,90,0,0,0,0,555,0,60,0,495,0,0,0,0,0,0,0,0,0,0,0,0,0,0,0,0,0,0,0,0,0,0,0,0,0,0,0,0,0,0,4,0,2.3333333333333335,1.3333333333333333,0,4
20210302211736,4,1,2,53,1,100,1,2,1,1,1,1,1,1,1,3,1,2,2,7,1,0,0,0,0,0,0,0,0,0,0,0,0,0,0,0,0,0,0,0,0,0,0,0,340,300,40,210,0,30,0,0,0,150,30,0,0,0,300,0,0,0,0,300,300,0,0,0,0,0,0,590,0,60,0,530,0,0,0,0,0,0,0,0,0,0,0,0,0,0,0,0,0,0,0,0,0,0,0,0,0,0,0,0,0,0,3.6666666666666665,0.3333333333333333,3.3333333333333335,0,0.3333333333333333,4.333333333333333
20210302211742,2,1,1,38,1,100,4,2,1,1,1,1,1,1,1,2,2,2,1,7,1,10,0,10,0,0,10,0,0,0,0,0,0,0,0,0,0,0,0,0,0,0,0,0,110,110,0,308,0,270,8,0,0,0,0,0,30,0,454,0,0,0,0,45,434,389,389,0,20,0,0,457,0,0,0,457,0,101,0,35,0,20,0,0,0,0,0,66,0,0,0,0,0,0,0,0,0,0,0,0,0,0,0,0,0,0,5,0.6666666666666666,3,4.333333333333333,0,4.666666666666667
20210302211760,4,1,2,37,1,100,1,2,1,1,1,1,1,1,1,1,2,1,1,7,1,135,0,135,0,0,135,0,0,0,0,0,0,0,0,0,0,0,0,0,0,0,0,0,75,75,0,0,0,0,0,0,0,0,0,0,0,0,75,0,0,0,0,75,75,0,0,0,0,30,0,575,0,50,0,525,0,0,0,0,0,0,0,0,0,0,0,0,0,30,0,0,0,0,0,30,0,0,0,0,550,0,0,60,490,0,5,0,3,0.6666666666666666,5,5.666666666666667
20210302211777,4,1,1,67,1,100,1,5,1,1,1,1,1,1,1,2,1,1,2,7,1,275,0,180,0,120,60,95,0,0,0,0,0,0,0,0,0,0,0,0,0,0,0,0,70,70,0,90,90,0,0,0,0,0,0,0,0,0,325,0,0,0,0,325,325,0,0,0,0,215,110,510,0,30,0,480,0,0,0,0,0,0,0,0,0,0,0,0,0,0,0,0,0,0,0,0,0,0,0,0,60,60,0,0,0,0,4.333333333333333,1,3.6666666666666665,3.3333333333333335,2.3333333333333335,4
20210302211788,5,1,3,34,1,100,1,1,1,1,1,1,1,1,1,2,2,2,2,10,1,60,0,60,0,0,60,0,0,0,0,0,0,0,0,0,0,0,0,0,0,0,0,0,45,45,0,40,0,10,0,30,0,0,0,0,0,0,75,0,0,0,60,0,15,15,15,60,0,0,180,435,0,75,0,360,0,0,0,0,0,0,0,0,0,0,0,0,0,0,0,0,0,0,0,0,0,0,0,0,605,0,0,90,515,0,6,0,0,0.3333333333333333,0,5.333333333333333
20210302211797,4,1,2,41,1,100,1,3,1,1,1,1,1,1,1,3,2,2,3,7,1,180,0,180,0,0,180,0,0,0,0,0,0,0,0,0,0,0,0,0,0,0,0,0,60,60,0,210,0,60,0,0,0,0,0,0,0,150,330,0,0,0,180,150,150,0,0,180,0,150,0,510,0,0,0,510,0,30,0,10,0,10,0,0,0,0,0,20,0,0,0,0,0,0,0,0,0,0,0,0,120,0,0,0,120,0,3.6666666666666665,0,1,0.6666666666666666,0,3.3333333333333335
20210302211821,3,1,1,38,2,100,1,3,1,1,1,1,1,1,1,4,2,2,3,6,1,90,0,60,0,0,60,30,0,0,0,0,0,0,0,0,0,0,0,0,0,0,0,0,100,100,0,10,0,10,0,0,0,0,0,0,0,0,275,0,0,0,20,175,220,45,45,20,35,30,10,455,0,15,15,425,0,0,0,0,0,0,0,0,0,0,0,0,0,0,0,0,0,0,0,0,0,0,0,0,500,0,0,0,500,0,2,0.3333333333333333,3.3333333333333335,3.3333333333333335,1.3333333333333333,2.3333333333333335
20210302211845,5,1,3,52,2,110,4,4,2,1,1,1,1,2,1,3,1,1,2,5,1,300,45,255,0,0,255,0,0,0,0,0,0,0,5,0,0,0,5,0,0,0,0,0,60,60,0,135,0,135,0,0,0,0,0,0,0,0,85,0,0,0,0,85,85,0,0,0,0,85,0,855,0,10,0,845,0,0,0,0,0,0,0,0,0,0,0,0,0,0,0,0,0,0,0,0,0,0,0,0,0,0,0,0,0,0,3.3333333333333335,0.6666666666666666,4,3.3333333333333335,4,2.6666666666666665
20210302211863,4,1,1,57,1,100,1,2,2,1,1,2,1,2,1,1,2,1,1,10,1,0,0,0,0,0,0,0,0,0,0,0,0,0,0,0,0,0,0,0,0,0,0,0,345,225,120,20,0,0,0,0,0,0,20,0,0,0,415,0,0,0,0,415,415,0,0,0,0,0,0,660,0,0,0,660,0,0,0,0,0,0,0,0,0,0,0,0,0,0,0,0,0,0,0,0,0,0,0,0,0,0,0,0,0,0,6,0,0,0,0,6
20210302211875,4,1,2,33,2,100,1,3,1,1,1,1,1,1,1,2,2,2,2,10,1,30,0,30,0,0,30,0,0,0,0,0,0,0,0,0,0,0,0,0,0,0,0,0,60,60,0,0,0,0,0,0,0,0,0,0,0,0,0,0,0,0,0,0,0,0,0,0,0,0,0,480,0,120,0,360,0,0,0,0,0,0,0,0,0,0,0,0,0,0,0,0,0,0,0,0,0,0,0,0,870,0,0,120,750,0,6,0,2.6666666666666665,2.3333333333333335,0,6
20210302211901,4,1,2,32,2,100,1,3,1,1,1,1,1,1,1,1,2,2,1,8,1,0,0,0,0,0,0,0,0,0,0,0,0,0,0,0,0,0,0,0,0,0,0,0,30,30,0,30,0,0,0,30,0,0,0,0,0,0,585,0,520,0,0,25,545,520,0,0,40,0,0,795,0,60,0,735,0,0,0,0,0,0,0,0,0,0,0,0,0,0,0,0,0,0,0,0,0,0,0,0,0,0,0,0,0,0,4,0,0.6666666666666666,0,0,2
20210302211912,3,1,1,45,1,100,1,1,1,1,1,1,1,1,1,2,2,1,2,8,1,15,0,15,0,0,15,0,0,0,0,0,0,0,0,0,0,0,0,0,0,0,0,0,60,60,0,0,0,0,0,0,0,0,0,0,0,0,180,0,0,0,0,180,180,0,0,0,0,180,0,390,0,45,0,345,0,0,0,0,0,0,0,0,0,0,0,0,0,0,0,0,0,0,0,0,0,0,0,0,795,0,0,0,795,0,4.666666666666667,0,1.6666666666666667,1.3333333333333333,0,5.333333333333333
20210302211921,4,1,1,41,1,100,1,4,1,1,1,1,1,1,1,2,2,2,2,5,1,0,0,0,0,0,0,0,0,0,0,0,0,0,0,0,0,0,0,0,0,0,0,0,90,90,0,0,0,0,0,0,0,0,0,0,0,0,170,0,0,0,0,170,170,0,0,0,0,140,0,630,0,90,0,540,0,0,0,0,0,0,0,0,0,0,0,0,0,0,0,0,0,0,0,0,0,0,0,0,550,0,0,20,530,0,0,0,6,0,5,1.3333333333333333
20210302211933,4,1,2,37,2,100,1,2,1,1,1,1,1,1,1,2,2,2,2,9,1,90,0,90,30,0,60,0,0,0,0,0,0,0,0,0,0,0,0,0,0,0,0,0,40,40,0,175,0,115,0,0,0,0,60,0,0,0,100,0,0,0,0,100,100,0,0,0,0,100,0,505,0,25,0,480,0,0,0,0,0,0,0,0,0,0,0,0,0,0,0,0,0,0,0,0,0,0,0,0,530,0,0,0,530,0,3.6666666666666665,0,3.3333333333333335,1,0,3.3333333333333335
20210302211940,4,1,1,30,2,100,6,1,1,1,1,1,1,1,1,4,2,2,1,10,1,130,0,130,0,0,130,0,0,0,0,0,0,0,0,0,0,0,0,0,0,0,0,0,70,70,0,110,0,110,0,0,0,0,0,0,0,0,425,0,0,0,0,425,425,0,0,0,0,425,0,705,0,45,0,660,0,0,0,0,0,0,0,0,0,0,0,0,0,0,0,0,0,0,0,0,0,0,0,0,0,0,0,0,0,0,6,0,0,0,0,6
20210302211964,4,1,2,32,2,100,1,1,1,1,1,1,1,1,1,2,2,2,3,9,1,220,0,220,0,0,220,0,0,0,0,0,0,0,0,0,0,0,0,0,0,0,0,0,70,70,0,215,0,200,0,15,0,0,0,0,0,0,220,0,0,0,0,220,220,0,0,0,0,220,0,715,0,30,0,685,0,0,0,0,0,0,0,0,0,0,0,0,0,0,0,0,0,0,0,0,0,0,0,0,0,0,0,0,0,0,3.5,0.5,5,4,1.5,4.5
20210302211979,6,1,3,29,2,100,4,1,1,1,1,1,1,1,1,2,2,2,2,10,1,315,0,315,15,0,300,0,0,0,0,0,0,0,0,0,0,0,0,0,0,0,0,0,15,15,0,150,0,100,20,30,0,0,0,0,0,0,425,0,0,0,0,305,425,120,120,0,0,225,0,535,0,0,0,535,0,0,0,0,0,0,0,0,0,0,0,0,0,0,0,0,0,0,0,0,0,0,0,0,0,0,0,0,0,0,6,0,0,0,0,6
20210302212002,4,1,2,46,2,100,1,2,1,1,1,1,1,1,1,1,2,2,2,8,1,60,0,60,0,0,60,0,0,0,0,0,0,0,0,0,0,0,0,0,0,0,0,0,20,20,0,290,0,50,120,120,0,0,0,0,0,0,530,0,0,0,0,530,530,0,0,0,0,530,0,540,0,0,0,540,0,0,0,0,0,0,0,0,0,0,0,0,0,0,0,0,0,0,0,0,0,0,0,0,0,0,0,0,0,0,4.333333333333333,0,3.6666666666666665,0.3333333333333333,0,3.6666666666666665
20210302212007,5,1,3,35,2,100,1,3,1,1,1,1,1,1,1,2,1,2,2,8,1,105,0,75,0,0,75,30,0,0,0,0,0,0,0,0,0,0,0,0,0,0,0,0,170,50,120,135,0,0,40,0,0,0,0,0,95,0,280,0,0,0,0,280,280,0,0,0,0,0,0,495,0,45,0,450,0,0,0,0,0,0,0,0,0,0,0,0,0,0,0,0,0,0,0,0,0,0,0,0,255,0,0,0,255,0,4.333333333333333,0,2.6666666666666665,2.6666666666666665,0,3.6666666666666665
20210302212013,4,1,2,31,1,100,1,1,1,1,1,1,1,1,1,2,2,2,1,8,1,0,0,0,0,0,0,0,0,0,0,0,0,0,0,0,0,0,0,0,0,0,0,0,139,110,29,300,210,3,7,0,0,80,0,0,0,0,202,0,0,0,0,202,202,0,0,0,0,202,0,665,0,20,0,645,0,134,0,60,0,10,0,0,0,0,0,74,0,0,0,0,0,0,0,0,0,0,0,0,0,0,0,0,0,0,6,0,1.3333333333333333,0,0,6
20210302212014,3,1,1,35,1,100,4,1,1,1,1,1,1,1,1,1,2,2,1,8,1,0,0,0,0,0,0,0,0,0,0,0,0,0,0,0,0,0,0,0,0,0,0,0,105,105,0,120,0,0,120,0,0,0,0,0,0,0,0,0,0,0,0,0,0,0,0,0,0,0,0,390,0,45,0,345,0,0,0,0,0,0,0,0,0,0,0,0,0,0,0,0,0,0,0,0,0,0,0,0,825,0,0,34,791,0,5,0,3,0.6666666666666666,0,5.666666666666667
20210302212022,5,1,3,42,2,100,1,3,1,1,1,1,1,1,1,1,2,1,1,8,1,7,0,7,0,0,7,0,0,0,0,0,0,0,0,0,0,0,0,0,0,0,0,0,15,15,0,45,0,15,0,0,0,0,30,0,0,0,3,0,0,0,0,3,3,0,0,0,0,0,0,644,0,40,0,604,0,0,0,0,0,0,0,0,0,0,0,0,0,1,0,0,0,0,0,1,0,0,0,0,725,0,0,0,725,0,3,0,4,2,3,6
20210302212035,2,1,1,46,2,100,4,3,1,1,1,1,1,1,1,1,2,2,1,10,1,0,0,0,0,0,0,0,70,0,0,0,60,10,0,0,0,0,0,0,0,0,0,0,20,20,0,70,0,4,0,66,0,0,0,0,0,0,270,0,198,0,0,60,258,198,0,0,12,0,0,612,0,52,0,560,0,250,0,120,0,0,60,0,0,0,60,70,0,0,0,0,0,0,0,0,0,0,0,0,148,0,0,0,148,0,5.666666666666667,0,0,0,0,6
20210302212038,4,1,2,55,2,131,1,1,1,1,1,1,1,1,1,1,2,2,1,9,1,25,0,5,0,0,5,20,0,0,0,0,0,0,0,0,0,0,0,0,0,0,0,0,85,85,0,65,0,45,0,20,0,0,0,0,0,0,140,0,0,0,0,80,140,60,60,0,0,0,0,590,0,40,0,550,0,45,0,15,0,15,0,0,0,0,0,30,0,0,0,0,0,0,0,0,0,0,0,0,490,0,0,0,490,0,4.666666666666667,0.3333333333333333,1.3333333333333333,3.6666666666666665,0,4.666666666666667
20210302212049,4,1,2,33,1,100,1,3,1,1,1,1,1,1,1,2,2,2,2,8,1,115,0,100,0,0,100,15,0,0,0,0,0,0,0,0,0,0,0,0,0,0,0,0,181,156,25,0,0,0,0,0,0,0,0,0,0,0,459,0,0,0,300,30,140,110,110,300,19,30,0,655,0,35,0,620,0,30,0,5,0,0,0,0,0,0,0,25,0,0,0,0,0,0,0,0,0,0,0,0,0,0,0,0,0,0,4.333333333333333,0,2,2.3333333333333335,0,4
20210302212060,5,1,2,31,1,100,6,2,1,1,1,1,1,1,1,2,2,2,2,5,1,0,0,0,0,0,0,0,0,0,0,0,0,0,0,0,0,0,0,0,0,0,0,0,40,40,0,0,0,0,0,0,0,0,0,0,0,0,290,0,0,0,0,290,290,0,0,0,0,170,0,420,0,30,0,390,0,0,0,0,0,0,0,0,0,0,0,0,0,0,0,0,0,0,0,0,0,0,0,0,690,0,0,60,630,0,2,2,4,3.6666666666666665,2.6666666666666665,2.6666666666666665
20210302212107,3,1,2,45,2,100,2,2,2,1,2,1,1,1,1,3,2,2,2,5,1,60,0,60,30,0,30,0,0,0,0,0,0,0,60,0,0,0,60,0,0,0,0,0,70,70,0,40,0,40,0,0,0,0,0,0,0,0,295,0,0,0,0,265,265,0,0,0,30,60,0,540,0,65,0,475,0,0,0,0,0,0,0,0,0,0,0,0,0,0,0,0,0,0,0,0,0,0,0,0,375,0,0,30,345,0,5,1.6666666666666667,5.333333333333333,3.3333333333333335,3.3333333333333335,5
20210302212119,4,1,2,61,1,100,1,1,1,1,1,1,1,1,1,2,2,2,2,8,1,45,0,30,0,0,30,15,0,0,0,0,0,0,0,0,0,0,0,0,0,0,0,0,60,60,0,105,0,0,0,0,0,0,45,0,60,0,115,0,0,0,0,70,115,45,45,0,0,70,0,565,0,115,0,450,0,40,0,5,0,0,0,0,0,0,0,35,0,0,0,0,0,0,0,0,0,0,0,0,510,0,0,30,480,0,5.333333333333333,0,1,0,0,6
20210302212145,4,1,2,36,2,131,1,1,1,1,1,1,1,1,1,2,2,2,1,8,1,65,0,55,0,0,55,10,0,0,0,0,0,0,0,0,0,0,0,0,0,0,0,0,75,75,0,165,0,75,0,90,0,0,0,0,0,0,90,0,0,0,0,45,90,45,45,0,0,0,68,380,0,45,0,335,0,0,0,0,0,0,0,0,0,0,0,0,0,0,0,0,0,0,0,0,0,0,0,0,597,0,0,15,582,0,4.666666666666667,0,2.3333333333333335,2,0,4
20210302212146,3,1,1,30,2,110,1,3,1,1,1,1,1,1,1,1,1,2,3,8,1,637,0,637,0,0,637,0,0,0,0,0,0,0,35,0,0,0,35,0,0,0,0,0,20,20,0,24,0,5,5,10,0,0,4,0,0,0,140,0,0,0,0,110,140,30,30,0,0,90,3,566,0,95,0,471,0,15,0,15,0,0,0,0,0,0,0,0,0,0,0,0,0,0,0,0,0,0,0,0,0,0,0,0,0,0,5,0.3333333333333333,1.6666666666666667,1,0,6
20210302212147,2,1,1,80,2,100,3,2,2,1,1,2,1,1,1,2,1,2,2,5,1,0,0,0,0,0,0,0,0,0,0,0,0,0,0,0,0,0,0,0,0,0,0,0,15,15,0,20,0,20,0,0,0,0,0,0,0,0,162,0,0,0,0,162,162,0,0,0,0,120,0,618,0,120,0,498,0,0,0,0,0,0,0,0,0,0,0,0,0,445,0,0,0,0,0,435,0,10,0,0,180,0,0,0,180,0,5.333333333333333,0.6666666666666666,1.6666666666666667,0.6666666666666666,0,6
20210302212166,3,1,1,31,1,100,1,1,1,1,1,1,1,1,1,2,2,2,1,8,1,30,0,30,0,0,30,0,0,0,0,0,0,0,0,0,0,0,0,0,0,0,0,0,90,90,0,30,0,0,0,30,0,0,0,0,0,0,150,0,0,0,60,0,90,90,90,60,0,0,0,480,0,0,0,480,0,0,0,0,0,0,0,0,0,0,0,0,0,0,0,0,0,0,0,0,0,0,0,0,660,0,0,0,660,0,4.666666666666667,0,3,2,0.6666666666666666,4.666666666666667
20210302212177,3,1,1,34,1,100,1,3,1,1,1,1,1,1,1,1,2,2,2,5,1,20,0,20,0,0,20,0,79,79,0,79,0,0,0,0,0,0,0,0,0,0,0,0,55,55,0,1,0,1,0,0,0,0,0,0,0,0,260,0,0,0,0,260,260,0,0,0,0,245,0,565,0,30,0,510,25,0,0,0,0,0,0,0,0,0,0,0,0,0,0,0,0,0,0,0,0,0,0,0,460,0,0,25,435,0,2,1,4,0,0,6
20210302212197,4,1,2,51,1,100,1,3,1,1,1,1,1,1,1,1,2,2,2,9,1,341,0,329,0,0,329,12,0,0,0,0,0,0,0,0,0,0,0,0,0,0,0,0,90,90,0,0,0,0,0,0,0,0,0,0,0,0,394,0,0,0,0,334,394,60,60,0,0,334,0,615,0,15,0,600,0,0,0,0,0,0,0,0,0,0,0,0,0,0,0,0,0,0,0,0,0,0,0,0,0,0,0,0,0,0,6,0.3333333333333333,0,0.3333333333333333,0,6
20210302212208,5,1,2,39,2,100,1,3,1,1,1,1,1,1,1,1,1,2,2,5,1,14,0,14,0,10,4,0,0,0,0,0,0,0,0,0,0,0,0,0,0,0,0,0,75,75,0,475,0,85,5,280,0,0,105,0,0,0,185,0,0,0,0,185,185,0,0,0,0,120,71,605,0,30,0,575,0,10,0,10,0,0,0,0,0,0,0,0,0,5,5,0,0,0,0,0,0,0,5,5,0,0,0,0,0,0,4,0,2.6666666666666665,2.3333333333333335,0,3.3333333333333335
20210302212224,4,1,2,30,1,100,1,1,1,1,1,1,1,1,1,2,2,2,3,8,1,30,0,30,0,0,30,0,0,0,0,0,0,0,0,0,0,0,0,0,0,0,0,0,25,25,0,42,0,40,2,0,0,0,0,0,0,0,50,0,0,0,0,50,50,0,0,0,0,40,0,575,0,50,0,525,0,0,0,0,0,0,0,0,0,0,0,0,0,0,0,0,0,0,0,0,0,0,0,0,718,0,0,128,590,0,5,0,3,0,0,6
20210302212240,4,1,2,28,2,100,1,2,1,1,1,1,1,1,1,2,2,2,3,8,1,222,0,215,0,66,149,7,0,0,0,0,0,0,10,0,0,0,10,0,0,0,0,0,60,60,0,272,0,126,25,16,0,0,105,0,0,0,282,0,0,0,75,195,207,12,12,75,0,185,0,524,0,30,0,494,0,70,0,45,0,45,0,0,0,0,0,25,0,0,0,0,0,0,0,0,0,0,0,0,0,0,0,0,0,0,4.666666666666667,1.6666666666666667,4.333333333333333,2,1.6666666666666667,6
20210302212247,4,1,2,40,2,100,1,2,1,1,1,1,1,1,1,1,1,1,1,7,1,35,0,30,0,0,30,5,0,0,0,0,0,0,0,0,0,0,0,0,0,0,0,0,35,35,0,110,0,85,15,10,0,0,0,0,0,0,130,0,0,0,0,130,130,0,0,0,0,130,0,480,0,30,0,450,0,75,0,25,0,25,0,0,0,0,0,50,0,0,0,0,0,0,0,0,0,0,0,0,575,0,0,40,535,0,4,0,2.6666666666666665,1.6666666666666667,0,0
20210302212272,2,1,1,31,2,110,6,2,1,1,1,1,1,1,1,1,2,2,2,8,1,45,0,45,0,0,45,0,0,0,0,0,0,0,0,0,0,0,0,0,0,0,0,0,30,30,0,0,0,0,0,0,0,0,0,0,0,0,525,0,0,0,0,525,525,0,0,0,0,495,0,540,0,0,0,540,0,0,0,0,0,0,0,0,0,0,0,0,0,0,0,0,0,0,0,0,0,0,0,0,300,0,0,0,300,0,5.666666666666667,0,2,0,0,5.666666666666667
20210302212277,3,1,1,45,2,100,1,1,1,1,1,1,1,1,1,1,2,2,2,10,1,45,0,15,0,0,15,30,0,0,0,0,0,0,35,0,0,0,20,15,0,0,0,0,15,15,0,135,0,0,5,130,0,0,0,0,0,0,386,0,0,0,0,136,376,240,240,0,10,121,0,630,0,15,0,615,0,194,0,95,0,20,0,0,0,20,20,79,0,0,0,0,0,0,0,0,0,0,0,0,0,0,0,0,0,0,6,0,0.3333333333333333,0,0,4
20210302212304,4,1,2,39,2,131,1,2,1,1,1,1,1,1,1,2,2,2,2,5,1,390,0,390,300,0,90,0,0,0,0,0,0,0,0,0,0,0,0,0,0,0,0,0,90,90,0,360,0,140,160,0,0,60,0,0,0,0,135,0,0,0,0,120,135,15,15,0,0,120,0,465,0,15,0,450,0,0,0,0,0,0,0,0,0,0,0,0,0,0,0,0,0,0,0,0,0,0,0,0,0,0,0,0,0,0,3.3333333333333335,0,3.6666666666666665,2,0,3.3333333333333335
20210302212334,3,1,1,40,2,131,1,3,1,1,1,1,1,1,1,3,1,2,2,6,1,550,0,550,0,0,550,0,0,0,0,0,0,0,0,0,0,0,0,0,0,0,0,0,45,45,0,258,0,222,0,36,0,0,0,0,0,0,109,0,0,0,0,109,109,0,0,0,0,49,0,478,0,90,0,388,0,0,0,0,0,0,0,0,0,0,0,0,0,0,0,0,0,0,0,0,0,0,0,0,0,0,0,0,0,0,4.666666666666667,0.3333333333333333,2.3333333333333335,2,2.3333333333333335,5
20210302212341,4,1,2,48,1,100,1,4,1,1,1,1,1,1,1,4,2,1,2,5,1,95,0,50,0,0,50,45,0,0,0,0,0,0,20,20,20,0,0,0,0,0,0,0,82,65,17,3,0,3,0,0,0,0,0,0,0,0,45,0,0,0,0,0,45,45,45,0,0,0,15,548,0,60,0,488,0,140,0,60,0,0,0,0,0,25,25,55,0,0,0,0,0,0,0,0,0,0,0,0,492,0,0,40,452,0,3.6666666666666665,1,3.3333333333333335,1.3333333333333333,3.6666666666666665,4.666666666666667
20210302212359,4,1,2,42,1,100,1,1,1,1,1,1,1,1,1,2,2,1,1,7,1,255,0,250,0,0,250,5,0,0,0,0,0,0,0,0,0,0,0,0,0,0,0,0,60,60,0,0,0,0,0,0,0,0,0,0,0,0,245,0,0,0,0,245,245,0,0,0,0,245,0,525,0,60,0,465,0,165,0,70,0,20,0,0,0,0,0,95,0,190,0,0,0,0,0,0,185,5,185,185,0,0,0,0,0,0,2.6666666666666665,0,3.6666666666666665,2.6666666666666665,3,2
20210303210504,4,1,2,30,2,100,1,3,1,1,1,1,1,1,1,2,2,2,2,10,1,200,0,140,0,0,140,60,0,0,0,0,0,0,0,0,0,0,0,0,0,0,0,0,20,20,0,130,0,40,0,90,0,0,0,0,0,0,270,0,0,0,0,270,270,0,0,0,0,270,120,700,0,80,0,620,0,0,0,0,0,0,0,0,0,0,0,0,0,0,0,0,0,0,0,0,0,0,0,0,0,0,0,0,0,0,6,2,3,0,0,5.666666666666667
20210303210505,6,1,4,39,2,100,1,1,1,1,1,1,1,1,1,3,2,1,1,10,1,0,0,0,0,0,0,0,0,0,0,0,0,0,0,0,0,0,0,0,0,0,0,0,135,90,45,0,0,0,0,0,0,0,0,0,0,0,120,0,0,0,0,120,120,0,0,0,0,120,0,750,0,0,0,750,0,435,0,290,0,0,0,0,0,0,0,145,0,0,0,0,0,0,0,0,0,0,0,0,0,0,0,0,0,0,4,3,2.3333333333333335,3,0,6
20210303210532,4,1,2,31,1,100,1,1,1,1,1,1,1,1,1,1,2,1,2,5,1,45,0,45,0,0,45,0,0,0,0,0,0,0,0,0,0,0,0,0,0,0,0,0,195,180,15,0,0,0,0,0,0,0,0,0,0,0,390,0,0,0,0,210,375,165,165,0,15,180,0,810,0,60,0,750,0,0,0,0,0,0,0,0,0,0,0,0,0,0,0,0,0,0,0,0,0,0,0,0,0,0,0,0,0,0,5,0.3333333333333333,4.333333333333333,0.6666666666666666,0,4
20210303210540,5,1,2,32,2,131,1,3,1,1,1,1,1,1,1,1,2,2,2,8,1,95,0,95,0,0,95,0,0,0,0,0,0,0,0,0,0,0,0,0,0,0,0,0,10,10,0,45,0,45,0,0,0,0,0,0,0,0,125,0,0,0,0,125,125,0,0,0,0,110,0,680,0,75,0,605,0,0,0,0,0,0,0,0,0,0,0,0,0,0,0,0,0,0,0,0,0,0,0,0,485,0,0,20,465,0,6,0,0.3333333333333333,2.3333333333333335,0,6
20210303210544,5,1,3,38,2,100,1,3,1,1,1,1,1,1,1,4,2,2,2,6,1,205,0,185,0,0,185,20,0,0,0,0,0,0,0,0,0,0,0,0,0,0,0,0,70,70,0,170,0,125,45,0,0,0,0,0,0,0,90,0,0,0,0,90,90,0,0,0,0,90,0,485,0,20,0,465,0,0,0,0,0,0,0,0,0,0,0,0,0,0,0,0,0,0,0,0,0,0,0,0,420,0,0,0,420,0,2.3333333333333335,4,5,5,2.6666666666666665,3.6666666666666665
20210303210552,4,1,2,34,1,100,1,3,1,1,1,1,1,1,1,2,2,2,2,7,1,105,0,105,0,0,105,0,0,0,0,0,0,0,0,0,0,0,0,0,0,0,0,0,60,60,0,120,0,0,0,0,0,120,0,0,0,0,405,0,0,0,0,345,345,0,0,0,60,120,0,660,0,0,0,660,0,90,0,0,0,0,0,0,0,0,60,30,0,0,0,0,0,0,0,0,0,0,0,0,0,0,0,0,0,0,3.3333333333333335,0,2.3333333333333335,0.3333333333333333,0,3
20210303210606,3,1,1,29,2,100,1,2,1,1,1,1,1,1,1,3,2,2,3,9,1,50,0,50,0,20,30,0,0,0,0,0,0,0,0,0,0,0,0,0,0,0,0,0,0,0,0,120,0,0,0,120,0,0,0,0,0,0,105,0,0,0,0,105,105,0,0,0,0,105,30,625,0,60,0,565,0,50,20,0,0,0,0,0,0,0,20,30,0,0,0,0,0,0,0,0,0,0,0,0,460,0,0,0,460,0,3,2.6666666666666665,5,4.333333333333333,2.3333333333333335,5.666666666666667
20210303210702,2,1,1,29,2,100,4,3,1,1,1,1,1,1,1,2,2,2,2,6,1,135,0,80,20,0,60,55,0,0,0,0,0,0,0,0,0,0,0,0,0,0,0,0,15,15,0,50,0,50,0,0,0,0,0,0,0,0,70,0,0,0,0,70,70,0,0,0,0,0,0,575,0,50,0,525,0,0,0,0,0,0,0,0,0,0,0,0,0,0,0,0,0,0,0,0,0,0,0,0,595,0,0,0,595,0,4.666666666666667,2.3333333333333335,3.3333333333333335,2,0,5.666666666666667
20210303210728,2,1,1,49,1,100,4,2,1,1,1,1,1,1,1,2,2,2,1,10,1,17,0,17,0,0,17,0,0,0,0,0,0,0,0,0,0,0,0,0,0,0,0,0,156,150,6,0,0,0,0,0,0,0,0,0,0,0,457,380,0,0,0,60,440,0,0,0,17,0,180,630,0,30,0,600,0,0,0,0,0,0,0,0,0,0,0,0,0,0,0,0,0,0,0,0,0,0,0,0,0,0,0,0,0,0,6,0,2.3333333333333335,0,0,5
20210303210777,4,1,1,47,2,100,1,1,1,1,1,1,1,1,1,2,2,2,2,10,1,142,30,52,0,0,52,60,0,0,0,0,0,0,0,0,0,0,0,0,165,0,165,0,60,60,0,55,0,55,0,0,0,0,0,0,0,0,30,0,0,0,30,0,0,0,0,30,0,0,0,463,0,28,0,435,0,0,0,0,0,0,0,0,0,0,0,0,0,0,0,0,0,0,0,0,0,0,0,0,525,0,0,0,525,0,3,0,3.6666666666666665,1.3333333333333333,0,4
20210303210792,5,1,2,61,2,131,3,2,1,1,1,1,1,1,1,1,1,2,2,9,1,15,0,15,0,0,15,0,0,0,0,0,0,0,0,0,0,0,0,0,0,0,0,0,180,180,0,450,0,60,0,0,0,390,0,0,0,0,135,0,0,0,0,135,135,0,0,0,0,135,0,660,0,10,0,650,0,0,0,0,0,0,0,0,0,0,0,0,0,0,0,0,0,0,0,0,0,0,0,0,0,0,0,0,0,0,2,0,1.3333333333333333,0,0,3.3333333333333335
20210303210815,2,1,1,31,2,110,6,3,1,1,1,1,1,1,1,1,1,2,2,10,1,0,0,0,0,0,0,0,0,0,0,0,0,0,0,0,0,0,0,0,0,0,0,0,30,15,15,150,0,30,0,120,0,0,0,0,0,0,270,0,0,0,0,270,270,0,0,0,0,270,0,965,0,0,0,965,0,25,0,10,0,0,0,0,0,0,0,15,0,0,0,0,0,0,0,0,0,0,0,0,0,0,0,0,0,0,6,0,0,0,0,6
20210303210846,4,1,2,34,1,100,1,1,1,1,1,1,1,1,1,1,2,2,2,10,1,0,0,0,0,0,0,0,0,0,0,0,0,0,0,0,0,0,0,0,270,0,270,0,20,20,0,0,0,0,0,0,0,0,0,0,0,0,70,0,0,0,0,70,70,0,0,0,0,0,0,480,0,0,0,480,0,0,0,0,0,0,0,0,0,0,0,0,0,0,0,0,0,0,0,0,0,0,0,0,600,0,0,60,540,0,6,0,0,1,0,6
20210303210918,5,1,3,37,1,100,1,2,1,1,1,1,1,1,1,3,2,2,1,7,1,310,0,220,0,0,220,90,0,0,0,0,0,0,0,0,0,0,0,0,0,0,0,0,35,35,0,20,0,20,0,0,0,0,0,0,0,0,85,0,0,0,0,85,85,0,0,0,0,85,15,560,0,20,0,540,0,0,0,0,0,0,0,0,0,0,0,0,0,0,0,0,0,0,0,0,0,0,0,0,415,0,0,0,415,0,4.333333333333333,0.3333333333333333,4.333333333333333,2.3333333333333335,0,3.6666666666666665
20210303210946,4,1,2,38,2,100,1,1,1,1,1,1,1,1,1,3,2,1,2,8,1,90,0,90,0,0,90,0,0,0,0,0,0,0,0,0,0,0,0,0,0,0,0,0,60,60,0,345,0,75,180,90,0,0,0,0,0,0,490,0,0,0,80,355,385,30,30,80,25,355,0,455,0,50,0,405,0,0,0,0,0,0,0,0,0,0,0,0,0,0,0,0,0,0,0,0,0,0,0,0,0,0,0,0,0,0,4.333333333333333,0,3.3333333333333335,0.3333333333333333,0,4.333333333333333
20210303210962,3,1,1,58,1,100,1,2,1,1,1,1,1,1,1,1,1,2,2,9,1,0,0,0,0,0,0,0,0,0,0,0,0,0,0,0,0,0,0,0,0,0,0,0,120,120,0,60,0,60,0,0,0,0,0,0,0,0,60,0,0,0,0,60,60,0,0,0,0,60,0,480,0,0,0,480,0,0,0,0,0,0,0,0,0,0,0,0,0,0,0,0,0,0,0,0,0,0,0,0,720,0,0,0,720,0,5,0,1,0.6666666666666666,0,4.333333333333333
20210303210972,3,1,1,37,2,100,1,3,1,1,1,1,1,1,1,1,1,1,1,7,1,160,0,150,60,0,90,10,0,0,0,0,0,0,0,0,0,0,0,0,0,0,0,0,145,75,70,40,0,40,0,0,0,0,0,0,0,0,195,0,0,0,0,195,195,0,0,0,0,165,0,660,0,30,0,630,0,0,0,0,0,0,0,0,0,0,0,0,0,240,0,0,0,0,0,190,0,50,0,0,0,0,0,0,0,0,5,1.6666666666666667,5,1.6666666666666667,0,5.666666666666667
20210303210995,4,1,1,31,1,110,1,3,1,1,1,1,1,1,1,2,2,2,2,7,1,153,0,93,0,0,93,60,0,0,0,0,0,0,0,0,0,0,0,0,0,0,0,0,105,105,0,30,0,30,0,0,0,0,0,0,0,0,150,0,0,0,0,150,150,0,0,0,0,150,75,463,0,0,0,463,0,0,0,0,0,0,0,0,0,0,0,0,0,0,0,0,0,0,0,0,0,0,0,0,464,0,0,0,464,0,3.3333333333333335,0,3.6666666666666665,2.3333333333333335,0,4.333333333333333
20210303211029,4,1,2,47,1,100,1,2,1,1,1,1,1,1,1,1,1,2,1,7,1,130,0,130,0,0,130,0,0,0,0,0,0,0,0,0,0,0,0,0,0,0,0,0,60,60,0,150,0,90,30,30,0,0,0,0,0,0,305,0,0,0,120,155,155,0,0,120,30,135,0,615,0,10,0,605,0,0,0,0,0,0,0,0,0,0,0,0,0,0,0,0,0,0,0,0,0,0,0,0,180,0,0,0,180,0,3.3333333333333335,0,1.3333333333333333,0.3333333333333333,1.6666666666666667,1.6666666666666667
20210303211038,4,1,2,36,2,100,1,1,1,1,1,1,1,1,1,1,2,2,2,10,1,0,0,0,0,0,0,0,0,0,0,0,0,0,0,0,0,0,0,0,0,0,0,0,120,120,0,450,0,0,0,450,0,0,0,0,0,0,60,0,0,0,0,60,60,0,0,0,0,60,0,810,0,0,0,810,0,0,0,0,0,0,0,0,0,0,0,0,0,0,0,0,0,0,0,0,0,0,0,0,0,0,0,0,0,0,6,0,0,0,0,6
20210303211049,3,1,1,37,1,100,1,2,1,1,1,1,1,1,1,4,1,2,2,5,1,0,0,0,0,0,0,0,310,290,0,290,0,20,0,0,0,0,0,0,0,0,0,0,45,45,0,0,0,0,0,0,0,0,0,0,0,0,110,0,0,0,0,110,110,0,0,0,0,0,0,455,0,50,0,405,0,0,0,0,0,0,0,0,0,0,0,0,0,0,0,0,0,0,0,0,0,0,0,0,520,0,0,60,460,0,3,0,6,3.6666666666666665,3,0
20210303211053,4,1,1,59,1,100,1,1,1,1,1,1,1,1,1,1,1,2,2,8,1,0,0,0,0,0,0,0,0,0,0,0,0,0,0,0,0,0,0,0,0,0,0,0,80,80,0,0,0,0,0,0,0,0,0,0,0,0,205,0,0,0,0,205,205,0,0,0,0,175,0,600,0,90,0,510,0,0,0,0,0,0,0,0,0,0,0,0,0,0,0,0,0,0,0,0,0,0,0,0,555,0,0,10,545,0,5,0,1.6666666666666667,0,0,5.333333333333333
20210303211204,6,1,4,39,2,100,1,3,1,1,1,1,1,1,1,2,2,2,2,8,1,235,0,135,0,0,135,100,0,0,0,0,0,0,0,0,0,0,0,0,0,0,0,0,25,25,0,110,0,50,0,60,0,0,0,0,0,0,0,0,0,0,0,0,0,0,0,0,0,0,0,570,0,120,0,450,0,0,0,0,0,0,0,0,0,0,0,0,0,0,0,0,0,0,0,0,0,0,0,0,500,0,0,10,490,0,4.666666666666667,0,4.333333333333333,3.3333333333333335,0,3
20210303211301,3,1,1,34,2,100,1,2,1,1,1,1,1,1,1,1,2,2,2,8,1,10,0,10,0,0,10,0,0,0,0,0,0,0,60,0,0,0,60,0,0,0,0,0,50,50,0,170,0,45,0,35,0,90,0,0,0,0,215,0,0,0,0,120,215,95,95,0,0,120,0,570,0,30,0,540,0,95,0,60,0,45,0,0,0,0,0,35,0,270,0,210,0,0,0,60,0,0,210,210,0,0,0,0,0,0,5.666666666666667,0,0.3333333333333333,1.3333333333333333,0,5.666666666666667
20210303211324,4,1,2,40,2,120,1,3,1,1,1,1,1,1,1,2,2,2,2,8,1,20,0,20,0,0,20,0,35,15,0,15,0,20,0,0,0,0,0,0,0,0,0,0,50,50,0,505,0,55,0,360,0,90,0,0,0,0,215,0,0,0,0,160,215,55,55,0,0,160,0,615,0,30,0,585,0,0,0,0,0,0,0,0,0,0,0,0,0,0,0,0,0,0,0,0,0,0,0,0,0,0,0,0,0,0,4.333333333333333,0,2.3333333333333335,0,0,3.6666666666666665
20210303211362,4,1,2,37,1,100,1,3,1,1,1,1,1,1,1,1,2,1,2,9,1,0,0,0,0,0,0,0,0,0,0,0,0,0,0,0,0,0,0,0,110,0,75,35,50,45,5,15,0,15,0,0,0,0,0,0,0,0,105,0,0,0,50,45,55,10,10,50,0,30,0,615,0,30,0,585,0,10,0,5,0,0,0,0,0,0,0,5,0,0,0,0,0,0,0,0,0,0,0,0,535,0,0,40,495,0,3.6666666666666665,1.3333333333333333,1.6666666666666667,1.6666666666666667,0,1.6666666666666667
20210303211404,3,1,1,34,1,100,1,3,2,1,1,1,1,2,1,2,1,1,2,8,1,255,0,235,0,0,235,20,0,0,0,0,0,0,0,0,0,0,0,0,0,0,0,0,150,150,0,220,0,220,0,0,0,0,0,0,0,0,75,0,0,0,0,75,75,0,0,0,0,75,0,620,0,45,0,555,20,0,0,0,0,0,0,0,0,0,0,0,0,120,0,0,0,0,0,120,0,0,0,0,0,0,0,0,0,0,5.666666666666667,0.3333333333333333,4.333333333333333,0.6666666666666666,1.3333333333333333,5.666666666666667
20210303211450,2,1,1,28,2,110,6,2,1,1,1,1,1,1,1,2,2,2,1,10,1,95,0,95,0,0,95,0,3,3,0,3,0,0,5,0,0,0,5,0,0,0,0,0,80,80,0,112,0,92,20,0,0,0,0,0,0,0,30,0,0,0,0,30,30,0,0,0,0,30,78,573,0,105,0,468,0,96,0,6,0,0,45,0,0,0,45,45,0,0,0,0,0,0,0,0,0,0,0,0,368,0,0,47,321,0,6,0,1.5,0,0,3.5
20210303211474,2,1,1,43,2,100,6,3,2,1,2,1,1,2,1,1,2,1,2,8,1,90,0,90,0,0,90,0,0,0,0,0,0,0,0,0,0,0,0,0,0,0,0,0,60,60,0,60,0,60,0,0,0,0,0,0,0,0,690,0,0,0,0,690,690,0,0,0,0,690,0,540,0,30,0,510,0,0,0,0,0,0,0,0,0,0,0,0,0,0,0,0,0,0,0,0,0,0,0,0,0,0,0,0,0,0,6,0,0.6666666666666666,0,2.6666666666666665,5.666666666666667
20210303211573,4,1,2,33,1,100,1,1,1,1,1,1,1,1,1,4,2,2,1,10,1,30,0,30,0,0,30,0,0,0,0,0,0,0,0,0,0,0,0,0,0,0,0,0,90,90,0,130,0,120,0,0,0,0,0,10,0,0,530,0,0,0,120,410,410,0,0,120,0,230,0,660,0,20,0,640,0,0,0,0,0,0,0,0,0,0,0,0,0,0,0,0,0,0,0,0,0,0,0,0,0,0,0,0,0,0,5.333333333333333,0,0,1.6666666666666667,0,4.666666666666667
20210303211586,3,1,2,39,2,100,6,3,1,1,1,1,1,1,1,1,2,2,2,8,1,0,0,0,0,0,0,0,0,0,0,0,0,0,0,0,0,0,0,0,0,0,0,0,130,130,0,240,0,0,0,240,0,0,0,0,0,0,470,0,0,0,0,470,470,0,0,0,0,470,0,600,0,0,0,600,0,0,0,0,0,0,0,0,0,0,0,0,0,0,0,0,0,0,0,0,0,0,0,0,0,0,0,0,0,0,5,0,0,0,0,6
20210303211588,3,1,2,47,1,100,5,3,1,1,1,1,1,1,1,1,2,2,2,10,1,5,0,5,0,0,5,0,0,0,0,0,0,0,0,0,0,0,0,0,0,0,0,0,155,105,50,65,0,15,0,15,0,0,35,0,0,0,270,0,0,0,0,270,270,0,0,0,0,270,0,705,0,105,0,600,0,135,0,90,0,0,0,0,0,0,0,45,0,105,0,0,0,0,0,90,0,15,0,0,0,0,0,0,0,0,4.5,0,1.5,0,0,4.5
20210303211616,6,1,1,68,2,110,4,2,1,1,1,1,1,1,1,2,1,1,2,7,1,0,0,0,0,0,0,0,0,0,0,0,0,0,65,5,0,5,60,0,0,0,0,0,20,20,0,205,0,75,0,90,0,0,0,0,40,0,520,0,0,0,60,460,460,0,0,60,0,300,70,395,0,20,0,375,0,0,0,0,0,0,0,0,0,0,0,0,0,165,0,0,0,0,0,165,0,0,0,0,0,0,0,0,0,0,5.666666666666667,0,1.6666666666666667,0,0,5.666666666666667
20210303211625,3,1,1,53,2,100,1,2,1,1,1,1,1,1,1,1,2,2,2,8,1,0,0,0,0,0,0,0,0,0,0,0,0,0,0,0,0,0,0,0,0,0,0,0,20,20,0,120,0,40,0,60,0,0,20,0,0,0,690,0,0,0,0,290,690,400,400,0,0,290,0,610,0,20,0,590,0,0,0,0,0,0,0,0,0,0,0,0,0,0,0,0,0,0,0,0,0,0,0,0,0,0,0,0,0,0,5.333333333333333,0,1,0,0,3.6666666666666665
20210303211735,5,1,3,40,1,100,6,3,1,1,1,1,1,1,1,2,2,2,2,8,1,270,0,270,30,0,240,0,0,0,0,0,0,0,0,0,0,0,0,0,0,0,0,0,60,60,0,330,0,90,0,0,0,240,0,0,0,0,360,0,0,0,0,300,360,60,60,0,0,300,0,420,0,0,0,420,0,0,0,0,0,0,0,0,0,0,0,0,0,0,0,0,0,0,0,0,0,0,0,0,0,0,0,0,0,0,5,0.3333333333333333,3.3333333333333335,2.6666666666666665,4,5
20210303211739,4,1,2,33,2,100,1,2,1,1,1,1,1,1,1,1,1,1,2,8,1,0,0,0,0,0,0,0,0,0,0,0,0,0,0,0,0,0,0,0,210,60,150,0,50,50,0,310,0,130,0,180,0,0,0,0,0,0,150,0,0,0,0,150,150,0,0,0,0,150,0,660,0,45,0,615,0,60,0,0,0,0,0,20,0,0,0,40,20,0,0,0,0,0,0,0,0,0,0,0,0,0,0,0,0,0,6,0,2.6666666666666665,0,0,6
20210303211776,3,1,1,31,2,100,1,2,1,1,1,1,1,1,1,2,2,2,2,8,1,240,0,240,0,0,240,0,0,0,0,0,0,0,0,0,0,0,0,0,0,0,0,0,55,55,0,45,0,45,0,0,0,0,0,0,0,0,180,0,0,0,0,45,180,135,135,0,0,45,0,585,0,30,0,555,0,335,0,45,0,45,0,0,0,240,240,50,0,0,0,0,0,0,0,0,0,0,0,0,0,0,0,0,0,0,5,0,3.6666666666666665,1.3333333333333333,0,5
20210303211780,4,1,2,40,1,100,1,2,1,1,1,1,1,1,1,1,2,1,1,10,1,71,0,55,0,0,55,16,0,0,0,0,0,0,30,0,0,0,30,0,0,0,0,0,50,50,0,4,0,4,0,0,0,0,0,0,0,0,145,0,0,0,75,70,70,0,0,75,0,70,0,375,0,15,0,360,0,235,0,10,0,0,60,0,0,0,60,165,0,0,0,0,0,0,0,0,0,0,0,0,530,0,0,0,530,0,6,0,0.3333333333333333,1,0,6
20210303211791,3,1,1,60,2,100,1,2,2,1,1,1,1,1,2,1,1,2,2,6,1,0,0,0,0,0,0,0,0,0,0,0,0,0,0,0,0,0,0,0,0,0,0,0,90,90,0,175,0,45,120,0,0,0,0,0,10,0,215,0,0,0,0,215,215,0,0,0,0,215,0,480,0,0,0,480,0,0,0,0,0,0,0,0,0,0,0,0,0,0,0,0,0,0,0,0,0,0,0,0,480,0,0,0,480,0,5,1,1.6666666666666667,1.6666666666666667,0.6666666666666666,5
20210303211869,4,1,2,36,2,100,1,4,1,1,1,1,1,1,1,2,2,2,2,9,1,480,0,480,0,0,480,0,0,0,0,0,0,0,0,0,0,0,0,0,0,0,0,0,90,90,0,280,0,130,0,150,0,0,0,0,0,0,60,0,0,0,0,60,60,0,0,0,0,60,0,530,0,20,0,510,0,0,0,0,0,0,0,0,0,0,0,0,0,0,0,0,0,0,0,0,0,0,0,0,0,0,0,0,0,0,6,0,3.3333333333333335,1.3333333333333333,0,6
20210303211955,4,1,3,30,2,100,1,3,1,1,1,1,1,1,1,2,2,2,2,7,1,120,0,50,0,0,50,70,0,0,0,0,0,0,0,0,0,0,0,0,0,0,0,0,30,30,0,90,0,90,0,0,0,0,0,0,0,0,272,0,0,0,2,270,270,0,0,2,0,60,0,748,0,45,0,703,0,0,0,0,0,0,0,0,0,0,0,0,0,180,0,0,0,0,0,135,0,45,0,0,0,0,0,0,0,0,4.5,5,5,2,2,5
20210303212003,3,1,1,41,1,100,1,1,1,1,1,1,1,1,1,1,2,2,1,6,1,405,0,405,0,0,405,0,0,0,0,0,0,0,0,0,0,0,0,0,0,0,0,0,60,60,0,0,0,0,0,0,0,0,0,0,0,0,345,0,0,0,0,345,345,0,0,0,0,345,0,540,0,0,0,540,0,90,0,60,0,0,0,0,0,0,0,30,0,0,0,0,0,0,0,0,0,0,0,0,0,0,0,0,0,0,5,0,0,2.3333333333333335,3,6
20210303212065,4,1,2,45,1,100,1,2,1,1,1,1,1,1,1,1,2,2,2,8,1,210,0,210,120,0,90,0,27,10,0,10,0,17,0,0,0,0,0,0,0,0,0,0,90,90,0,213,0,105,30,28,0,0,50,0,0,0,290,0,0,0,60,210,210,0,0,60,20,150,0,505,0,40,0,465,0,105,0,90,0,0,0,0,0,0,0,15,0,0,0,0,0,0,0,0,0,0,0,0,0,0,0,0,0,0,5,1,0,2.3333333333333335,0,4.333333333333333
20210303212100,4,1,2,35,1,100,1,1,1,1,1,1,1,1,1,1,2,2,2,8,1,230,0,230,0,0,230,0,0,0,0,0,0,0,60,0,0,0,60,0,0,0,0,0,85,60,25,15,0,15,0,0,0,0,0,0,0,0,420,0,0,0,0,275,395,120,120,0,25,236,0,630,0,35,0,595,0,0,0,0,0,0,0,0,0,0,0,0,0,0,0,0,0,0,0,0,0,0,0,0,0,0,0,0,0,0,6,0,2.6666666666666665,2.6666666666666665,0,6
20210303212126,4,1,2,30,2,110,1,3,1,1,1,1,1,1,1,1,2,2,2,9,1,0,0,0,0,0,0,0,0,0,0,0,0,0,0,0,0,0,0,0,0,0,0,0,70,70,0,420,0,180,0,240,0,0,0,0,0,0,120,0,0,0,0,120,120,0,0,0,0,120,0,720,0,60,0,660,0,0,0,0,0,0,0,0,0,0,0,0,0,110,0,0,0,0,0,110,0,0,0,0,0,0,0,0,0,0,5.333333333333333,0,0,0,0,4
20210303212151,3,1,1,49,2,100,1,3,1,1,1,1,1,1,1,1,2,1,1,9,1,0,0,0,0,0,0,0,0,0,0,0,0,0,0,0,0,0,0,0,0,0,0,0,75,75,0,273,0,135,1,105,0,30,0,0,2,0,435,0,0,0,0,360,430,70,70,0,5,360,0,570,0,90,0,480,0,87,0,60,0,0,0,0,0,0,0,27,0,0,0,0,0,0,0,0,0,0,0,0,0,0,0,0,0,0,6,0,0.3333333333333333,0,0,6
20210303212205,5,1,3,48,2,100,1,4,1,1,1,1,1,1,1,2,2,1,2,5,1,121,0,91,0,1,90,30,0,0,0,0,0,0,40,0,0,0,40,0,0,0,0,0,59,55,4,305,0,80,15,210,0,0,0,0,0,0,253,0,0,0,0,193,223,30,30,0,30,133,120,520,0,10,0,510,0,22,0,7,0,0,0,0,0,0,0,15,0,0,0,0,0,0,0,0,0,0,0,0,0,0,0,0,0,0,3.3333333333333335,0,2.6666666666666665,0.3333333333333333,3.3333333333333335,3.6666666666666665
20210303212218,3,1,1,44,2,100,1,4,2,1,1,1,1,2,2,2,1,2,1,7,1,0,0,0,0,0,0,0,350,290,290,0,60,0,0,0,0,0,0,0,0,0,0,0,70,70,0,0,0,0,0,0,0,0,0,0,0,0,240,0,0,0,0,120,240,120,120,0,0,0,0,780,0,0,0,780,0,0,0,0,0,0,0,0,0,0,0,0,0,0,0,0,0,0,0,0,0,0,0,0,0,0,0,0,0,0,3.6666666666666665,0,2.6666666666666665,3,2.6666666666666665,5.333333333333333
20210303212235,5,1,3,32,1,100,1,2,1,1,1,1,1,1,1,2,2,2,2,7,1,130,0,120,20,0,100,10,0,0,0,0,0,0,0,0,0,0,0,0,0,0,0,0,20,20,0,90,0,70,0,20,0,0,0,0,0,0,120,0,0,0,0,120,120,0,0,0,0,120,0,550,0,135,0,415,0,0,0,0,0,0,0,0,0,0,0,0,0,0,0,0,0,0,0,0,0,0,0,0,530,0,0,40,490,0,4.666666666666667,0,5.333333333333333,2,1.6666666666666667,5.666666666666667
20210303212266,3,1,2,54,1,100,4,1,1,1,1,1,1,1,1,1,2,2,1,5,1,0,0,0,0,0,0,0,0,0,0,0,0,0,0,0,0,0,0,0,0,0,0,0,115,80,35,140,0,30,0,110,0,0,0,0,0,0,225,0,0,0,0,45,195,150,150,0,30,0,0,779,0,45,0,694,40,181,0,141,0,0,0,0,0,0,0,40,0,0,0,0,0,0,0,0,0,0,0,0,0,0,0,0,0,0,4,0.3333333333333333,1,1,0,4
20210312200127,5,1,2,19,1,110,6,3,1,1,1,1,1,1,1,3,2,2,2,10,1,0,0,0,0,0,0,0,0,0,0,0,0,0,0,0,0,0,0,0,366,150,210,6,40,40,0,0,0,0,0,0,0,0,0,0,0,0,554,0,0,0,0,554,554,0,0,0,0,554,0,480,0,0,0,480,0,0,0,0,0,0,0,0,0,0,0,0,0,0,0,0,0,0,0,0,0,0,0,0,0,0,0,0,0,0,5.333333333333333,0,2.3333333333333335,1.6666666666666667,0,5.666666666666667
20210312200325,4,1,1,18,2,100,6,3,1,1,1,1,1,1,1,1,2,2,3,5,1,0,0,0,0,0,0,0,0,0,0,0,0,0,0,0,0,0,0,0,0,0,0,0,50,50,0,0,0,0,0,0,0,0,0,0,0,0,240,0,0,0,0,205,205,0,0,0,35,0,0,630,0,90,0,540,0,0,0,0,0,0,0,0,0,0,0,0,0,0,0,0,0,0,0,0,0,0,0,0,520,0,0,15,505,0,5,0,3.3333333333333335,1.6666666666666667,0,5
20210312200931,4,1,1,43,1,100,1,3,1,1,1,1,1,1,1,1,2,2,2,6,1,0,0,0,0,0,0,0,0,0,0,0,0,0,0,0,0,0,0,0,0,0,0,0,50,50,0,60,0,0,0,0,0,0,0,45,10,5,110,0,0,0,0,75,110,35,35,0,0,75,0,560,0,85,0,455,20,75,0,20,0,10,0,0,0,0,0,55,0,0,0,0,0,0,0,0,0,0,0,0,585,0,0,0,585,0,3.6666666666666665,0,3.3333333333333335,3,1.3333333333333333,4
20210312201783,5,1,3,36,1,100,1,2,1,1,1,1,1,1,1,1,1,2,2,8,1,70,0,70,55,0,15,0,0,0,0,0,0,0,0,0,0,0,0,0,0,0,0,0,60,60,0,30,0,0,0,0,0,30,0,0,0,0,155,0,0,0,60,95,95,0,0,60,0,35,0,620,0,90,0,530,0,45,0,15,0,15,0,0,0,0,0,30,0,0,0,0,0,0,0,0,0,0,0,0,460,0,0,25,435,0,5.666666666666667,2,2.3333333333333335,0.6666666666666666,0,6
20210312201922,4,1,2,40,1,100,1,3,1,1,1,1,1,1,1,3,2,2,3,5,1,0,0,0,0,0,0,0,0,0,0,0,0,0,0,0,0,0,0,0,0,0,0,0,60,60,0,0,0,0,0,0,0,0,0,0,0,0,150,0,0,0,0,150,150,0,0,0,0,150,0,600,0,15,0,585,0,0,0,0,0,0,0,0,0,0,0,0,0,0,0,0,0,0,0,0,0,0,0,0,630,0,0,0,630,0,6,0,2,1.6666666666666667,0,4.333333333333333
20210401211766,3,1,1,32,2,100,1,1,1,1,1,1,1,1,1,3,2,2,1,7,1,655,0,620,0,0,620,35,0,0,0,0,0,0,0,0,0,0,0,0,0,0,0,0,95,95,0,100,0,40,0,60,0,0,0,0,0,0,90,0,0,0,0,90,90,0,0,0,0,60,0,480,0,0,0,480,0,0,0,0,0,0,0,0,0,0,0,0,0,0,0,0,0,0,0,0,0,0,0,0,20,0,0,0,20,0,5,0,2.3333333333333335,1,0,6
20210401212050,5,1,3,42,2,100,1,2,1,1,1,1,1,1,1,1,1,2,1,8,1,15,0,15,0,0,15,0,0,0,0,0,0,0,0,0,0,0,0,0,0,0,0,0,90,90,0,225,0,70,60,0,0,0,35,0,60,0,330,0,0,0,0,60,270,210,210,0,60,60,61,719,0,75,0,644,0,0,0,0,0,0,0,0,0,0,0,0,0,0,0,0,0,0,0,0,0,0,0,0,0,0,0,0,0,0,4.333333333333333,0,1.3333333333333333,0,0,3.6666666666666665
20210402210130,5,1,2,23,2,100,6,2,1,1,1,1,1,1,1,1,2,2,1,8,1,0,0,0,0,0,0,0,0,0,0,0,0,0,0,0,0,0,0,0,0,0,0,0,40,40,0,210,0,210,0,0,0,0,0,0,0,0,320,0,0,0,0,0,320,320,320,0,0,0,0,780,0,30,0,750,0,90,0,30,0,0,0,0,0,0,0,60,0,0,0,0,0,0,0,0,0,0,0,0,0,0,0,0,0,0,5,0,0.6666666666666666,0,0,4.666666666666667
20210402210286,5,1,1,23,2,202,6,2,1,1,1,1,1,1,1,2,2,2,2,4,1,0,0,0,0,0,0,0,0,0,0,0,0,0,0,0,0,0,0,0,0,0,0,0,80,80,0,80,0,60,20,0,0,0,0,0,0,0,90,0,0,0,0,90,90,0,0,0,0,0,30,665,0,35,0,630,0,0,0,0,0,0,0,0,0,0,0,0,0,0,0,0,0,0,0,0,0,0,0,0,495,0,0,45,450,0,3.6666666666666665,1.3333333333333333,5,2.3333333333333335,0,4
20210402210294,3,1,1,23,2,100,1,3,1,1,1,1,1,1,1,2,2,2,1,6,1,40,0,40,0,0,40,0,0,0,0,0,0,0,0,0,0,0,0,0,0,0,0,0,60,60,0,150,0,90,0,60,0,0,0,0,0,0,495,0,0,0,0,105,405,300,300,0,90,105,0,695,0,70,0,625,0,0,0,0,0,0,0,0,0,0,0,0,0,0,0,0,0,0,0,0,0,0,0,0,0,0,0,0,0,0,4.333333333333333,0,3.3333333333333335,2.6666666666666665,0,5.666666666666667
20210402210523,5,1,3,37,2,100,1,3,1,1,1,1,1,1,1,1,2,1,1,9,1,90,0,90,0,0,90,0,0,0,0,0,0,0,0,0,0,0,0,0,0,0,0,0,180,180,0,120,0,0,0,0,0,0,120,0,0,0,210,0,0,0,0,210,210,0,0,0,0,210,0,655,0,65,0,590,0,0,0,0,0,0,0,0,0,0,0,0,0,0,0,0,0,0,0,0,0,0,0,0,185,0,0,0,185,0,6,0,2.6666666666666665,0,0,2
20210402210542,4,1,1,42,2,100,1,3,1,1,1,1,1,1,1,2,2,2,3,4,1,0,0,0,0,0,0,0,0,0,0,0,0,0,0,0,0,0,0,0,0,0,0,0,30,30,0,90,0,30,0,60,0,0,0,0,0,0,600,0,0,0,0,600,600,0,0,0,0,600,0,720,0,30,0,690,0,0,0,0,0,0,0,0,0,0,0,0,0,0,0,0,0,0,0,0,0,0,0,0,0,0,0,0,0,0,3,2.3333333333333335,3,2.6666666666666665,0,2.6666666666666665
20210402210656,5,1,2,30,1,100,6,3,1,1,1,1,1,1,1,1,2,2,1,5,1,20,0,20,0,0,20,0,0,0,0,0,0,0,0,0,0,0,0,0,0,0,0,0,20,20,0,60,0,0,0,0,0,0,0,0,0,60,570,0,413,0,0,143,556,413,0,0,14,143,0,720,0,60,0,660,0,50,0,10,0,0,0,0,0,0,0,40,0,0,0,0,0,0,0,0,0,0,0,0,0,0,0,0,0,0,6,0,0,0,0,6
20210402210667,5,1,2,65,2,203,1,5,2,2,1,1,2,2,2,4,2,2,2,4,1,0,0,0,0,0,0,0,0,0,0,0,0,0,0,0,0,0,0,0,0,0,0,0,45,45,0,0,0,0,0,0,0,0,0,0,0,0,810,0,0,0,0,810,810,0,0,0,0,300,0,585,0,0,0,585,0,0,0,0,0,0,0,0,0,0,0,0,0,0,0,0,0,0,0,0,0,0,0,0,0,0,0,0,0,0,3.6666666666666665,4.333333333333333,4.666666666666667,3.3333333333333335,4.333333333333333,2.6666666666666665
20210402210687,3,1,2,49,2,110,6,2,1,1,1,1,1,1,1,1,2,2,1,8,1,0,0,0,0,0,0,0,0,0,0,0,0,0,60,0,0,0,60,0,0,0,0,0,70,70,0,75,0,35,20,20,0,0,0,0,0,0,314,0,0,0,0,269,314,45,45,0,0,269,90,600,0,60,0,540,0,141,0,90,0,0,0,0,0,0,0,51,0,0,0,0,0,0,0,0,0,0,0,0,90,0,0,0,90,0,3.6666666666666665,0,1.6666666666666667,0,0,4.666666666666667
20210402210762,3,1,1,27,2,100,1,2,1,1,1,1,1,1,1,2,2,2,2,7,1,77,0,41,0,0,41,36,0,0,0,0,0,0,14,0,0,0,8,6,0,0,0,0,30,30,0,50,0,30,0,0,0,0,0,0,5,15,309,0,0,0,0,174,309,135,135,0,0,164,0,460,0,40,0,420,0,16,0,10,0,0,0,0,0,0,0,6,0,0,0,0,0,0,0,0,0,0,0,0,484,0,0,10,474,0,4.666666666666667,0.6666666666666666,3.6666666666666665,1.6666666666666667,0,4.666666666666667
20210402210781,3,1,1,50,1,100,1,3,1,1,1,1,1,1,1,2,1,2,2,10,1,0,0,0,0,0,0,0,0,0,0,0,0,0,0,0,0,0,0,0,0,0,0,0,135,135,0,130,0,0,0,0,0,100,30,0,0,0,235,0,0,0,0,235,235,0,0,0,0,110,0,360,0,0,0,360,0,0,0,0,0,0,0,0,0,0,0,0,0,60,0,0,0,0,0,60,0,0,0,0,520,0,0,20,500,0,5.333333333333333,0,2.6666666666666665,0,0,6
20210402210787,4,1,2,47,1,100,1,2,1,1,1,1,1,1,1,1,2,2,1,8,1,150,0,120,0,0,120,30,0,0,0,0,0,0,0,0,0,0,0,0,0,0,0,0,90,90,0,120,0,90,0,30,0,0,0,0,0,0,210,0,0,0,0,150,210,60,60,0,0,150,0,600,0,0,0,600,0,90,0,60,0,60,0,0,0,0,0,30,0,0,0,0,0,0,0,0,0,0,0,0,180,0,0,0,180,0,4.666666666666667,0.6666666666666666,2.6666666666666665,0.6666666666666666,0,4
20210402210847,5,1,3,37,2,100,1,1,1,1,1,1,1,1,1,2,2,2,1,7,1,150,0,150,0,0,150,0,0,0,0,0,0,0,0,0,0,0,0,0,0,0,0,0,212,200,12,220,0,70,0,150,0,0,0,0,0,0,30,0,0,0,30,0,0,0,0,30,0,0,0,791,0,40,0,751,0,37,0,20,0,0,0,0,0,0,0,17,0,0,0,0,0,0,0,0,0,0,0,0,0,0,0,0,0,0,4,0,1.3333333333333333,2,0,3.3333333333333335
20210402211202,5,1,2,39,2,100,1,3,1,1,1,1,1,1,1,3,2,2,2,5,1,240,0,240,60,0,180,0,0,0,0,0,0,0,0,0,0,0,0,0,0,0,0,0,100,100,0,490,0,70,60,360,0,0,0,0,0,0,70,0,0,0,0,70,70,0,0,0,0,70,0,300,0,0,0,300,0,0,0,0,0,0,0,0,0,0,0,0,0,0,0,0,0,0,0,0,0,0,0,0,240,0,0,0,240,0,4,0,5,3.3333333333333335,0,3
20210402211254,6,1,2,41,1,100,1,4,1,1,1,1,1,1,1,4,1,2,3,7,1,0,0,0,0,0,0,0,0,0,0,0,0,0,0,0,0,0,0,0,0,0,0,0,70,70,0,7,0,3,4,0,0,0,0,0,0,0,150,0,0,0,0,90,150,60,60,0,0,60,0,491,0,40,0,451,0,0,0,0,0,0,0,0,0,0,0,0,0,0,0,0,0,0,0,0,0,0,0,0,722,0,0,40,682,0,3,0,4.333333333333333,2.3333333333333335,1.6666666666666667,3.6666666666666665
20210402211289,5,1,3,34,1,100,1,3,1,1,1,1,1,1,1,1,2,2,3,10,1,799,0,125,0,0,125,0,0,0,0,0,0,0,136,0,0,0,1,135,0,0,0,0,0,0,0,30,0,30,0,0,0,0,0,0,0,0,60,0,0,0,0,60,60,0,0,0,0,60,0,415,0,0,0,415,0,0,0,0,0,0,0,0,0,0,0,0,0,0,0,0,0,0,0,0,0,0,0,0,0,0,0,0,0,0,6,0,4,1.3333333333333333,0,5.333333333333333
20210402211300,4,1,2,31,2,100,1,3,1,1,1,1,1,1,1,2,2,2,2,8,1,215,0,175,0,0,175,40,0,0,0,0,0,0,1,1,0,1,0,0,0,0,0,0,30,30,0,75,0,35,15,15,0,0,0,0,10,0,60,0,0,0,0,60,60,0,0,0,0,60,0,519,0,45,0,474,0,65,0,60,0,60,0,0,0,0,0,5,0,0,0,0,0,0,0,0,0,0,0,0,475,0,0,15,460,0,3.6666666666666665,0,4,3.3333333333333335,0.6666666666666666,3.3333333333333335
20210402211378,4,1,2,35,1,100,1,3,1,1,1,1,1,1,1,2,2,1,1,7,1,0,0,0,0,0,0,0,0,0,0,0,0,0,0,0,0,0,0,0,0,0,0,0,30,30,0,300,0,120,0,120,0,60,0,0,0,0,270,0,0,0,0,15,270,255,255,0,0,0,0,270,0,0,0,270,0,0,0,0,0,0,0,0,0,0,0,0,0,0,0,0,0,0,0,0,0,0,0,0,570,0,0,90,480,0,5.333333333333333,0,4.333333333333333,0,0,4.666666666666667
20210402211396,4,1,1,50,2,100,1,2,1,1,1,1,1,1,1,3,2,2,2,7,1,25,0,10,0,0,10,15,0,0,0,0,0,0,0,0,0,0,0,0,0,0,0,0,45,45,0,45,0,45,0,0,0,0,0,0,0,0,245,0,0,0,45,170,200,30,30,45,0,170,0,530,0,65,0,465,0,0,0,0,0,0,0,0,0,0,0,0,0,0,0,0,0,0,0,0,0,0,0,0,550,0,0,70,480,0,3.6666666666666665,0,2.6666666666666665,0,0,6
20210402211413,2,1,1,53,2,110,2,3,1,1,1,1,1,1,1,2,2,2,3,3,1,0,0,0,0,0,0,0,0,0,0,0,0,0,0,0,0,0,0,0,0,0,0,0,50,50,0,60,0,60,0,0,0,0,0,0,0,0,605,0,0,0,0,605,605,0,0,0,0,385,0,240,0,0,0,240,0,55,0,20,0,0,0,0,0,0,0,35,0,0,0,0,0,0,0,0,0,0,0,0,430,0,0,10,420,0,2,3,5.333333333333333,4,3,6
20210402211437,3,1,1,39,2,110,6,1,1,1,1,1,1,1,1,1,1,2,2,10,1,0,0,0,0,0,0,0,0,0,0,0,0,0,0,0,0,0,0,0,0,0,0,0,30,30,0,120,0,120,0,0,0,0,0,0,0,0,0,0,0,0,0,0,0,0,0,0,0,0,0,1150,0,90,0,1060,0,0,0,0,0,0,0,0,0,0,0,0,0,140,0,0,0,0,0,120,0,20,0,0,0,0,0,0,0,0,6,0,0,0,0,4.666666666666667
20210402211495,4,1,2,39,1,100,1,4,1,1,1,1,1,1,1,3,1,2,2,7,1,35,0,35,0,0,35,0,0,0,0,0,0,0,0,0,0,0,0,0,0,0,0,0,45,45,0,60,0,60,0,0,0,0,0,0,0,0,100,0,0,0,40,60,60,0,0,40,0,60,0,570,0,30,0,540,0,60,0,40,0,40,0,0,0,0,0,20,0,0,0,0,0,0,0,0,0,0,0,0,570,0,0,0,570,0,4,0,3.6666666666666665,2,0,4.333333333333333
20210402211609,6,1,2,20,2,100,6,2,1,1,1,1,1,1,1,2,2,1,2,5,1,0,0,0,0,0,0,0,0,0,0,0,0,0,0,0,0,0,0,0,355,0,355,0,85,70,15,0,0,0,0,0,0,0,0,0,0,0,0,0,0,0,0,0,0,0,0,0,0,0,0,700,0,80,0,620,0,0,0,0,0,0,0,0,0,0,0,0,0,0,0,0,0,0,0,0,0,0,0,0,300,0,0,15,285,0,3,0,2.6666666666666665,4.666666666666667,0,4
20210402211702,4,1,2,34,1,100,4,4,1,1,1,1,1,1,1,1,2,1,2,10,1,0,0,0,0,0,0,0,0,0,0,0,0,0,0,0,0,0,0,0,0,0,0,0,0,0,0,0,0,0,0,0,0,0,0,0,0,0,120,0,0,0,0,120,120,0,0,0,0,60,0,510,0,30,0,480,0,0,0,0,0,0,0,0,0,0,0,0,0,0,0,0,0,0,0,0,0,0,0,0,810,0,0,240,570,0,5.666666666666667,0,4,1.3333333333333333,3.3333333333333335,6
20210402211945,3,1,1,33,2,131,1,2,1,1,1,1,1,1,1,3,2,2,1,9,1,170,0,170,0,0,170,0,0,0,0,0,0,0,10,0,0,0,10,0,0,0,0,0,95,95,0,180,0,65,0,115,0,0,0,0,0,0,455,0,0,0,0,290,455,165,165,0,0,205,0,530,0,60,0,470,0,0,0,0,0,0,0,0,0,0,0,0,0,0,0,0,0,0,0,0,0,0,0,0,0,0,0,0,0,0,5.333333333333333,0,1.3333333333333333,0,0,5
20210402211988,5,1,3,38,2,100,1,2,1,1,1,1,1,1,1,2,2,2,2,8,1,0,0,0,0,0,0,0,0,0,0,0,0,0,0,0,0,0,0,0,0,0,0,0,60,60,0,60,0,30,0,30,0,0,0,0,0,0,255,0,0,0,15,240,240,0,0,15,0,150,0,570,0,15,0,555,0,30,0,10,0,0,0,0,0,0,0,20,0,0,0,0,0,0,0,0,0,0,0,0,465,0,0,0,465,0,3.6666666666666665,0,2.3333333333333335,0.3333333333333333,0,3.6666666666666665
20210402212071,4,1,2,39,2,110,1,1,1,1,1,1,1,1,1,4,2,2,1,7,1,190,0,190,60,0,130,0,0,0,0,0,0,0,0,0,0,0,0,0,0,0,0,0,90,90,0,60,0,60,0,0,0,0,0,0,0,0,185,0,0,0,20,165,165,0,0,20,0,165,0,405,0,25,0,380,0,0,0,0,0,0,0,0,0,0,0,0,0,0,0,0,0,0,0,0,0,0,0,0,510,0,0,0,510,0,5.333333333333333,0,3.6666666666666665,1.3333333333333333,0,6
20210402212173,4,1,2,48,2,131,1,2,1,1,1,1,1,1,1,1,2,2,2,8,1,145,0,12,0,0,12,133,0,0,0,0,0,0,0,0,0,0,0,0,0,0,0,0,75,75,0,288,0,110,0,178,0,0,0,0,0,0,330,0,0,0,0,185,330,145,145,0,0,140,0,525,0,45,0,480,0,32,0,30,0,30,0,0,0,0,0,2,0,0,0,0,0,0,0,0,0,0,0,0,45,0,45,0,0,0,5.666666666666667,0,1,0,0,5
20210402212256,4,1,2,40,2,100,1,4,1,1,1,1,1,1,1,4,2,2,2,6,1,0,0,0,0,0,0,0,0,0,0,0,0,0,0,0,0,0,0,0,0,0,0,0,45,45,0,330,0,210,0,120,0,0,0,0,0,0,475,0,0,0,0,475,475,0,0,0,0,295,0,540,0,0,0,540,0,50,0,30,0,30,0,0,0,0,0,20,0,0,0,0,0,0,0,0,0,0,0,0,0,0,0,0,0,0,4.666666666666667,3,1.3333333333333333,2.6666666666666665,2.6666666666666665,4.666666666666667
20210402212323,4,1,1,54,1,100,1,3,1,1,1,1,1,1,1,2,2,2,2,7,1,0,0,0,0,0,0,0,0,0,0,0,0,0,0,0,0,0,0,0,0,0,0,0,60,60,0,0,0,0,0,0,0,0,0,0,0,0,255,0,0,0,75,180,180,0,0,75,0,150,0,570,0,60,0,510,0,0,0,0,0,0,0,0,0,0,0,0,0,0,0,0,0,0,0,0,0,0,0,0,555,0,0,0,555,0,4,0,3,3.3333333333333335,0,4
20210403210020,4,1,2,33,1,110,6,2,1,1,1,1,1,1,1,2,2,2,2,5,1,0,0,0,0,0,0,0,0,0,0,0,0,0,0,0,0,0,0,0,45,0,45,0,110,110,0,60,0,0,0,60,0,0,0,0,0,0,120,0,0,0,0,120,120,0,0,0,0,0,40,555,0,50,20,455,30,0,0,0,0,0,0,0,0,0,0,0,0,0,0,0,0,0,0,0,0,0,0,0,510,0,0,60,450,0,5,0,6,5.5,4.5,6
20210403210102,3,1,1,51,2,110,5,3,1,1,1,1,1,1,1,2,1,2,2,6,1,30,0,30,0,0,30,0,0,0,0,0,0,0,180,60,0,60,120,0,0,0,0,0,50,50,0,300,0,180,0,120,0,0,0,0,0,0,0,0,0,0,0,0,0,0,0,0,0,0,0,660,0,90,0,570,0,50,0,30,0,30,0,0,0,0,0,20,0,0,0,0,0,0,0,0,0,0,0,0,170,0,0,0,170,0,3.3333333333333335,0.6666666666666666,2.6666666666666665,2.6666666666666665,0.3333333333333333,4.666666666666667
20210403210111,5,1,3,34,1,131,1,2,1,1,1,1,1,1,1,1,2,2,1,7,1,195,0,180,0,0,180,15,0,0,0,0,0,0,0,0,0,0,0,0,0,0,0,0,30,30,0,65,0,5,0,0,0,0,60,0,0,0,470,0,0,0,115,330,330,0,0,115,25,330,0,630,0,0,0,630,0,50,0,25,0,0,0,0,0,0,0,25,0,0,0,0,0,0,0,0,0,0,0,0,0,0,0,0,0,0,6,0,1.3333333333333333,0,0.6666666666666666,5
20210403210115,4,1,2,32,1,100,1,3,1,1,1,1,1,1,1,3,2,1,3,9,1,0,0,0,0,0,0,0,0,0,0,0,0,0,0,0,0,0,0,0,0,0,0,0,78,62,16,230,0,0,0,0,0,0,0,0,0,230,0,0,0,0,0,0,0,0,0,0,0,0,90,392,0,50,0,342,0,0,0,0,0,0,0,0,0,0,0,0,0,0,0,0,0,0,0,0,0,0,0,0,650,0,0,80,570,0,4.666666666666667,0,3.3333333333333335,0.3333333333333333,0,5.333333333333333
20210403210128,5,1,3,34,2,100,1,4,1,1,1,1,1,1,1,1,2,2,2,7,1,103,0,103,0,0,103,0,0,0,0,0,0,0,0,0,0,0,0,0,0,0,0,0,55,50,5,15,0,15,0,0,0,0,0,0,0,0,15,0,0,0,0,15,15,0,0,0,0,15,0,615,0,45,0,570,0,87,0,35,0,30,0,0,0,0,0,52,0,0,0,0,0,0,0,0,0,0,0,0,550,0,0,30,520,0,6,0,2.6666666666666665,0,0,5
20210403210139,5,1,2,18,1,100,6,3,1,1,1,1,1,1,1,2,2,2,1,8,1,0,0,0,0,0,0,0,0,0,0,0,0,0,0,0,0,0,0,0,240,0,240,0,60,60,0,145,0,0,0,145,0,0,0,0,0,0,300,0,0,0,0,90,300,210,210,0,0,90,0,605,0,15,0,590,0,90,0,60,0,60,0,0,0,0,0,30,0,0,0,0,0,0,0,0,0,0,0,0,0,0,0,0,0,0,4.333333333333333,0,1.6666666666666667,1,0,4.666666666666667
20210403210170,4,1,1,18,2,131,6,2,1,1,1,1,1,1,1,1,2,2,2,7,1,0,0,0,0,0,0,0,0,0,0,0,0,0,0,0,0,0,0,0,210,0,210,0,150,150,0,30,0,0,0,30,0,0,0,0,0,0,175,0,0,0,0,175,175,0,0,0,0,175,0,670,0,40,0,630,0,205,0,180,0,60,0,0,0,0,0,25,0,0,0,0,0,0,0,0,0,0,0,0,0,0,0,0,0,0,3.5,0,0.5,0.5,0.5,3
20210403210177,5,1,1,22,2,100,6,2,1,1,1,1,1,1,1,2,2,2,2,8,1,0,0,0,0,0,0,0,0,0,0,0,0,0,125,0,0,0,125,0,0,0,0,0,105,105,0,20,0,20,0,0,0,0,0,0,0,0,65,0,0,0,0,65,65,0,0,0,0,30,0,630,0,60,0,570,0,0,0,0,0,0,0,0,0,0,0,0,0,0,0,0,0,0,0,0,0,0,0,0,495,0,0,30,465,0,5.666666666666667,0,1.6666666666666667,0,0,4.666666666666667
20210403210195,4,1,1,18,2,100,6,2,1,1,1,1,1,1,1,2,2,1,3,8,1,0,0,0,0,0,0,0,0,0,0,0,0,0,123,0,0,0,123,0,240,160,60,20,90,90,0,0,0,0,0,0,0,0,0,0,0,0,300,0,0,0,0,300,300,0,0,0,0,240,0,600,0,60,0,540,0,87,0,20,0,0,30,0,0,0,30,37,0,0,0,0,0,0,0,0,0,0,0,0,0,0,0,0,0,0,4.333333333333333,1.3333333333333333,2.6666666666666665,4,0.6666666666666666,2
20210403210208,5,1,2,24,1,201,6,3,1,1,1,1,1,1,1,1,2,2,2,7,1,0,0,0,0,0,0,0,0,0,0,0,0,0,0,0,0,0,0,0,0,0,0,0,30,30,0,0,0,0,0,0,0,0,0,0,0,0,273,0,0,0,202,55,55,0,0,202,16,0,0,467,0,55,0,412,0,0,0,0,0,0,0,0,0,0,0,0,0,0,0,0,0,0,0,0,0,0,0,0,670,0,0,50,620,0,5,0,0,4.666666666666667,0,5
20210403210244,6,1,2,23,2,100,6,3,1,1,1,1,1,1,1,1,2,1,2,8,1,0,0,0,0,0,0,0,0,0,0,0,0,0,240,0,0,0,240,0,0,0,0,0,15,15,0,0,0,0,0,0,0,0,0,0,0,0,310,0,0,0,0,310,310,0,0,0,0,130,0,716,0,20,0,696,0,25,0,20,0,0,0,0,0,0,0,5,0,0,0,0,0,0,0,0,0,0,0,0,134,10,0,0,124,0,5.666666666666667,0,1.3333333333333333,0,0,0
20210403210247,3,1,1,24,1,100,1,3,1,1,1,1,1,1,1,1,2,2,2,8,1,48,0,46,0,0,46,2,0,0,0,0,0,0,0,0,0,0,0,0,0,0,0,0,0,0,0,2,0,0,2,0,0,0,0,0,0,0,521,0,0,0,0,260,519,259,259,0,2,260,0,749,0,20,0,729,0,120,0,70,0,0,0,0,0,0,0,50,0,0,0,0,0,0,0,0,0,0,0,0,0,0,0,0,0,0,4.666666666666667,0,0,0,0,3.6666666666666665
20210403210257,3,1,1,19,2,110,6,1,1,1,1,1,1,1,1,2,2,2,2,8,1,0,0,0,0,0,0,0,40,20,0,20,0,20,0,0,0,0,0,0,0,0,0,0,20,20,0,95,0,80,0,0,0,0,15,0,0,0,415,0,0,0,60,190,295,105,105,60,60,105,0,737,0,70,0,667,0,133,0,27,0,0,0,0,0,0,0,106,0,0,0,0,0,0,0,0,0,0,0,0,0,0,0,0,0,0,6,0,2.5,0,0,6
20210403210274,4,1,2,23,2,110,6,2,1,1,1,1,1,1,1,1,2,1,2,10,1,240,0,215,0,0,215,25,0,0,0,0,0,0,40,0,0,0,40,0,0,0,0,0,40,40,0,185,0,80,0,90,0,15,0,0,0,0,255,0,0,0,0,150,255,105,105,0,0,70,130,510,0,0,0,510,0,0,0,0,0,0,0,0,0,0,0,0,0,40,0,0,0,0,0,40,0,0,0,0,0,0,0,0,0,0,4,0,1.3333333333333333,0.6666666666666666,0,4.666666666666667
20210403210279,3,1,1,22,1,100,1,2,1,1,1,1,1,1,1,3,2,2,2,9,1,35,0,35,0,0,35,0,0,0,0,0,0,0,0,0,0,0,0,0,0,0,0,0,70,70,0,62,0,42,0,5,0,0,0,0,15,0,268,0,0,0,0,210,230,20,20,0,38,180,0,500,0,30,0,470,0,5,0,5,0,0,0,0,0,0,0,0,0,0,0,0,0,0,0,0,0,0,0,0,500,0,0,30,470,0,5.666666666666667,0,1.6666666666666667,0.6666666666666666,0,3.6666666666666665
20210403210296,3,1,1,19,1,100,6,3,1,1,1,1,1,1,1,1,2,2,3,6,1,0,0,0,0,0,0,0,0,0,0,0,0,0,0,0,0,0,0,0,0,0,0,0,90,90,0,135,0,15,0,120,0,0,0,0,0,0,600,0,0,0,0,250,530,280,280,0,70,135,0,615,0,0,0,615,0,0,0,0,0,0,0,0,0,0,0,0,0,0,0,0,0,0,0,0,0,0,0,0,0,0,0,0,0,0,4.666666666666667,0,4.333333333333333,0.3333333333333333,0,2
20210403210313,4,1,1,19,2,100,6,4,1,1,1,1,1,1,1,1,2,2,2,6,1,30,15,0,0,0,0,15,16,6,0,6,0,10,120,0,0,0,120,0,340,240,0,100,30,30,0,50,0,50,0,0,0,0,0,0,0,0,330,0,0,0,0,330,330,0,0,0,0,330,0,424,0,60,0,364,0,100,0,35,0,0,0,0,0,0,0,65,0,0,0,0,0,0,0,0,0,0,0,0,0,0,0,0,0,0,3.3333333333333335,0.3333333333333333,3.3333333333333335,4.666666666666667,0,3.3333333333333335
20210403210332,4,1,2,21,2,100,6,2,1,1,1,1,1,1,1,1,2,2,2,10,1,25,0,25,0,0,25,0,0,0,0,0,0,0,0,0,0,0,0,0,0,0,0,0,130,105,25,0,0,0,0,0,0,0,0,0,0,0,100,0,0,0,0,100,100,0,0,0,0,0,0,625,0,10,0,615,0,7,0,2,0,0,0,0,0,0,0,5,0,0,0,0,0,0,0,0,0,0,0,0,553,0,0,20,533,0,6,0,3,0,0,6
20210403210348,3,1,1,24,2,100,1,3,1,1,1,1,1,1,1,1,2,2,1,10,1,45,0,45,0,0,45,0,0,0,0,0,0,0,0,0,0,0,0,0,0,0,0,0,120,90,30,285,0,15,0,150,0,0,120,0,0,0,240,0,0,0,0,90,210,120,120,0,30,0,0,750,0,60,0,690,0,0,0,0,0,0,0,0,0,0,0,0,0,0,0,0,0,0,0,0,0,0,0,0,0,0,0,0,0,0,6,0,0,0,0,6
20210403210359,5,1,1,21,1,100,6,2,1,1,1,1,1,1,1,3,2,2,3,7,1,0,0,0,0,0,0,0,0,0,0,0,0,0,0,0,0,0,0,0,455,180,275,0,73,73,0,26,0,25,0,0,1,0,0,0,0,0,325,0,0,0,137,138,168,30,30,137,20,133,0,531,0,20,0,511,0,0,0,0,0,0,0,0,0,0,0,0,0,30,30,0,0,0,0,0,0,0,30,30,0,0,0,0,0,0,3.3333333333333335,1,2.3333333333333335,3,0,2.6666666666666665
20210403210528,3,1,1,27,1,100,1,1,1,1,1,1,1,1,1,3,2,2,1,7,1,0,0,0,0,0,0,0,0,0,0,0,0,0,0,0,0,0,0,0,0,0,0,0,210,205,5,45,0,0,45,0,0,0,0,0,0,0,210,0,0,0,0,0,145,145,145,0,65,0,0,405,0,30,0,375,0,0,0,0,0,0,0,0,0,0,0,0,0,0,0,0,0,0,0,0,0,0,0,0,570,0,0,90,480,0,6,0,1,1,0,5.333333333333333
20210403210543,6,1,2,32,2,100,1,1,1,1,1,1,1,1,1,1,2,2,3,10,1,30,0,30,0,0,30,0,0,0,0,0,0,0,180,30,30,0,150,0,0,0,0,0,15,15,0,325,0,175,60,90,0,0,0,0,0,0,390,0,0,0,60,315,315,0,0,60,15,170,0,420,0,60,0,360,0,50,0,20,0,0,0,0,0,0,0,30,0,0,0,0,0,0,0,0,0,0,0,0,30,0,30,0,0,0,3.3333333333333335,1.3333333333333333,0,3.3333333333333335,0,6
20210403210550,3,1,2,50,2,100,4,2,1,1,1,1,1,1,1,2,2,2,1,7,1,0,0,0,0,0,0,0,40,30,0,30,0,10,0,0,0,0,0,0,0,0,0,0,140,110,30,30,0,0,0,0,0,0,30,0,0,0,365,0,0,0,0,240,320,80,80,0,45,120,120,535,0,0,0,535,0,210,0,120,0,0,75,0,0,0,75,15,0,0,0,0,0,0,0,0,0,0,0,0,0,0,0,0,0,0,5.666666666666667,0,1,1.3333333333333333,0,4
20210403210583,3,1,1,42,2,100,1,1,1,1,1,1,1,1,1,1,1,2,2,5,1,0,0,0,0,0,0,0,0,0,0,0,0,0,0,0,0,0,0,0,0,0,0,0,30,30,0,60,0,60,0,0,0,0,0,0,0,0,210,0,0,0,0,210,210,0,0,0,0,60,0,625,0,60,0,565,0,0,0,0,0,0,0,0,0,0,0,0,0,0,0,0,0,0,0,0,0,0,0,0,515,0,0,40,475,0,4,4,4,4,4.333333333333333,3.6666666666666665
20210403210584,5,1,3,44,2,100,1,3,1,1,1,1,1,1,1,2,2,1,2,8,1,250,0,250,0,0,250,0,0,0,0,0,0,0,0,0,0,0,0,0,0,0,0,0,135,135,0,75,0,75,0,0,0,0,0,0,0,0,490,0,0,0,0,415,490,75,75,0,0,240,0,480,0,0,0,480,0,0,0,0,0,0,0,0,0,0,0,0,0,0,0,0,0,0,0,0,0,0,0,0,10,0,0,0,10,0,4.666666666666667,0,1.3333333333333333,2.6666666666666665,0,4.333333333333333
20210403210597,4,1,1,40,1,110,1,4,2,2,1,1,2,2,1,1,1,1,1,8,1,40,0,40,0,0,40,0,46,0,0,0,6,40,0,0,0,0,0,0,0,0,0,0,55,55,0,65,0,10,0,45,0,0,0,0,10,0,120,0,0,0,0,120,120,0,0,0,0,120,0,534,0,23,0,511,0,0,0,0,0,0,0,0,0,0,0,0,0,0,0,0,0,0,0,0,0,0,0,0,580,0,0,51,529,0,5,0,2,0.3333333333333333,0.6666666666666666,6
20210403210600,8,1,6,33,2,100,6,3,1,1,1,1,1,1,1,2,2,2,2,8,1,226,0,166,0,0,166,60,0,0,0,0,0,0,0,0,0,0,0,0,0,0,0,0,60,60,0,100,0,55,15,30,0,0,0,0,0,0,0,0,0,0,0,0,0,0,0,0,0,0,0,599,0,50,0,549,0,100,0,60,0,0,0,0,0,0,0,40,0,0,0,0,0,0,0,0,0,0,0,0,355,0,0,115,240,0,4,0,5,1,0,6
20210403210602,6,1,2,51,2,100,1,2,1,1,1,1,1,1,1,2,2,2,1,7,1,78,0,8,0,0,8,70,0,0,0,0,0,0,0,0,0,0,0,0,0,0,0,0,60,60,0,220,80,60,0,60,0,0,0,20,0,0,522,0,0,0,0,15,492,477,477,0,30,0,45,485,0,25,0,460,0,30,0,10,0,0,0,0,0,0,0,20,0,0,0,0,0,0,0,0,0,0,0,0,0,0,0,0,0,0,3,0,2.6666666666666665,1,0,2.3333333333333335
20210403210634,5,1,3,38,1,100,1,2,1,1,1,1,1,1,1,3,2,2,2,7,1,100,0,100,0,0,100,0,0,0,0,0,0,0,0,0,0,0,0,0,0,0,0,0,30,30,0,0,0,0,0,0,0,0,0,0,0,0,290,0,0,0,0,200,290,90,90,0,0,200,0,480,0,0,0,480,0,0,0,0,0,0,0,0,0,0,0,0,0,0,0,0,0,0,0,0,0,0,0,0,540,0,0,0,540,0,4,0,0,0.3333333333333333,0,3.3333333333333335
20210403210653,4,1,2,37,2,100,1,2,1,1,1,1,1,1,1,1,2,2,1,8,1,50,0,50,0,0,50,0,0,0,0,0,0,0,0,0,0,0,0,0,0,0,0,0,30,30,0,367,0,90,0,270,0,0,0,0,7,0,453,0,0,0,0,120,445,325,325,0,8,120,0,540,0,10,0,530,0,0,0,0,0,0,0,0,0,0,0,0,0,0,0,0,0,0,0,0,0,0,0,0,0,0,0,0,0,0,4.666666666666667,0,1.3333333333333333,1.3333333333333333,0,5
20210403210666,6,1,3,36,1,100,1,2,1,1,1,1,1,1,1,2,2,1,2,5,1,0,0,0,0,0,0,0,0,0,0,0,0,0,0,0,0,0,0,0,0,0,0,0,50,50,0,0,0,0,0,0,0,0,0,0,0,0,135,0,0,0,0,15,135,120,120,0,0,0,0,445,0,175,0,270,0,0,0,0,0,0,0,0,0,0,0,0,0,0,0,0,0,0,0,0,0,0,0,0,810,0,0,250,560,0,3,0,1.6666666666666667,2,2.3333333333333335,0
20210403210670,4,1,2,33,1,100,1,2,1,1,1,1,1,1,1,3,2,2,2,8,1,760,0,760,0,0,760,0,0,0,0,0,0,0,0,0,0,0,0,0,0,0,0,0,70,70,0,175,0,130,0,45,0,0,0,0,0,0,0,0,0,0,0,0,0,0,0,0,0,0,0,435,0,45,0,390,0,0,0,0,0,0,0,0,0,0,0,0,0,0,0,0,0,0,0,0,0,0,0,0,0,0,0,0,0,0,4.333333333333333,0,4.333333333333333,2.3333333333333335,0,4.666666666666667
20210403210687,3,1,2,34,2,100,1,1,1,1,1,1,1,1,1,1,2,2,2,6,1,60,0,60,0,0,60,0,0,0,0,0,0,0,0,0,0,0,0,0,0,0,0,0,25,25,0,275,0,5,0,270,0,0,0,0,0,0,165,0,0,0,0,165,165,0,0,0,0,60,0,896,0,60,0,836,0,19,0,15,0,0,0,0,0,0,0,4,0,0,0,0,0,0,0,0,0,0,0,0,0,0,0,0,0,0,6,2,2.5,2,0,3.5
20210403210716,4,1,2,27,2,100,1,2,1,1,1,1,1,1,1,1,2,2,2,10,1,330,0,330,0,0,330,0,0,0,0,0,0,0,0,0,0,0,0,0,0,0,0,0,30,30,0,0,0,0,0,0,0,0,0,0,0,0,0,0,0,0,0,0,0,0,0,0,0,0,0,810,0,60,0,750,0,30,0,30,0,0,0,0,0,0,0,0,0,240,0,0,0,0,0,180,0,60,0,0,0,0,0,0,0,0,6,0,0,0,0,6
20210403210723,3,1,1,37,1,100,1,2,1,1,1,1,1,1,1,3,2,2,2,10,1,60,0,60,0,0,60,0,0,0,0,0,0,0,0,0,0,0,0,0,0,0,0,0,170,150,20,295,0,0,0,0,0,265,30,0,0,0,390,0,0,0,0,240,360,120,120,0,30,180,0,485,0,20,0,465,0,40,0,20,0,15,0,0,0,0,0,20,0,0,0,0,0,0,0,0,0,0,0,0,0,0,0,0,0,0,6,0,0.6666666666666666,0,0,5.666666666666667
20210403210739,5,1,3,39,1,100,1,2,1,1,1,1,1,1,1,1,2,2,2,8,1,0,0,0,0,0,0,0,0,0,0,0,0,0,0,0,0,0,0,0,0,0,0,0,90,90,0,35,0,35,0,0,0,0,0,0,0,0,50,0,0,0,0,50,50,0,0,0,0,50,0,595,0,30,0,565,0,0,0,0,0,0,0,0,0,0,0,0,0,0,0,0,0,0,0,0,0,0,0,0,670,0,0,120,550,0,5.333333333333333,0,3,1,0.3333333333333333,3.6666666666666665
20210403210772,4,1,1,51,2,100,1,2,1,1,1,1,1,1,1,1,2,2,3,8,1,17,0,2,0,0,2,15,0,0,0,0,0,0,0,0,0,0,0,0,0,0,0,0,35,35,0,257,0,57,90,55,0,0,55,0,0,0,90,0,0,0,0,90,90,0,0,0,0,90,0,500,0,20,0,480,0,0,0,0,0,0,0,0,0,0,0,0,0,0,0,0,0,0,0,0,0,0,0,0,541,0,0,25,516,0,2,1.3333333333333333,2.6666666666666665,3.6666666666666665,2,4
20210403210784,3,1,1,60,1,100,1,3,1,1,1,1,1,1,1,2,2,2,3,6,1,0,0,0,0,0,0,0,0,0,0,0,0,0,0,0,0,0,0,0,0,0,0,0,30,30,0,45,0,0,0,0,0,30,15,0,0,0,605,0,0,0,0,605,605,0,0,0,0,605,0,540,0,0,0,540,0,220,0,200,0,0,0,0,0,0,0,20,0,0,0,0,0,0,0,0,0,0,0,0,0,0,0,0,0,0,4.666666666666667,0,3.6666666666666665,0.6666666666666666,2.3333333333333335,3.6666666666666665
20210403210795,5,1,3,78,2,110,3,3,1,1,1,1,1,1,1,1,1,1,1,10,1,0,0,0,0,0,0,0,0,0,0,0,0,0,0,0,0,0,0,0,0,0,0,0,60,60,0,80,0,20,0,60,0,0,0,0,0,0,970,0,0,0,0,970,970,0,0,0,0,900,0,300,0,0,0,300,0,0,0,0,0,0,0,0,0,0,0,0,0,30,0,0,0,0,0,30,0,0,0,0,0,0,0,0,0,0,6,0,0,0,0,6
20210403210817,3,1,1,66,2,110,1,3,1,1,1,1,1,1,1,1,2,2,2,10,1,0,0,0,0,0,0,0,0,0,0,0,0,0,0,0,0,0,0,0,0,0,0,0,20,20,0,128,0,63,0,50,0,0,15,0,0,0,451,0,0,0,0,270,411,141,141,0,40,150,0,746,0,35,0,711,0,95,0,60,0,0,0,0,0,0,0,35,0,0,0,0,0,0,0,0,0,0,0,0,0,0,0,0,0,0,3.6666666666666665,0,3,0.3333333333333333,1.3333333333333333,5.333333333333333
20210403210832,4,1,2,44,1,100,1,2,1,1,1,1,1,1,1,2,2,2,2,7,1,0,0,0,0,0,0,0,0,0,0,0,0,0,0,0,0,0,0,0,0,0,0,0,105,105,0,125,0,65,0,0,0,0,60,0,0,0,515,0,0,0,90,365,425,60,60,90,0,45,0,450,0,30,0,420,0,65,0,45,0,0,0,0,0,0,0,20,0,0,0,0,0,0,0,0,0,0,0,0,180,0,0,0,180,0,4.5,0,2.5,0.5,0,5
20210403210849,2,1,1,76,2,100,3,4,2,1,1,2,1,2,1,2,1,1,1,6,1,60,0,60,0,0,60,0,0,0,0,0,0,0,0,0,0,0,0,0,0,0,0,0,60,60,0,110,0,95,10,0,0,0,5,0,0,0,490,0,0,0,0,240,480,240,240,0,10,180,0,660,0,0,0,660,0,60,0,45,0,0,0,0,0,0,0,15,0,0,0,0,0,0,0,0,0,0,0,0,0,0,0,0,0,0,5,0.6666666666666666,2.6666666666666665,1,1,4.666666666666667
20210403210857,4,1,2,29,2,100,1,3,1,1,1,1,1,1,1,1,2,2,2,6,1,20,0,20,0,0,20,0,0,0,0,0,0,0,70,0,0,0,70,0,0,0,0,0,195,195,0,355,0,215,0,140,0,0,0,0,0,0,155,0,0,0,0,140,155,15,15,0,0,140,0,645,0,15,0,630,0,0,0,0,0,0,0,0,0,0,0,0,0,0,0,0,0,0,0,0,0,0,0,0,0,0,0,0,0,0,5.333333333333333,1.6666666666666667,1.6666666666666667,1.6666666666666667,0,5.333333333333333
20210403210884,4,1,2,40,2,110,6,3,1,1,1,1,1,1,1,2,2,2,2,7,1,60,0,60,0,0,60,0,0,0,0,0,0,0,0,0,0,0,0,0,0,0,0,0,80,80,0,550,0,60,0,490,0,0,0,0,0,0,210,0,0,0,0,210,210,0,0,0,0,210,0,540,0,30,0,510,0,0,0,0,0,0,0,0,0,0,0,0,0,0,0,0,0,0,0,0,0,0,0,0,0,0,0,0,0,0,3.3333333333333335,0,5.333333333333333,1.3333333333333333,4,6
20210403210887,4,1,2,35,2,100,1,1,1,1,1,1,1,1,1,3,2,2,1,9,1,80,0,80,0,0,80,0,0,0,0,0,0,0,0,0,0,0,0,0,0,0,0,0,50,50,0,175,0,165,0,10,0,0,0,0,0,0,390,0,0,0,0,140,390,250,250,0,0,140,60,590,0,35,0,555,0,95,0,75,0,60,0,0,0,0,0,20,0,0,0,0,0,0,0,0,0,0,0,0,0,0,0,0,0,0,4.666666666666667,0,3.3333333333333335,0.3333333333333333,0,4.333333333333333
20210403210899,5,1,3,41,1,100,1,4,1,1,1,1,1,1,1,2,2,1,1,8,1,0,0,0,0,0,0,0,0,0,0,0,0,0,0,0,0,0,0,0,0,0,0,0,60,60,0,0,0,0,0,0,0,0,0,0,0,0,120,0,0,0,0,120,120,0,0,0,0,0,0,510,0,90,0,420,0,0,0,0,0,0,0,0,0,0,0,0,0,0,0,0,0,0,0,0,0,0,0,0,750,0,0,120,630,0,5,0,2,1.6666666666666667,0,4
20210403210923,3,1,1,37,1,100,1,4,1,1,1,1,1,1,1,1,1,2,2,8,1,0,0,0,0,0,0,0,0,0,0,0,0,0,0,0,0,0,0,0,0,0,0,0,300,300,0,330,0,0,0,0,0,0,0,0,0,330,90,0,0,0,0,90,90,0,0,0,0,90,0,720,0,0,0,720,0,0,0,0,0,0,0,0,0,0,0,0,0,0,0,0,0,0,0,0,0,0,0,0,0,0,0,0,0,0,5.333333333333333,0,3.3333333333333335,0.6666666666666666,1.3333333333333333,6
20210403210930,4,1,1,49,2,100,1,3,1,1,1,1,1,1,1,3,2,2,1,5,1,90,0,90,0,0,90,0,0,0,0,0,0,0,0,0,0,0,0,0,0,0,0,0,15,15,0,90,0,90,0,0,0,0,0,0,0,0,300,0,0,0,0,300,300,0,0,0,0,300,30,555,0,45,0,510,0,150,0,95,0,0,0,0,0,0,0,55,0,165,165,0,0,0,0,0,0,0,165,165,45,0,0,35,10,0,3.6666666666666665,0,4.666666666666667,2.6666666666666665,3,3.3333333333333335
20210403210936,7,1,2,48,1,131,1,2,1,1,1,1,1,1,1,2,1,2,2,7,1,0,0,0,0,0,0,0,0,0,0,0,0,0,0,0,0,0,0,0,0,0,0,0,105,105,0,210,0,90,0,120,0,0,0,0,0,0,310,0,0,0,0,240,310,70,70,0,0,180,90,570,0,90,0,480,0,155,0,10,0,0,50,0,0,0,50,95,0,0,0,0,0,0,0,0,0,0,0,0,0,0,0,0,0,0,5,0,3.6666666666666665,2.3333333333333335,2,5
20210403210947,4,1,2,43,2,100,1,3,1,1,1,1,1,1,1,4,2,2,2,6,1,210,0,210,210,0,0,0,0,0,0,0,0,0,0,0,0,0,0,0,0,0,0,0,20,20,0,240,0,120,0,120,0,0,0,0,0,0,0,0,0,0,0,0,0,0,0,0,0,0,0,400,0,65,0,335,0,0,0,0,0,0,0,0,0,0,0,0,0,0,0,0,0,0,0,0,0,0,0,0,570,0,0,10,560,0,1.5,4.5,6,6,4.5,4.5
20210403210953,4,1,2,47,1,100,1,3,1,1,1,1,1,1,1,2,2,2,1,3,1,0,0,0,0,0,0,0,0,0,0,0,0,0,0,0,0,0,0,0,0,0,0,0,100,85,15,30,0,0,0,0,0,0,30,0,0,0,350,0,0,0,0,350,350,0,0,0,0,260,30,480,0,30,0,450,0,0,0,0,0,0,0,0,0,0,0,0,0,0,0,0,0,0,0,0,0,0,0,0,450,0,0,0,450,0,4,0,2,1.6666666666666667,0,2.3333333333333335
20210403210960,2,1,1,36,1,100,6,1,1,1,1,1,1,1,1,1,2,2,2,9,1,0,0,0,0,0,0,0,0,0,0,0,0,0,0,0,0,0,0,0,0,0,0,0,40,40,0,270,0,120,0,150,0,0,0,0,0,0,530,0,0,0,0,290,530,240,240,0,0,290,0,600,0,0,0,600,0,0,0,0,0,0,0,0,0,0,0,0,0,0,0,0,0,0,0,0,0,0,0,0,0,0,0,0,0,0,4.666666666666667,0,0.3333333333333333,0,0,2.6666666666666665
20210403210976,4,1,1,42,1,100,6,4,1,1,1,1,1,1,1,2,2,1,2,4,1,7,1,0,0,0,0,6,117,27,0,27,0,90,0,0,0,0,0,0,0,0,0,0,40,30,0,118,0,110,0,5,0,0,3,0,0,0,428,0,0,0,0,428,428,0,0,0,0,428,153,570,0,0,0,570,0,7,0,2,0,0,0,0,0,0,0,5,0,0,0,0,0,0,0,0,0,0,0,0,0,0,0,0,0,0,3.6666666666666665,0,0.3333333333333333,0.6666666666666666,0,3
20210403210990,3,1,1,42,1,100,1,1,1,1,1,1,1,1,1,2,2,2,1,7,1,330,30,260,20,0,240,40,0,0,0,0,0,0,0,0,0,0,0,0,0,0,0,0,115,100,15,160,0,75,45,30,0,0,10,0,0,0,45,0,0,0,45,0,0,0,0,45,0,0,0,510,0,30,0,480,0,50,0,10,0,0,0,0,0,0,0,40,0,0,0,0,0,0,0,0,0,0,0,0,230,0,0,0,230,0,4.666666666666667,0,2,3.3333333333333335,0,5.333333333333333
20210403211046,3,1,1,46,2,100,1,4,1,1,1,1,1,1,1,3,1,1,2,8,1,450,0,450,0,0,450,0,0,0,0,0,0,0,0,0,0,0,0,0,0,0,0,0,131,86,25,40,0,0,5,0,0,0,35,0,0,0,80,0,0,0,0,60,80,20,20,0,0,0,0,675,0,20,0,655,0,64,0,44,0,0,0,0,0,0,0,20,0,0,0,0,0,0,0,0,0,0,0,0,0,0,0,0,0,0,4,0,3.3333333333333335,2.3333333333333335,3.3333333333333335,5.666666666666667
20210403211056,5,1,3,32,1,100,1,1,1,1,1,1,1,1,1,1,2,2,2,10,1,0,0,0,0,0,0,0,0,0,0,0,0,0,15,0,0,0,15,0,0,0,0,0,30,30,0,90,0,90,0,0,0,0,0,0,0,0,165,0,0,0,0,165,165,0,0,0,0,165,0,510,0,30,0,480,0,0,0,0,0,0,0,0,0,0,0,0,0,0,0,0,0,0,0,0,0,0,0,0,630,0,0,30,600,0,6,0,0,0,0,6
20210403211066,4,1,2,41,1,100,1,3,1,1,1,1,1,1,1,2,2,2,1,7,1,85,0,45,0,0,45,40,0,0,0,0,0,0,0,0,0,0,0,0,0,0,0,0,29,25,0,38,0,0,23,0,0,0,0,0,15,0,225,0,0,0,0,210,225,15,15,0,0,210,0,432,0,30,0,402,0,100,0,63,0,0,0,0,0,0,0,37,0,0,0,0,0,0,0,0,0,0,0,0,531,0,0,35,496,0,4,0,1,1,0,4
20210403211077,4,1,2,40,1,100,1,5,2,1,1,2,2,2,2,1,2,1,2,6,1,411,6,365,0,0,365,40,0,0,0,0,0,0,1,0,0,0,1,0,0,0,0,0,30,30,0,70,0,15,0,0,0,0,55,0,0,0,297,0,0,0,0,297,297,0,0,0,0,148,105,390,0,0,0,390,0,136,0,55,0,0,0,0,0,0,0,81,0,0,0,0,0,0,0,0,0,0,0,0,0,0,0,0,0,0,2.3333333333333335,0,2,0,1.3333333333333333,3.6666666666666665
20210403211106,3,1,1,36,2,100,1,2,1,1,1,1,1,1,1,2,2,2,2,5,1,113,0,113,0,0,113,0,0,0,0,0,0,0,0,0,0,0,0,0,0,0,0,0,20,20,0,0,0,0,0,0,0,0,0,0,0,0,722,0,0,0,0,722,722,0,0,0,0,722,0,585,0,0,0,585,0,0,0,0,0,0,0,0,0,0,0,0,0,0,0,0,0,0,0,0,0,0,0,0,0,0,0,0,0,0,5.333333333333333,0,6,2.3333333333333335,1,6
20210403211135,3,1,1,39,2,100,1,1,1,1,1,1,1,1,1,3,2,2,2,9,1,115,0,75,0,0,75,40,0,0,0,0,0,0,0,0,0,0,0,0,0,0,0,0,20,20,0,151,0,86,0,50,0,0,15,0,0,0,175,0,0,0,75,60,60,0,0,75,40,60,0,435,0,50,0,385,0,110,0,70,0,60,0,0,0,0,0,40,0,0,0,0,0,0,0,0,0,0,0,0,434,0,0,0,434,0,3.6666666666666665,0,3.3333333333333335,0.6666666666666666,0,3
20210403211136,3,1,1,29,2,100,1,1,1,1,1,1,1,1,1,3,2,2,1,9,1,252,0,252,0,0,252,0,0,0,0,0,0,0,0,0,0,0,0,0,0,0,0,0,125,65,60,83,0,83,0,0,0,0,0,0,0,0,345,0,0,0,0,220,310,90,90,0,35,220,85,540,0,10,0,530,0,0,0,0,0,0,0,0,0,0,0,0,0,0,0,0,0,0,0,0,0,0,0,0,10,0,0,0,10,0,5,0,2,0.6666666666666666,0,4
20210403211150,3,1,2,51,1,100,2,1,1,1,1,1,1,1,1,1,2,2,2,10,1,5,0,5,0,0,5,0,0,0,0,0,0,0,0,0,0,0,0,0,0,0,0,0,105,105,0,330,0,60,0,250,0,0,0,0,20,0,0,0,0,0,0,0,0,0,0,0,0,0,0,490,0,100,0,390,0,0,0,0,0,0,0,0,0,0,0,0,0,0,0,0,0,0,0,0,0,0,0,0,510,0,0,50,460,0,3,0,0,0,0,6
20210403211176,4,1,2,70,2,100,4,3,1,1,1,1,1,1,1,2,1,2,1,5,1,0,0,0,0,0,0,0,0,0,0,0,0,0,0,0,0,0,0,0,0,0,0,0,55,55,0,0,0,0,0,0,0,0,0,0,0,0,750,0,0,0,0,705,720,15,15,0,30,540,0,635,0,5,0,630,0,0,0,0,0,0,0,0,0,0,0,0,0,0,0,0,0,0,0,0,0,0,0,0,0,0,0,0,0,0,4.333333333333333,0,0.3333333333333333,0,0,4.333333333333333
20210403211179,3,1,1,35,1,100,1,2,1,1,1,1,1,1,1,2,2,2,1,7,1,105,0,105,0,0,105,0,0,0,0,0,0,0,0,0,0,0,0,0,0,0,0,0,260,255,5,60,0,0,30,30,0,0,0,0,0,0,295,0,0,0,0,295,295,0,0,0,0,190,0,495,0,15,0,480,0,225,0,150,0,120,0,0,0,0,0,75,0,0,0,0,0,0,0,0,0,0,0,0,0,0,0,0,0,0,5,0,4.666666666666667,1,2,5.666666666666667
20210403211181,3,1,1,29,1,100,1,2,1,1,1,1,1,1,1,2,1,2,1,8,1,30,0,30,0,0,30,0,0,0,0,0,0,0,0,0,0,0,0,0,0,0,0,0,120,120,0,390,0,135,0,75,0,180,0,0,0,0,345,0,0,0,0,165,165,0,0,0,180,120,0,555,0,30,0,525,0,0,0,0,0,0,0,0,0,0,0,0,0,0,0,0,0,0,0,0,0,0,0,0,0,0,0,0,0,0,2.6666666666666665,0.3333333333333333,3,0,0,1.6666666666666667
20210403211182,5,1,3,38,2,100,1,1,1,1,1,1,1,1,1,1,2,2,2,8,1,0,0,0,0,0,0,0,0,0,0,0,0,0,0,0,0,0,0,0,0,0,0,0,55,55,0,105,0,60,0,45,0,0,0,0,0,0,135,0,0,0,0,135,135,0,0,0,0,135,0,600,0,60,0,540,0,0,0,0,0,0,0,0,0,0,0,0,0,0,0,0,0,0,0,0,0,0,0,0,545,0,0,35,510,0,5,0,0,0.3333333333333333,0,3.3333333333333335
20210403211192,5,1,3,41,1,100,1,3,1,1,1,1,1,1,1,2,2,2,1,8,1,60,0,60,0,0,60,0,0,0,0,0,0,0,30,0,0,0,30,0,0,0,0,0,90,90,0,135,0,75,0,60,0,0,0,0,0,0,285,0,0,0,75,150,210,60,60,75,0,75,0,600,0,30,0,570,0,0,0,0,0,0,0,0,0,0,0,0,0,240,0,0,0,0,0,240,0,0,0,0,0,0,0,0,0,0,5.666666666666667,0,1.6666666666666667,0,0,5.666666666666667
20210403211193,5,1,3,34,2,110,6,3,1,1,1,1,1,1,1,3,1,2,2,5,1,510,0,510,0,285,225,0,0,0,0,0,0,0,0,0,0,0,0,0,0,0,0,0,60,60,0,345,0,101,0,244,0,0,0,0,0,0,330,0,0,0,0,330,330,0,0,0,0,150,0,195,0,0,0,195,0,0,0,0,0,0,0,0,0,0,0,0,0,0,0,0,0,0,0,0,0,0,0,0,0,0,0,0,0,0,4.5,0,4.5,2,5,6
20210403211213,3,1,2,38,2,100,4,1,1,1,1,1,1,1,1,2,2,2,1,7,1,90,0,90,0,0,90,0,0,0,0,0,0,0,0,0,0,0,0,0,0,0,0,0,60,60,0,60,0,60,0,0,0,0,0,0,0,0,330,0,0,0,105,210,210,0,0,105,15,195,0,615,0,15,0,600,0,0,0,0,0,0,0,0,0,0,0,0,0,0,0,0,0,0,0,0,0,0,0,0,285,0,0,16,269,0,4.333333333333333,0,0,1,0,6
20210403211231,4,1,2,38,1,131,1,2,1,1,1,1,1,1,1,2,2,2,1,7,1,255,0,205,0,0,205,50,0,0,0,0,0,0,0,0,0,0,0,0,0,0,0,0,75,75,0,90,0,90,0,0,0,0,0,0,0,0,45,0,0,0,0,45,45,0,0,0,0,45,0,475,0,0,0,475,0,0,0,0,0,0,0,0,0,0,0,0,0,0,0,0,0,0,0,0,0,0,0,0,500,0,0,0,500,0,3,0,1.6666666666666667,1,1.3333333333333333,5.666666666666667
20210403211240,4,1,2,29,1,100,1,2,1,1,1,1,1,1,1,2,2,2,2,9,1,100,0,100,0,0,100,0,0,0,0,0,0,0,0,0,0,0,0,0,0,0,0,0,60,50,0,0,0,0,0,0,0,0,0,0,0,0,171,0,0,0,80,55,75,20,20,80,16,55,0,565,0,40,0,525,0,12,0,7,0,0,0,0,0,0,0,5,0,0,0,0,0,0,0,0,0,0,0,0,532,0,0,35,497,0,5.333333333333333,0,1.6666666666666667,0.3333333333333333,0,5.333333333333333
20210403211248,4,1,1,51,1,100,1,4,2,1,2,1,2,1,1,2,2,2,1,5,1,0,0,0,0,0,0,0,0,0,0,0,0,0,0,0,0,0,0,0,0,0,0,0,55,55,0,195,0,0,0,195,0,0,0,0,0,0,520,0,0,0,0,0,490,490,490,0,30,0,0,630,0,10,0,620,0,40,0,30,0,30,0,0,0,0,0,10,0,0,0,0,0,0,0,0,0,0,0,0,0,0,0,0,0,0,5.333333333333333,0,1,0,1,6
20210403211250,4,1,2,40,1,100,1,2,1,1,1,1,1,1,1,2,1,2,2,8,1,335,0,320,0,0,320,15,0,0,0,0,0,0,0,0,0,0,0,0,0,0,0,0,30,30,0,30,0,30,0,0,0,0,0,0,0,0,245,0,0,0,0,170,170,0,0,0,75,150,0,620,0,30,0,590,0,0,0,0,0,0,0,0,0,0,0,0,0,0,0,0,0,0,0,0,0,0,0,0,180,0,0,0,180,0,3,0,2,0.6666666666666666,0,2.3333333333333335
20210403211266,3,1,1,31,1,100,6,2,1,1,1,1,1,1,1,1,2,2,2,7,1,70,0,35,0,0,35,35,0,0,0,0,0,0,0,0,0,0,0,0,0,0,0,0,30,30,0,60,0,60,0,0,0,0,0,0,0,0,60,0,0,0,30,30,30,0,0,30,0,0,30,520,0,30,0,490,0,0,0,0,0,0,0,0,0,0,0,0,0,0,0,0,0,0,0,0,0,0,0,0,670,0,0,50,620,0,4,0,3.3333333333333335,0,0,4
20210403211291,3,1,1,35,1,100,1,1,1,1,1,1,1,1,1,2,2,2,1,7,1,365,3,332,0,0,332,30,0,0,0,0,0,0,0,0,0,0,0,0,0,0,0,0,30,30,0,195,0,135,0,60,0,0,0,0,0,0,180,0,0,0,70,90,90,0,0,70,20,90,30,510,0,0,0,510,0,130,0,90,0,0,0,0,0,0,0,40,0,0,0,0,0,0,0,0,0,0,0,0,0,0,0,0,0,0,4.333333333333333,0,4.666666666666667,0.6666666666666666,0,4.666666666666667
20210403211299,4,1,2,27,2,100,1,2,1,1,1,1,1,1,1,3,2,2,2,7,1,298,0,298,0,0,298,0,0,0,0,0,0,0,20,0,0,0,20,0,0,0,0,0,40,40,0,125,0,60,35,0,0,0,10,0,20,0,305,0,0,0,0,260,305,45,45,0,0,120,0,620,0,50,0,570,0,32,0,12,0,0,0,0,0,0,0,20,0,0,0,0,0,0,0,0,0,0,0,0,0,0,0,0,0,0,4.333333333333333,0.6666666666666666,2.6666666666666665,1.3333333333333333,0,4.333333333333333
20210403211302,5,1,3,37,2,100,1,2,1,1,1,1,1,1,1,1,2,2,2,8,1,175,0,170,0,0,170,5,45,5,0,5,0,40,0,0,0,0,0,0,0,0,0,0,75,75,0,160,0,60,0,100,0,0,0,0,0,0,420,0,0,0,60,350,350,0,0,60,10,240,0,540,0,90,0,450,0,25,0,10,0,0,0,0,0,0,0,15,0,0,0,0,0,0,0,0,0,0,0,0,0,0,0,0,0,0,5.333333333333333,0,2,1.6666666666666667,0,4.333333333333333
20210403211308,4,1,2,41,2,131,1,3,1,1,1,1,1,1,1,2,2,2,2,5,1,148,12,108,10,0,98,28,0,0,0,0,0,0,104,10,10,0,94,0,0,0,0,0,44,44,0,270,0,235,0,35,0,0,0,0,0,0,239,0,0,0,0,229,239,10,10,0,0,129,0,495,0,80,25,390,0,0,0,0,0,0,0,0,0,0,0,0,0,140,0,0,0,0,0,140,0,0,0,0,0,0,0,0,0,0,5.333333333333333,2,3.3333333333333335,2.6666666666666665,0,5.333333333333333
20210403211309,4,1,2,39,1,100,6,2,1,1,1,1,1,1,1,1,2,2,2,7,1,60,0,60,0,0,60,0,0,0,0,0,0,0,0,0,0,0,0,0,0,0,0,0,60,60,0,240,0,0,0,0,0,0,0,0,0,240,420,0,0,0,30,390,390,0,0,30,0,390,0,660,0,0,0,660,0,0,0,0,0,0,0,0,0,0,0,0,0,0,0,0,0,0,0,0,0,0,0,0,0,0,0,0,0,0,5,0,4,0,0,6
20210403211316,5,1,1,30,2,100,6,4,1,1,1,1,1,1,1,3,2,1,2,7,1,384,0,384,0,0,384,0,0,0,0,0,0,0,0,0,0,0,0,0,0,0,0,0,0,0,0,120,0,120,0,0,0,0,0,0,0,0,30,0,0,0,0,30,30,0,0,0,0,30,0,520,0,40,0,480,0,0,0,0,0,0,0,0,0,0,0,0,0,0,0,0,0,0,0,0,0,0,0,0,386,0,0,18,368,0,3.3333333333333335,0,4.666666666666667,1.6666666666666667,1,6
20210403211336,4,1,2,35,2,100,6,2,1,1,1,1,1,1,1,1,2,2,1,8,1,150,0,150,0,0,150,0,0,0,0,0,0,0,0,0,0,0,0,0,0,0,0,0,60,60,0,130,0,120,0,10,0,0,0,0,0,0,530,0,0,0,60,205,460,255,255,60,10,205,0,570,0,30,0,540,0,0,0,0,0,0,0,0,0,0,0,0,0,0,0,0,0,0,0,0,0,0,0,0,0,0,0,0,0,0,5.666666666666667,0,1,0.6666666666666666,0,5.333333333333333
20210403211338,2,1,1,40,1,100,6,2,1,1,1,1,1,1,1,1,1,2,1,8,1,5,0,5,0,0,5,0,0,0,0,0,0,0,0,0,0,0,0,0,0,0,0,0,40,40,0,93,0,10,0,3,0,0,60,0,20,0,463,0,0,0,0,210,390,180,180,0,73,58,0,539,0,60,0,479,0,17,0,12,0,0,0,0,0,0,0,5,0,0,0,0,0,0,0,0,0,0,0,0,283,0,0,100,183,0,6,0,0,0,0,1
20210403211347,3,1,1,27,2,100,1,3,1,1,1,1,1,1,1,2,2,2,2,8,1,80,0,80,0,0,80,0,0,0,0,0,0,0,0,0,0,0,0,0,0,0,0,0,60,60,0,45,0,45,0,0,0,0,0,0,0,0,75,0,0,0,30,45,45,0,0,30,0,45,60,605,0,40,0,565,0,0,0,0,0,0,0,0,0,0,0,0,0,0,0,0,0,0,0,0,0,0,0,0,515,0,0,10,505,0,5,0,2,1.3333333333333333,0,4.333333333333333
20210403211366,3,1,1,55,2,100,1,1,1,1,1,1,1,1,1,1,2,2,2,8,1,45,0,10,0,0,10,35,0,0,0,0,0,0,0,0,0,0,0,0,0,0,0,0,90,90,0,165,0,20,0,120,0,0,25,0,0,0,125,0,0,0,0,125,125,0,0,0,0,110,0,510,0,0,0,510,0,40,0,30,0,0,0,0,0,0,0,10,0,0,0,0,0,0,0,0,0,0,0,0,465,0,0,0,465,0,4,0,1.3333333333333333,1.6666666666666667,0,4.666666666666667
20210403211393,5,1,3,39,2,100,1,1,1,1,1,1,1,1,1,2,2,2,1,10,1,278,0,245,0,0,245,33,0,0,0,0,0,0,0,0,0,0,0,0,0,0,0,0,30,30,0,72,0,67,0,0,0,0,5,0,0,0,85,0,0,0,0,65,85,20,20,0,0,60,35,410,0,35,0,375,0,65,0,30,0,2,0,0,0,0,0,35,0,10,0,0,0,0,0,10,0,0,0,0,455,0,0,0,455,0,5.666666666666667,0,2.3333333333333335,0.3333333333333333,0,4.333333333333333
20210403211396,3,1,1,58,2,100,1,1,1,1,1,1,1,1,1,1,2,2,2,8,1,0,0,0,0,0,0,0,0,0,0,0,0,0,0,0,0,0,0,0,0,0,0,0,65,65,0,131,0,120,0,5,0,0,6,0,0,0,362,0,0,0,0,362,362,0,0,0,0,0,0,882,0,30,372,480,0,0,0,0,0,0,0,0,0,0,0,0,0,0,0,0,0,0,0,0,0,0,0,0,0,0,0,0,0,0,6,0,0,0,3,4.666666666666667
20210403211409,4,1,2,39,1,100,1,3,1,1,1,1,1,1,1,3,2,2,1,5,1,350,0,350,0,0,350,0,0,0,0,0,0,0,0,0,0,0,0,0,0,0,0,0,130,120,10,90,0,0,90,0,0,0,0,0,0,0,300,0,0,0,0,120,300,180,180,0,0,120,0,510,0,0,0,510,0,60,0,50,0,50,0,0,0,0,0,10,0,0,0,0,0,0,0,0,0,0,0,0,0,0,0,0,0,0,3.6666666666666665,3,5.333333333333333,5,0,4
20210403211429,2,1,1,46,1,100,4,1,1,1,1,1,1,1,1,2,2,2,3,7,1,30,0,30,0,0,30,0,0,0,0,0,0,0,0,0,0,0,0,0,0,0,0,0,75,75,0,825,0,0,0,825,0,0,0,0,0,0,0,0,0,0,0,0,0,0,0,0,0,0,0,420,0,0,0,420,0,90,0,60,0,0,0,0,0,0,0,30,0,0,0,0,0,0,0,0,0,0,0,0,0,0,0,0,0,0,3.6666666666666665,0,2,0,0,3.6666666666666665
20210403211446,3,1,1,41,2,100,1,3,1,1,1,1,1,1,1,4,2,2,1,8,1,255,0,245,0,0,245,10,0,0,0,0,0,0,0,0,0,0,0,0,0,0,0,0,100,100,0,70,0,60,0,10,0,0,0,0,0,0,415,0,0,0,0,200,415,215,215,0,0,125,0,600,0,0,0,600,0,0,0,0,0,0,0,0,0,0,0,0,0,0,0,0,0,0,0,0,0,0,0,0,0,0,0,0,0,0,4.666666666666667,0,3,0.6666666666666666,0,2.3333333333333335
20210403211447,5,1,3,34,1,100,1,2,1,1,1,1,1,1,1,3,2,2,2,7,1,165,0,165,0,0,165,0,0,0,0,0,0,0,0,0,0,0,0,0,0,0,0,0,60,60,0,150,0,95,0,55,0,0,0,0,0,0,105,0,0,0,0,105,105,0,0,0,0,90,0,570,0,45,0,525,0,0,0,0,0,0,0,0,0,0,0,0,0,0,0,0,0,0,0,0,0,0,0,0,390,0,0,0,390,0,3.6666666666666665,0,3,1.6666666666666667,0,4.666666666666667
20210403211464,3,1,1,45,2,100,1,3,1,1,1,1,1,1,1,2,2,2,1,7,1,0,0,0,0,0,0,0,0,0,0,0,0,0,0,0,0,0,0,0,0,0,0,0,30,30,0,0,0,0,0,0,0,0,0,0,0,0,330,0,210,0,0,120,330,210,0,0,0,120,0,480,0,0,0,480,0,0,0,0,0,0,0,0,0,0,0,0,0,0,0,0,0,0,0,0,0,0,0,0,600,0,0,0,600,0,6,0,3,1.3333333333333333,0,4.333333333333333
20210403211472,3,1,2,40,2,100,4,2,1,1,1,1,1,1,1,2,2,2,1,6,1,60,0,60,0,0,60,0,0,0,0,0,0,0,0,0,0,0,0,0,0,0,0,0,30,30,0,0,0,0,0,0,0,0,0,0,0,0,120,0,0,0,0,120,120,0,0,0,0,120,0,690,0,60,0,630,0,540,0,420,0,0,0,0,0,0,0,120,0,0,0,0,0,0,0,0,0,0,0,0,0,0,0,0,0,0,6,0,0.6666666666666666,0.3333333333333333,0,6
20210403211477,9,1,7,35,2,100,1,3,1,1,1,1,1,1,1,1,2,2,3,4,1,402,0,302,0,117,185,100,0,0,0,0,0,0,0,0,0,0,0,0,0,0,0,0,105,105,0,380,0,45,30,305,0,0,0,0,0,0,20,0,0,0,0,0,20,20,20,0,0,0,0,533,0,20,0,513,0,0,0,0,0,0,0,0,0,0,0,0,0,0,0,0,0,0,0,0,0,0,0,0,0,0,0,0,0,0,4,2.6666666666666665,3.6666666666666665,3.3333333333333335,0,5.666666666666667
20210403211479,3,1,1,72,2,100,1,2,1,1,1,1,1,1,1,2,1,2,2,7,1,0,0,0,0,0,0,0,0,0,0,0,0,0,0,0,0,0,0,0,0,0,0,0,120,120,0,150,0,60,0,90,0,0,0,0,0,0,380,0,0,0,60,320,320,0,0,60,0,230,120,570,0,60,0,510,0,100,0,60,0,0,0,0,0,0,0,40,0,0,0,0,0,0,0,0,0,0,0,0,0,0,0,0,0,0,4,0,0.6666666666666666,3,0,0.6666666666666666
20210403211490,5,1,3,35,1,100,1,2,1,1,1,1,1,1,1,3,1,2,2,6,1,0,0,0,0,0,0,0,0,0,0,0,0,0,0,0,0,0,0,0,0,0,0,0,15,15,0,220,0,120,30,70,0,0,0,0,0,0,500,0,0,0,45,455,455,0,0,45,0,394,0,255,0,15,0,240,0,20,0,10,0,0,0,0,0,0,0,10,0,0,0,0,0,0,0,0,0,0,0,0,430,0,0,20,410,0,4,1.3333333333333333,2.6666666666666665,1.6666666666666667,2.3333333333333335,3.3333333333333335
20210403211502,4,1,2,37,1,100,1,3,1,1,1,1,1,1,1,4,1,2,2,7,1,135,0,135,0,0,135,0,0,0,0,0,0,0,0,0,0,0,0,0,0,0,0,0,135,135,0,135,0,75,0,60,0,0,0,0,0,0,225,0,0,0,0,225,225,0,0,0,0,225,0,540,0,30,0,510,0,210,0,0,90,0,0,0,0,0,0,120,0,0,0,0,0,0,0,0,0,0,0,0,60,0,0,0,60,0,2,0,4.666666666666667,4.333333333333333,2.6666666666666665,2.6666666666666665
20210403211527,6,1,4,37,1,100,1,3,1,1,1,1,1,1,1,4,1,2,2,8,1,0,0,0,0,0,0,0,0,0,0,0,0,0,0,0,0,0,0,0,0,0,0,0,60,60,0,0,0,0,0,0,0,0,0,0,0,0,90,0,0,0,0,90,90,0,0,0,0,90,0,495,0,40,0,455,0,45,0,30,0,0,0,0,0,0,0,15,0,0,0,0,0,0,0,0,0,0,0,0,750,0,0,25,725,0,4.333333333333333,0.6666666666666666,3.6666666666666665,4,1.3333333333333333,4
20210403211582,6,1,1,43,2,131,1,2,2,1,1,2,1,1,1,2,2,2,2,10,1,0,0,0,0,0,0,0,0,0,0,0,0,0,0,0,0,0,0,0,0,0,0,0,75,75,0,30,0,30,0,0,0,0,0,0,0,0,60,0,0,0,0,15,60,45,45,0,0,0,0,495,0,40,0,455,0,0,0,0,0,0,0,0,0,0,0,0,0,0,0,0,0,0,0,0,0,0,0,0,780,0,0,60,720,0,6,0,0,0,0,5
20210403211583,4,1,2,43,1,100,1,3,1,1,1,1,1,1,1,2,1,1,2,6,1,120,0,120,0,0,120,0,0,0,0,0,0,0,0,0,0,0,0,0,0,0,0,0,120,120,0,70,0,10,0,0,0,60,0,0,0,0,530,0,0,0,0,360,530,170,170,0,0,120,0,600,0,10,0,590,0,0,0,0,0,0,0,0,0,0,0,0,0,0,0,0,0,0,0,0,0,0,0,0,0,0,0,0,0,0,3.6666666666666665,0,2.3333333333333335,0,0,3.6666666666666665
20210403211611,4,1,2,44,2,100,6,3,1,1,1,1,1,1,1,3,2,1,2,8,1,0,0,0,0,0,0,0,0,0,0,0,0,0,0,0,0,0,0,0,0,0,0,0,60,60,0,315,0,60,0,120,0,0,135,0,0,0,120,0,0,0,0,120,120,0,0,0,0,120,0,605,0,10,0,595,0,0,0,0,0,0,0,0,0,0,0,0,0,0,0,0,0,0,0,0,0,0,0,0,340,0,0,40,300,0,3,4.666666666666667,4.333333333333333,4,2.6666666666666665,6
20210403211623,5,1,3,32,1,100,1,3,1,1,1,1,1,1,1,2,2,2,2,7,1,180,0,180,0,0,180,0,0,0,0,0,0,0,0,0,0,0,0,0,0,0,0,0,90,90,0,5,0,5,0,0,0,0,0,0,0,0,180,0,0,0,0,180,180,0,0,0,0,0,0,480,0,0,0,480,0,0,0,0,0,0,0,0,0,0,0,0,0,30,0,0,0,0,0,30,0,0,0,0,475,0,0,0,475,0,0,0,2,1,0,1.3333333333333333
20210403211624,4,1,2,39,2,100,1,1,1,1,1,1,1,1,1,1,2,2,2,10,1,0,0,0,0,0,0,0,0,0,0,0,0,0,0,0,0,0,0,0,0,0,0,0,30,30,0,635,0,155,0,480,0,0,0,0,0,0,210,0,0,0,0,210,210,0,0,0,0,180,0,565,0,0,0,565,0,0,0,0,0,0,0,0,0,0,0,0,0,0,0,0,0,0,0,0,0,0,0,0,0,0,0,0,0,0,6,1,0,0,1,4
20210403211635,3,1,1,32,2,131,1,2,1,1,1,1,1,1,1,3,2,2,2,8,1,395,0,385,0,0,385,10,0,0,0,0,0,0,0,0,0,0,0,0,0,0,0,0,30,30,0,240,0,180,0,60,0,0,0,0,0,0,0,0,0,0,0,0,0,0,0,0,0,0,0,775,0,0,0,775,0,0,0,0,0,0,0,0,0,0,0,0,0,0,0,0,0,0,0,0,0,0,0,0,0,0,0,0,0,0,6,0,0,0,0,6
20210403211692,3,1,1,38,1,100,1,2,1,1,1,1,1,1,1,3,2,1,3,8,1,100,0,100,0,0,100,0,0,0,0,0,0,0,0,0,0,0,0,0,0,0,0,0,90,90,0,0,0,0,0,0,0,0,0,0,0,0,380,0,0,0,0,320,380,60,60,0,0,0,0,420,0,15,0,405,0,0,0,0,0,0,0,0,0,0,0,0,0,0,0,0,0,0,0,0,0,0,0,0,450,0,0,0,450,0,4.333333333333333,1.3333333333333333,4.333333333333333,4,0.6666666666666666,4.666666666666667
20210403211696,3,1,1,46,2,100,1,3,1,1,1,1,1,1,1,3,2,1,2,8,1,214,0,214,0,0,214,0,0,0,0,0,0,0,2,2,0,2,0,0,0,0,0,0,70,70,0,97,0,0,75,10,0,0,0,0,12,0,111,0,0,0,0,0,109,109,109,0,2,0,0,496,0,75,0,421,0,75,0,45,0,45,0,0,0,0,0,30,0,0,0,0,0,0,0,0,0,0,0,0,375,0,0,30,345,0,4.666666666666667,0,5.333333333333333,1,2.6666666666666665,5
20210403211705,4,1,2,32,2,100,1,3,1,1,1,1,1,1,1,3,2,1,1,5,1,0,0,0,0,0,0,0,415,405,0,405,0,10,110,0,0,0,110,0,0,0,0,0,70,70,0,100,0,90,10,0,0,0,0,0,0,0,90,0,0,0,0,60,80,20,20,0,10,0,85,570,0,30,0,540,0,0,0,0,0,0,0,0,0,0,0,0,0,0,0,0,0,0,0,0,0,0,0,0,0,0,0,0,0,0,1.6666666666666667,0.6666666666666666,3.3333333333333335,4,4,1.6666666666666667
20210403211734,5,1,2,72,2,131,3,2,1,1,1,1,1,1,1,1,1,1,1,7,1,0,0,0,0,0,0,0,0,0,0,0,0,0,120,30,30,0,90,0,0,0,0,0,75,75,0,195,0,105,0,90,0,0,0,0,0,0,335,0,0,0,30,305,305,0,0,30,0,150,0,715,0,70,10,635,0,0,0,0,0,0,0,0,0,0,0,0,0,0,0,0,0,0,0,0,0,0,0,0,0,0,0,0,0,0,5,0.3333333333333333,2.3333333333333335,0.6666666666666666,0.6666666666666666,5
20210403211736,3,1,1,51,2,100,1,2,1,1,1,1,1,1,1,2,1,2,2,8,1,60,0,30,0,0,30,30,0,0,0,0,0,0,0,0,0,0,0,0,120,120,0,0,60,60,0,20,0,20,0,0,0,0,0,0,0,0,160,0,0,0,0,160,160,0,0,0,0,160,55,620,0,20,0,600,0,0,0,0,0,0,0,0,0,0,0,0,0,0,0,0,0,0,0,0,0,0,0,0,345,0,0,0,345,0,4.333333333333333,0.3333333333333333,1.6666666666666667,1.3333333333333333,0,4
20210403211741,4,1,1,50,2,100,1,2,1,1,1,1,1,1,1,3,1,1,1,9,1,265,0,220,0,0,220,45,0,0,0,0,0,0,30,0,0,0,30,0,0,0,0,0,165,115,50,190,0,40,0,150,0,0,0,0,0,0,400,0,0,0,0,400,400,0,0,0,0,235,0,390,0,60,0,330,0,0,0,0,0,0,0,0,0,0,0,0,0,0,0,0,0,0,0,0,0,0,0,0,0,0,0,0,0,0,4.333333333333333,1,2.6666666666666665,1,1,3.3333333333333335
20210403211748,6,1,3,27,2,100,6,3,1,1,1,1,1,1,1,1,2,1,2,8,1,235,0,200,0,0,200,35,0,0,0,0,0,0,0,0,0,0,0,0,0,0,0,0,25,25,0,220,0,55,15,60,0,0,90,0,0,0,354,0,0,275,0,30,30,0,0,275,49,0,0,606,0,90,0,516,0,0,0,0,0,0,0,0,0,0,0,0,0,0,0,0,0,0,0,0,0,0,0,0,0,0,0,0,0,0,4.333333333333333,2,2.6666666666666665,2,0.6666666666666666,2.6666666666666665
20210403211766,5,1,2,49,2,110,1,4,1,1,1,1,1,1,1,4,1,2,3,7,1,76,0,51,0,0,51,25,0,0,0,0,0,0,0,0,0,0,0,0,0,0,0,0,70,70,0,120,0,70,0,30,0,0,20,0,0,0,200,0,0,0,0,155,200,45,45,0,0,155,0,526,0,36,0,490,0,35,0,20,0,0,0,0,0,0,0,15,0,0,0,0,0,0,0,0,0,0,0,0,413,0,0,47,366,0,3.6666666666666665,2,4,3.6666666666666665,0,5
20210403211790,2,1,1,40,2,100,4,2,1,1,1,1,1,1,1,4,2,1,3,4,1,0,0,0,0,0,0,0,0,0,0,0,0,0,90,0,0,0,90,0,0,0,0,0,155,120,35,300,0,60,90,150,0,0,0,0,0,0,0,0,0,0,0,0,0,0,0,0,0,0,0,660,0,90,0,570,0,0,0,0,0,0,0,0,0,0,0,0,0,235,95,0,0,0,0,120,0,20,95,95,0,0,0,0,0,0,1.3333333333333333,3.6666666666666665,3,3,2,3.6666666666666665
20210403211806,3,1,1,49,2,100,1,1,1,1,1,1,1,1,1,1,2,2,2,8,1,25,0,25,0,0,25,0,0,0,0,0,0,0,0,0,0,0,0,0,0,0,0,0,50,50,0,160,0,40,0,30,0,0,90,0,0,0,60,0,0,0,0,60,60,0,0,0,0,30,100,530,0,40,0,490,0,0,0,0,0,0,0,0,0,0,0,0,0,0,0,0,0,0,0,0,0,0,0,0,515,0,0,30,485,0,6,0,0.6666666666666666,0,0,3.6666666666666665
20210403211827,5,1,3,45,2,100,1,1,1,1,1,1,1,1,1,1,2,2,2,10,1,20,0,20,20,0,0,0,0,0,0,0,0,0,0,0,0,0,0,0,0,0,0,0,80,80,0,360,0,100,0,260,0,0,0,0,0,0,410,0,0,0,0,182,394,212,212,0,16,182,0,570,0,0,0,570,0,0,0,0,0,0,0,0,0,0,0,0,0,0,0,0,0,0,0,0,0,0,0,0,0,0,0,0,0,0,6,0,3.3333333333333335,0,0,6
20210403211829,3,1,1,28,1,100,1,2,1,1,1,1,1,1,1,1,2,2,2,8,1,90,0,45,0,0,45,45,0,0,0,0,0,0,0,0,0,0,0,0,0,0,0,0,80,80,0,65,0,0,0,45,0,0,20,0,0,0,270,0,0,0,0,225,270,45,45,0,0,225,0,530,0,20,0,510,0,30,0,10,0,0,0,0,0,0,0,20,0,0,0,0,0,0,0,0,0,0,0,0,375,0,0,0,375,0,5.666666666666667,0,1.3333333333333333,0.3333333333333333,0,6
20210403211845,3,1,1,34,1,100,6,2,1,1,1,1,1,1,1,1,2,2,2,8,1,150,0,150,0,0,150,0,0,0,0,0,0,0,0,0,0,0,0,0,0,0,0,0,120,120,0,390,0,390,0,0,0,0,0,0,0,0,180,0,0,0,0,180,180,0,0,0,0,180,0,600,0,45,0,555,0,0,0,0,0,0,0,0,0,0,0,0,0,0,0,0,0,0,0,0,0,0,0,0,0,0,0,0,0,0,6,0,1,1.6666666666666667,0,6
20210403211877,2,1,1,47,2,100,4,1,1,1,1,1,1,1,1,3,2,2,2,2,1,0,0,0,0,0,0,0,0,0,0,0,0,0,0,0,0,0,0,0,0,0,0,0,120,120,0,260,0,0,120,120,0,0,20,0,0,0,150,0,0,0,0,150,150,0,0,0,0,120,0,545,0,30,0,515,0,0,0,0,0,0,0,0,0,0,0,0,0,0,0,0,0,0,0,0,0,0,0,0,365,0,0,10,355,0,4.333333333333333,5,4.666666666666667,4.333333333333333,0,4
20210403211882,5,1,2,32,2,131,1,1,1,1,1,1,1,1,1,2,2,2,2,9,1,35,0,35,0,0,35,0,0,0,0,0,0,0,20,0,0,0,20,0,80,0,80,0,120,120,0,50,0,30,0,20,0,0,0,0,0,0,175,0,0,0,0,175,175,0,0,0,0,145,40,700,0,70,0,630,0,0,0,0,0,0,0,0,0,0,0,0,0,0,0,0,0,0,0,0,0,0,0,0,220,0,0,0,220,0,3.6666666666666665,0,0.3333333333333333,0,0,5
20210403211892,4,1,2,42,2,100,1,1,1,1,1,1,1,1,1,2,2,2,1,9,1,759,0,759,0,0,759,0,0,0,0,0,0,0,60,0,0,0,60,0,0,0,0,0,60,60,0,90,0,0,0,30,0,60,0,0,0,0,90,0,0,0,0,90,90,0,0,0,0,90,0,345,0,0,0,345,0,36,0,30,0,0,0,0,0,0,0,6,0,0,0,0,0,0,0,0,0,0,0,0,0,0,0,0,0,0,4.666666666666667,0.3333333333333333,5.333333333333333,2.6666666666666665,0,5
20210403211901,4,1,2,30,1,110,1,3,1,1,1,1,1,1,1,4,1,1,2,5,1,50,10,40,0,0,40,0,0,0,0,0,0,0,0,0,0,0,0,0,0,0,0,0,90,90,0,75,0,75,0,0,0,0,0,0,0,0,605,0,0,0,0,605,605,0,0,0,0,545,0,510,0,0,0,510,0,110,0,75,0,60,0,0,0,0,0,35,0,0,0,0,0,0,0,0,0,0,0,0,0,0,0,0,0,0,5.333333333333333,0,4.666666666666667,0.3333333333333333,3,3.6666666666666665
20210403211909,5,1,3,34,2,100,1,3,1,1,1,1,1,1,1,4,2,1,3,7,1,545,0,545,90,0,455,0,0,0,0,0,0,0,0,0,0,0,0,0,0,0,0,0,75,75,0,142,0,142,0,0,0,0,0,0,0,0,60,0,0,0,30,30,30,0,0,30,0,0,39,520,0,0,0,520,0,59,0,0,0,0,4,0,0,0,4,55,0,0,0,0,0,0,0,0,0,0,0,0,0,0,0,0,0,0,4,0.3333333333333333,5,3,0,5.333333333333333
20210403211910,3,1,1,25,2,100,6,4,1,1,1,1,1,1,1,2,2,1,1,10,1,305,0,230,0,0,230,75,140,0,0,0,75,65,0,0,0,0,0,0,0,0,0,0,20,20,0,120,0,0,0,120,0,0,0,0,0,0,0,0,0,0,0,0,0,0,0,0,0,0,0,793,120,0,0,673,0,62,0,30,0,0,0,0,0,0,0,32,0,0,0,0,0,0,0,0,0,0,0,0,0,0,0,0,0,0,3.3333333333333335,0,6,2.3333333333333335,0,3.6666666666666665
20210403211914,2,1,1,45,2,100,4,1,1,1,1,1,1,1,1,2,2,2,2,9,1,0,0,0,0,0,0,0,0,0,0,0,0,0,30,30,0,30,0,0,0,0,0,0,82,68,14,30,0,0,0,0,0,0,30,0,0,0,45,0,0,0,0,0,45,45,45,0,0,0,0,585,0,75,0,510,0,10,0,2,0,0,0,0,0,0,0,8,0,0,0,0,0,0,0,0,0,0,0,0,658,0,0,32,626,0,4.333333333333333,3.3333333333333335,3.3333333333333335,4.666666666666667,1,4
20210403211938,3,1,1,63,2,100,6,4,1,1,1,1,1,1,1,1,1,1,2,6,1,135,0,135,135,0,0,0,150,0,0,0,150,0,45,0,0,0,45,0,0,0,0,0,15,15,0,235,0,115,0,120,0,0,0,0,0,0,300,0,0,0,0,60,300,240,240,0,0,60,0,560,0,35,0,525,0,0,0,0,0,0,0,0,0,0,0,0,0,0,0,0,0,0,0,0,0,0,0,0,0,0,0,0,0,0,5,5.333333333333333,3.3333333333333335,5.333333333333333,2,5
20210403211946,6,1,3,32,2,131,5,2,1,1,1,1,1,1,1,3,2,2,2,4,1,310,50,230,0,3,227,30,0,0,0,0,0,0,0,0,0,0,0,0,240,0,240,0,85,85,0,258,0,60,0,198,0,0,0,0,0,0,120,0,0,0,0,120,120,0,0,0,0,120,0,405,0,0,0,405,0,22,0,7,0,0,0,0,0,0,0,15,0,0,0,0,0,0,0,0,0,0,0,0,0,0,0,0,0,0,3.3333333333333335,2,2.6666666666666665,3,1.3333333333333333,4.666666666666667
20210403211968,6,1,2,43,2,100,6,3,1,1,1,1,1,1,1,1,2,2,2,6,1,170,0,170,0,0,170,0,0,0,0,0,0,0,20,0,0,0,20,0,0,0,0,0,165,165,0,70,0,70,0,0,0,0,0,0,0,0,415,0,0,0,0,265,415,150,150,0,0,265,0,580,0,35,0,545,0,20,0,10,0,0,0,0,0,0,0,10,0,0,0,0,0,0,0,0,0,0,0,0,0,0,0,0,0,0,4,2,2.3333333333333335,0.3333333333333333,2.6666666666666665,4.333333333333333
20210403211973,2,1,1,31,2,100,6,4,1,1,1,1,1,1,1,2,2,1,2,5,1,0,0,0,0,0,0,0,0,0,0,0,0,0,0,0,0,0,0,0,0,0,0,0,120,95,0,420,60,0,0,360,0,0,0,0,0,0,295,0,0,0,0,295,295,0,0,0,0,0,0,600,0,50,0,550,0,5,0,5,0,0,0,0,0,0,0,0,0,0,0,0,0,0,0,0,0,0,0,0,0,0,0,0,0,0,3.5,0,1,3,0.5,1.5
20210403212001,5,1,1,51,2,100,1,2,1,1,1,1,1,1,1,2,2,1,2,6,1,0,0,0,0,0,0,0,52,7,0,7,0,45,0,0,0,0,0,0,0,0,0,0,80,75,5,175,0,0,10,165,0,0,0,0,0,0,206,0,0,0,0,206,206,0,0,0,0,105,0,600,0,60,0,540,0,207,0,185,0,60,0,0,0,0,0,22,0,0,0,0,0,0,0,0,0,0,0,0,120,0,0,0,120,0,4.666666666666667,0,3.6666666666666665,0.6666666666666666,0,5.333333333333333
20210403212006,4,1,2,33,1,100,1,2,1,1,1,1,1,1,1,1,1,2,2,9,1,0,0,0,0,0,0,0,0,0,0,0,0,0,0,0,0,0,0,0,0,0,0,0,75,75,0,50,0,20,0,0,0,0,30,0,0,0,220,0,0,0,30,190,190,0,0,30,0,190,0,510,0,0,0,510,0,0,0,0,0,0,0,0,0,0,0,0,0,0,0,0,0,0,0,0,0,0,0,0,585,0,0,40,545,0,5,0,2.3333333333333335,1,0,3.3333333333333335
20210403212041,4,1,2,48,2,131,1,3,1,1,1,1,1,1,1,1,2,2,2,8,1,30,0,0,0,0,0,30,0,0,0,0,0,0,10,10,10,0,0,0,0,0,0,0,70,70,0,45,0,30,15,0,0,0,0,0,0,0,100,0,0,0,40,60,60,0,0,40,0,60,70,550,0,10,0,540,0,0,0,0,0,0,0,0,0,0,0,0,0,0,0,0,0,0,0,0,0,0,0,0,565,0,0,0,565,0,4,0,3,2.3333333333333335,0,4.333333333333333
20210403212062,3,1,1,46,2,100,1,2,1,1,1,1,1,1,1,1,2,1,2,9,1,222,0,169,0,0,169,53,0,0,0,0,0,0,0,0,0,0,0,0,0,0,0,0,100,100,0,168,0,27,0,135,0,0,6,0,0,0,45,0,0,0,0,45,45,0,0,0,0,45,0,372,0,55,0,317,0,23,0,5,0,0,0,0,0,0,0,18,0,0,0,0,0,0,0,0,0,0,0,0,510,0,0,20,490,0,5.333333333333333,0,2,0,2.6666666666666665,4.666666666666667
20210403212064,3,1,1,38,1,100,6,2,1,1,1,1,1,1,1,1,1,2,2,4,1,0,0,0,0,0,0,0,0,0,0,0,0,0,0,0,0,0,0,0,0,0,0,0,45,45,0,105,0,45,0,0,0,0,60,0,0,0,490,0,0,0,0,490,490,0,0,0,0,490,0,540,0,0,0,540,0,0,0,0,0,0,0,0,0,0,0,0,0,0,0,0,0,0,0,0,0,0,0,0,260,0,0,0,260,0,3.3333333333333335,0.6666666666666666,4,3.6666666666666665,1.3333333333333333,5
20210403212069,3,1,2,45,1,110,4,2,1,1,1,1,1,1,1,2,1,2,2,9,1,0,0,0,0,0,0,0,0,0,0,0,0,0,0,0,0,0,0,0,0,0,0,0,60,60,0,0,0,0,0,0,0,0,0,0,0,0,0,0,0,0,0,0,0,0,0,0,0,0,0,285,0,0,0,285,0,0,0,0,0,0,0,0,0,0,0,0,0,0,0,0,0,0,0,0,0,0,0,0,1095,0,0,30,1065,0,3.6666666666666665,1,0,2.3333333333333335,0,5.666666666666667
20210403212084,5,1,3,42,1,100,1,1,1,1,1,1,1,1,1,2,2,2,2,8,1,240,0,240,150,0,90,0,0,0,0,0,0,0,0,0,0,0,0,0,0,0,0,0,150,150,0,90,0,90,0,0,0,0,0,0,0,0,220,0,0,0,90,120,120,0,0,90,10,30,90,650,0,0,0,650,0,0,0,0,0,0,0,0,0,0,0,0,0,0,0,0,0,0,0,0,0,0,0,0,0,0,0,0,0,0,5.666666666666667,0.6666666666666666,2.6666666666666665,3,1,6
20210403212091,5,1,1,58,1,100,6,5,1,1,1,1,1,1,1,3,1,1,3,3,1,0,0,0,0,0,0,0,0,0,0,0,0,0,0,0,0,0,0,0,0,0,0,0,30,30,0,60,0,0,0,60,0,0,0,0,0,0,150,0,0,0,0,150,150,0,0,0,0,150,0,900,0,0,0,900,0,300,0,0,0,0,120,0,0,0,120,180,0,0,0,0,0,0,0,0,0,0,0,0,0,0,0,0,0,0,4,5,4.333333333333333,5.333333333333333,3.3333333333333335,5.333333333333333
20210403212112,4,1,2,38,2,131,1,2,1,1,1,1,1,1,1,4,2,2,2,8,1,220,0,155,0,0,155,65,0,0,0,0,0,0,5,0,0,0,5,0,0,0,0,0,15,15,0,80,0,65,0,0,0,0,15,0,0,0,140,0,0,0,45,95,95,0,0,45,0,90,0,500,0,40,0,440,20,15,0,15,0,0,0,0,0,0,0,0,0,0,0,0,0,0,0,0,0,0,0,0,465,0,0,0,465,0,4.333333333333333,0,3.6666666666666665,2,0.6666666666666666,3.3333333333333335
20210403212117,3,1,1,33,2,110,1,4,1,1,1,1,1,1,1,2,2,1,1,8,1,120,0,55,0,0,55,65,0,0,0,0,0,0,0,0,0,0,0,0,0,0,0,0,30,30,0,15,0,5,0,10,0,0,0,0,0,0,250,0,0,0,0,125,245,120,120,0,5,125,0,785,0,185,0,600,0,240,0,5,0,0,30,0,0,120,150,85,0,0,0,0,0,0,0,0,0,0,0,0,0,0,0,0,0,0,4,1.3333333333333333,2,2,2.3333333333333335,4.333333333333333
20210403212211,7,1,3,28,1,110,4,4,1,1,1,1,1,1,1,2,1,2,3,8,1,29,0,29,0,0,29,0,0,0,0,0,0,0,0,0,0,0,0,0,0,0,0,0,0,0,0,15,0,15,0,0,0,0,0,0,0,0,210,0,0,0,0,210,210,0,0,0,0,90,0,487,0,42,0,445,0,51,0,45,0,0,0,0,0,0,0,6,0,0,0,0,0,0,0,0,0,0,0,0,648,0,0,40,608,0,4.333333333333333,0,3,3,4.333333333333333,4.333333333333333
20210403212273,5,1,2,44,2,100,1,2,1,1,1,1,1,1,1,1,2,2,1,8,1,0,0,0,0,0,0,0,0,0,0,0,0,0,0,0,0,0,0,0,0,0,0,0,135,95,40,30,0,30,0,0,0,0,0,0,0,0,120,0,0,0,0,120,120,0,0,0,0,120,0,555,0,45,0,510,0,25,0,15,0,0,0,0,0,0,0,10,0,0,0,0,0,0,0,0,0,0,0,0,575,0,0,30,545,0,4.666666666666667,0,4,2,0,4
20210403212277,3,1,1,49,2,100,1,2,1,1,1,1,1,1,1,1,2,2,2,9,1,0,0,0,0,0,0,0,0,0,0,0,0,0,0,0,0,0,0,0,0,0,0,0,110,110,0,280,0,190,30,60,0,0,0,0,0,0,330,0,0,0,0,330,330,0,0,0,0,330,0,720,0,0,0,720,0,0,0,0,0,0,0,0,0,0,0,0,0,0,0,0,0,0,0,0,0,0,0,0,0,0,0,0,0,0,4.333333333333333,0,1,1,0,4
20210403212288,3,1,1,45,1,100,1,3,1,1,1,1,1,1,1,1,2,2,2,8,1,90,0,90,0,0,90,0,0,0,0,0,0,0,0,0,0,0,0,0,0,0,0,0,120,120,0,0,0,0,0,0,0,0,0,0,0,0,450,0,0,0,30,60,240,180,180,30,180,0,0,780,0,90,0,690,0,0,0,0,0,0,0,0,0,0,0,0,0,0,0,0,0,0,0,0,0,0,0,0,0,0,0,0,0,0,4.333333333333333,0.3333333333333333,1.6666666666666667,0.6666666666666666,0,4.666666666666667
20210403212289,4,1,2,33,2,100,1,2,1,1,1,1,1,1,1,1,2,2,1,7,1,205,0,205,0,0,205,0,0,0,0,0,0,0,0,0,0,0,0,0,0,0,0,0,180,105,45,75,0,15,0,60,0,0,0,0,0,0,405,0,0,0,0,330,390,60,60,0,15,330,0,575,0,0,0,575,0,0,0,0,0,0,0,0,0,0,0,0,0,0,0,0,0,0,0,0,0,0,0,0,0,0,0,0,0,0,5,0,2,1,0,4.333333333333333
20210404210522,4,1,2,44,2,100,1,3,1,1,1,1,1,1,1,1,1,2,2,7,1,105,0,105,0,0,105,0,0,0,0,0,0,0,0,0,0,0,0,0,0,0,0,0,30,30,0,125,0,0,15,110,0,0,0,0,0,0,225,0,0,0,0,225,225,0,0,0,0,155,30,495,0,30,0,465,0,0,0,0,0,0,0,0,0,0,0,0,0,0,0,0,0,0,0,0,0,0,0,0,430,0,0,40,390,0,3.5,0,0,0,0,2.5
20210404210698,4,1,2,34,2,131,1,1,1,1,1,1,1,1,1,1,2,2,2,10,1,85,0,85,0,0,85,0,0,0,0,0,0,0,40,0,0,0,40,0,0,0,0,0,50,50,0,510,0,150,0,60,0,240,0,0,0,60,45,0,0,0,0,45,45,0,0,0,0,30,0,710,0,50,30,630,0,0,0,0,0,0,0,0,0,0,0,0,0,0,0,0,0,0,0,0,0,0,0,0,0,0,0,0,0,0,5.666666666666667,0,0,0,0,6
20210404210703,3,1,1,32,2,100,1,2,1,1,1,1,1,1,1,1,2,1,1,8,1,175,0,175,0,0,175,0,0,0,0,0,0,0,0,0,0,0,0,0,0,0,0,0,130,110,20,45,0,15,0,30,0,0,0,0,0,0,220,0,0,0,0,190,210,20,20,0,10,190,0,870,0,60,0,810,0,0,0,0,0,0,0,0,0,0,0,0,0,0,0,0,0,0,0,0,0,0,0,0,0,0,0,0,0,0,5,0,3,1.6666666666666667,0,4.666666666666667
20210404210794,3,1,1,45,2,100,1,3,1,1,1,1,1,1,1,2,2,2,2,8,1,355,0,355,345,0,10,0,0,0,0,0,0,0,0,0,0,0,0,0,0,0,0,0,90,90,0,80,0,20,0,0,0,60,0,0,0,0,418,0,0,0,60,280,315,35,35,60,43,180,0,497,0,15,0,482,0,0,0,0,0,0,0,0,0,0,0,0,0,0,0,0,0,0,0,0,0,0,0,0,0,0,0,0,0,0,4.333333333333333,0,1.3333333333333333,3,0.6666666666666666,4.666666666666667
20210404211001,2,1,1,41,1,131,4,4,1,1,1,1,1,1,1,1,2,2,2,4,1,165,0,145,60,0,85,20,0,0,0,0,0,0,55,10,10,0,45,0,0,0,0,0,95,95,0,105,0,105,0,0,0,0,0,0,0,0,115,0,0,0,0,115,115,0,0,0,0,115,0,500,0,0,0,500,0,0,0,0,0,0,0,0,0,0,0,0,0,0,0,0,0,0,0,0,0,0,0,0,405,0,0,0,405,0,3.3333333333333335,0,2,1.3333333333333333,0,4.666666666666667
20210404211041,3,1,1,70,1,100,1,3,1,1,1,1,1,1,1,2,1,1,3,5,1,0,0,0,0,0,0,0,0,0,0,0,0,0,0,0,0,0,0,0,0,0,0,0,20,20,0,0,0,0,0,0,0,0,0,0,0,0,640,0,0,0,0,640,640,0,0,0,0,640,0,780,0,0,0,780,0,0,0,0,0,0,0,0,0,0,0,0,0,0,0,0,0,0,0,0,0,0,0,0,0,0,0,0,0,0,5,0,4,0,2.6666666666666665,3.3333333333333335
20210404211047,7,1,3,62,2,110,4,3,1,1,1,1,1,1,1,1,1,1,2,4,1,105,0,105,0,0,105,0,0,0,0,0,0,0,0,0,0,0,0,0,0,0,0,0,30,30,0,100,0,55,0,45,0,0,0,0,0,0,440,0,0,0,0,440,440,0,0,0,0,440,0,555,0,180,0,375,0,0,0,0,0,0,0,0,0,0,0,0,0,210,0,0,0,0,0,150,0,60,0,0,0,0,0,0,0,0,6,0,0,0,0,6
20210404211076,4,1,2,67,1,100,3,2,1,1,1,1,1,1,1,2,1,1,2,6,1,85,0,85,0,0,85,0,0,0,0,0,0,0,15,15,0,15,0,0,0,0,0,0,45,45,0,60,0,25,0,0,0,20,15,0,0,0,60,0,0,0,0,60,60,0,0,0,0,60,55,605,0,95,0,510,0,80,5,35,0,30,0,15,0,0,5,25,0,0,0,0,0,0,0,0,0,0,0,0,435,0,0,15,420,0,3,0,1,0.3333333333333333,4,1.3333333333333333
20210404211210,4,1,1,41,2,131,1,4,1,1,1,1,1,1,1,2,1,2,2,7,1,0,0,0,0,0,0,0,0,0,0,0,0,0,0,0,0,0,0,0,0,0,0,0,60,60,0,90,0,60,0,0,0,30,0,0,0,0,330,0,0,0,60,270,270,0,0,60,0,270,0,570,0,60,0,510,0,0,0,0,0,0,0,0,0,0,0,0,0,0,0,0,0,0,0,0,0,0,0,0,390,0,0,0,390,0,4,0,2.3333333333333335,2,1.6666666666666667,3.6666666666666665
20210404211298,3,1,1,41,1,131,1,3,1,1,1,1,1,1,1,2,1,2,3,7,1,45,0,45,0,0,45,0,0,0,0,0,0,0,30,0,0,0,30,0,0,0,0,0,120,120,0,60,0,30,0,30,0,0,0,0,0,0,300,0,0,0,45,255,255,0,0,45,0,255,45,632,0,62,0,570,0,178,0,30,0,0,0,58,0,0,0,90,58,0,0,0,0,0,0,0,0,0,0,0,30,0,0,0,30,0,4,1,0,3.5,0,3
20210404211529,4,1,2,40,1,131,1,4,1,1,1,1,1,1,1,2,2,1,2,7,1,60,0,60,0,0,60,0,0,0,0,0,0,0,0,0,0,0,0,0,0,0,0,0,85,85,0,75,0,75,0,0,0,0,0,0,0,0,135,0,0,0,0,135,135,0,0,0,0,75,0,560,0,35,0,525,0,0,0,0,0,0,0,0,0,0,0,0,0,0,0,0,0,0,0,0,0,0,0,0,525,0,0,0,525,0,4.666666666666667,1.3333333333333333,2.6666666666666665,3,3,5
20210404211790,7,1,4,35,2,100,1,3,1,1,1,1,1,1,1,1,2,2,2,7,1,263,0,213,38,65,110,50,0,0,0,0,0,0,0,0,0,0,0,0,0,0,0,0,25,25,0,215,0,50,0,135,0,30,0,0,0,0,215,0,0,0,0,215,215,0,0,0,0,215,0,560,0,0,0,560,0,162,0,90,0,0,0,0,0,0,0,72,0,0,0,0,0,0,0,0,0,0,0,0,0,0,0,0,0,0,6,0,0,0,0,6
20210404211810,4,1,2,34,1,100,6,1,1,1,1,1,1,1,1,1,2,2,2,8,1,110,0,101,0,0,101,9,0,0,0,0,0,0,0,0,0,0,0,0,0,0,0,0,46,46,0,41,0,36,0,5,0,0,0,0,0,0,220,0,0,0,0,220,220,0,0,0,0,160,39,510,0,30,0,480,0,0,0,0,0,0,0,0,0,0,0,0,0,0,0,0,0,0,0,0,0,0,0,0,474,0,0,0,474,0,5.666666666666667,0,0.6666666666666666,0.6666666666666666,0,5.333333333333333
20210404211876,4,1,2,44,1,131,1,3,1,1,1,1,1,1,1,2,2,2,2,8,1,0,0,0,0,0,0,0,0,0,0,0,0,0,0,0,0,0,0,0,0,0,0,0,150,150,0,0,0,0,0,0,0,0,0,0,0,0,150,0,0,0,0,120,150,30,30,0,0,0,0,545,0,35,0,510,0,0,0,0,0,0,0,0,0,0,0,0,0,0,0,0,0,0,0,0,0,0,0,0,595,0,0,120,475,0,5,3.6666666666666665,4.333333333333333,3,3,5
20210404211933,5,1,2,36,2,100,1,3,2,1,1,1,1,1,2,2,2,2,1,9,1,0,0,0,0,0,0,0,0,0,0,0,0,0,0,0,0,0,0,0,0,0,0,0,70,70,0,90,0,45,10,0,0,5,30,0,0,0,150,0,0,0,0,150,150,0,0,0,0,150,0,540,0,45,0,495,0,85,0,30,0,20,0,0,0,0,0,55,0,0,0,0,0,0,0,0,0,0,0,0,505,0,0,60,445,0,5.333333333333333,1,4,1,0,5.333333333333333
20210404212003,3,1,1,29,2,131,1,3,1,1,1,1,1,1,1,2,1,2,2,6,1,125,0,125,0,0,125,0,0,0,0,0,0,0,15,0,0,0,15,0,0,0,0,0,80,80,0,225,0,150,0,75,0,0,0,0,0,0,345,0,0,0,90,225,255,30,30,90,0,0,0,650,0,25,0,625,0,0,0,0,0,0,0,0,0,0,0,0,0,0,0,0,0,0,0,0,0,0,0,0,0,0,0,0,0,0,4,1.3333333333333333,1.3333333333333333,1,0.3333333333333333,5.666666666666667
20210502211562,4,1,2,40,2,100,1,3,1,1,1,1,1,1,1,2,2,2,2,9,1,75,10,60,0,0,60,5,0,0,0,0,0,0,0,0,0,0,0,0,0,0,0,0,0,0,0,115,90,25,0,0,0,0,0,0,0,0,625,0,0,240,0,0,341,341,341,240,44,0,0,625,0,95,0,530,0,0,0,0,0,0,0,0,0,0,0,0,0,0,0,0,0,0,0,0,0,0,0,0,0,0,0,0,0,0,6,0,1,0,0,5
20210502212124,7,1,6,29,2,110,6,1,1,1,1,1,1,1,1,2,2,2,1,9,1,339,0,292,0,0,292,47,0,0,0,0,0,0,0,0,0,0,0,0,0,0,0,0,15,15,0,255,0,70,0,185,0,0,0,0,0,0,103,0,0,0,0,103,103,0,0,0,0,103,34,664,0,90,0,574,0,30,0,25,0,0,0,0,0,0,0,5,0,0,0,0,0,0,0,0,0,0,0,0,0,0,0,0,0,0,6,0,1.3333333333333333,0,0,6
20210503210224,7,1,3,20,1,100,6,3,1,1,1,1,1,1,1,3,1,1,2,8,1,0,0,0,0,0,0,0,0,0,0,0,0,0,0,0,0,0,0,0,0,0,0,0,40,40,0,15,0,15,0,0,0,0,0,0,0,0,528,0,0,0,0,528,528,0,0,0,0,218,0,445,0,40,0,405,0,52,5,10,0,0,0,0,0,0,5,37,0,0,0,0,0,0,0,0,0,0,0,0,360,0,0,5,355,0,6,0,4.333333333333333,0,0,2.6666666666666665
20210503210233,5,1,1,18,1,100,6,1,1,1,1,1,1,1,1,1,2,2,1,10,1,140,0,135,0,0,135,5,0,0,0,0,0,0,0,0,0,0,0,0,220,0,0,40,155,150,5,0,0,0,0,0,0,0,0,0,0,0,250,0,180,0,0,60,240,180,0,0,10,0,0,595,0,40,0,555,0,0,0,0,0,0,0,0,0,0,0,0,0,80,0,0,0,0,0,77,0,3,0,0,0,0,0,0,0,0,4.333333333333333,0,0,0,0,3.3333333333333335
20210503210237,3,1,1,24,1,100,6,3,1,1,1,1,1,1,1,2,2,1,2,7,1,255,0,255,0,0,255,0,0,0,0,0,0,0,0,0,0,0,0,0,0,0,0,0,60,60,0,40,0,10,0,30,0,0,0,0,0,0,300,0,0,0,0,300,300,0,0,0,0,300,0,635,0,0,0,635,0,150,0,120,0,120,0,0,0,0,0,30,0,0,0,0,0,0,0,0,0,0,0,0,0,0,0,0,0,0,3.6666666666666665,0,3.3333333333333335,1,0,4
20210503210546,3,1,1,38,1,100,1,2,1,1,1,1,1,1,1,4,2,2,1,7,1,63,0,58,0,0,58,5,0,0,0,0,0,0,0,0,0,0,0,0,0,0,0,0,55,55,0,70,0,70,0,0,0,0,0,0,0,0,60,0,0,0,30,30,30,0,0,30,0,30,0,590,0,40,0,550,0,0,0,0,0,0,0,0,0,0,0,0,0,0,0,0,0,0,0,0,0,0,0,0,602,0,0,30,572,0,4.666666666666667,0,2.3333333333333335,0.3333333333333333,1.3333333333333333,3.6666666666666665
20210503210585,4,1,2,39,2,100,1,4,2,1,1,2,1,1,1,2,2,1,2,10,1,270,0,270,0,0,270,0,0,0,0,0,0,0,60,60,60,0,0,0,0,0,0,0,90,90,0,300,0,180,0,120,0,0,0,0,0,0,0,0,0,0,0,0,0,0,0,0,0,0,180,540,0,30,0,510,0,0,0,0,0,0,0,0,0,0,0,0,0,0,0,0,0,0,0,0,0,0,0,0,0,0,0,0,0,0,6,0,4,2,5,6
20210503210617,5,1,2,68,2,100,3,1,2,1,2,1,2,1,1,2,2,2,2,5,1,0,0,0,0,0,0,0,0,0,0,0,0,0,90,0,0,0,90,0,0,0,0,0,60,60,0,60,0,0,0,0,0,0,60,0,0,0,750,0,0,0,0,570,630,60,60,0,120,0,0,480,0,0,0,480,0,0,0,0,0,0,0,0,0,0,0,0,0,0,0,0,0,0,0,0,0,0,0,0,0,0,0,0,0,0,2,0,0,0,0,1
20210503210683,3,1,1,62,1,100,1,4,2,1,1,1,1,2,1,1,2,2,2,6,1,0,0,0,0,0,0,0,0,0,0,0,0,0,0,0,0,0,0,0,0,0,0,0,90,90,0,360,240,0,0,120,0,0,0,0,0,0,350,0,0,0,45,305,305,0,0,45,0,305,0,640,0,40,0,600,0,0,0,0,0,0,0,0,0,0,0,0,0,0,0,0,0,0,0,0,0,0,0,0,0,0,0,0,0,0,5.333333333333333,0.3333333333333333,3.3333333333333335,0,2.6666666666666665,4.333333333333333
20210503210779,2,1,1,59,2,100,4,2,1,1,1,1,1,1,1,3,2,2,2,5,1,0,0,0,0,0,0,0,0,0,0,0,0,0,0,0,0,0,0,0,0,0,0,0,0,0,0,285,0,45,0,180,0,60,0,0,0,0,240,0,0,0,0,240,240,0,0,0,0,60,0,570,0,0,0,570,0,0,0,0,0,0,0,0,0,0,0,0,0,0,0,0,0,0,0,0,0,0,0,0,345,0,0,0,345,0,3,3,5.333333333333333,4.666666666666667,2,5
20210503210831,4,1,2,50,1,100,1,3,1,1,1,1,1,1,1,1,2,2,1,8,1,0,0,0,0,0,0,0,0,0,0,0,0,0,0,0,0,0,0,0,0,0,0,0,215,155,60,119,0,99,0,20,0,0,0,0,0,0,560,0,0,0,215,240,300,60,60,215,45,180,0,491,0,110,0,381,0,15,10,0,0,0,0,0,0,0,10,5,0,0,0,0,0,0,0,0,0,0,0,0,40,0,0,0,40,0,3.3333333333333335,2,1.6666666666666667,1,1.3333333333333333,4
20210503210837,4,1,2,33,1,110,1,2,1,1,1,1,1,1,1,2,2,2,1,7,1,215,0,215,0,0,215,0,0,0,0,0,0,0,0,0,0,0,0,0,0,0,0,0,100,100,0,176,45,31,60,0,0,0,5,0,35,0,467,0,106,0,0,125,425,300,194,0,42,80,0,482,0,15,0,467,0,0,0,0,0,0,0,0,0,0,0,0,0,0,0,0,0,0,0,0,0,0,0,0,0,0,0,0,0,0,5,0,2,1.3333333333333333,0,4
20210503210851,4,1,2,43,1,100,1,3,1,1,1,1,1,1,1,4,1,2,1,7,1,0,0,0,0,0,0,0,0,0,0,0,0,0,0,0,0,0,0,0,0,0,0,0,40,40,0,0,0,0,0,0,0,0,0,0,0,0,860,0,0,0,0,0,860,860,860,0,0,0,0,540,0,0,0,540,0,0,0,0,0,0,0,0,0,0,0,0,0,0,0,0,0,0,0,0,0,0,0,0,0,0,0,0,0,0,4.666666666666667,0,5.666666666666667,1.3333333333333333,0,4.666666666666667
20210503210885,4,1,2,46,1,100,1,3,1,1,1,1,1,1,1,2,1,2,2,8,1,140,0,110,0,0,110,30,0,0,0,0,0,0,0,0,0,0,0,0,0,0,0,0,120,120,0,0,0,0,0,0,0,0,0,0,0,0,180,0,0,0,0,180,180,0,0,0,0,180,0,450,0,30,0,420,0,0,0,0,0,0,0,0,0,0,0,0,0,0,0,0,0,0,0,0,0,0,0,0,550,0,0,0,550,0,6,0,5,1.6666666666666667,0,6
20210503210890,4,1,2,26,2,100,1,2,1,1,1,1,1,1,1,2,2,1,2,8,1,30,0,30,0,0,30,0,0,0,0,0,0,0,0,0,0,0,0,0,0,0,0,0,61,60,1,75,0,10,0,60,0,0,0,5,0,0,484,0,0,0,0,308,458,150,150,0,26,308,0,750,0,30,0,720,0,40,0,10,0,0,0,0,0,0,0,30,0,0,0,0,0,0,0,0,0,0,0,0,0,0,0,0,0,0,5,0,3,0.3333333333333333,0.6666666666666666,5.333333333333333
20210503211040,6,1,2,25,2,100,1,3,1,1,1,1,1,1,1,1,2,2,2,10,1,0,0,0,0,0,0,0,0,0,0,0,0,0,0,0,0,0,0,0,0,0,0,0,15,15,0,0,0,0,0,0,0,0,0,0,0,0,140,0,0,0,0,140,140,0,0,0,0,140,0,720,0,80,0,640,0,0,0,0,0,0,0,0,0,0,0,0,0,0,0,0,0,0,0,0,0,0,0,0,565,0,0,20,545,0,6,0,4.666666666666667,0,0,4
20210503211102,3,1,1,33,1,131,1,2,1,1,1,1,1,1,1,1,2,2,2,9,1,180,0,180,0,0,180,0,0,0,0,0,0,0,15,15,0,15,0,0,0,0,0,0,135,135,0,105,0,90,0,15,0,0,0,0,0,0,210,0,0,0,60,150,150,0,0,60,0,90,0,645,0,30,0,615,0,90,0,60,0,60,0,0,0,0,0,30,0,0,0,0,0,0,0,0,0,0,0,0,60,0,0,0,60,0,5.333333333333333,0,0.6666666666666666,0.3333333333333333,0,5
20210503211125,4,1,2,48,1,100,4,3,1,1,1,1,1,1,1,1,2,1,1,7,1,460,0,460,0,0,460,0,0,0,0,0,0,0,40,0,0,0,40,0,0,0,0,0,10,10,0,0,0,0,0,0,0,0,0,0,0,0,290,0,220,0,0,30,250,220,0,0,40,30,0,640,0,30,0,610,0,0,0,0,0,0,0,0,0,0,0,0,0,0,0,0,0,0,0,0,0,0,0,0,0,0,0,0,0,0,5,0,1.3333333333333333,0.6666666666666666,0,5.333333333333333
20210503211149,2,1,1,40,2,100,4,2,1,1,1,1,1,1,1,3,2,2,1,6,1,35,0,35,15,0,20,0,0,0,0,0,0,0,0,0,0,0,0,0,0,0,0,0,85,65,20,40,0,0,0,20,0,0,20,0,0,0,90,0,0,0,55,15,15,0,0,55,20,0,0,490,0,40,0,450,0,130,0,0,0,0,90,0,0,0,90,40,0,0,0,0,0,0,0,0,0,0,0,0,570,0,0,0,570,0,2,3.6666666666666665,1.6666666666666667,2.6666666666666665,1.6666666666666667,3
20210503211170,5,1,2,19,1,131,6,1,1,1,1,1,1,1,1,2,2,2,2,6,1,0,0,0,0,0,0,0,0,0,0,0,0,0,170,0,0,0,170,0,180,180,0,0,50,50,0,105,0,0,0,0,0,0,90,0,15,0,90,0,0,0,0,60,90,30,30,0,0,0,0,520,0,0,0,520,0,0,0,0,0,0,0,0,0,0,0,0,0,0,0,0,0,0,0,0,0,0,0,0,325,0,0,15,310,0,4,2.6666666666666665,2,2,0.3333333333333333,1.6666666666666667
20210503211197,3,1,1,36,1,100,1,1,1,1,1,1,1,1,1,4,2,2,1,7,1,180,0,180,0,0,180,0,0,0,0,0,0,0,0,0,0,0,0,0,0,0,0,0,30,30,0,138,0,60,0,78,0,0,0,0,0,0,675,0,0,0,0,225,615,390,390,0,60,0,0,405,0,30,0,375,0,12,0,2,0,2,0,0,0,0,0,10,0,0,0,0,0,0,0,0,0,0,0,0,0,0,0,0,0,0,4.333333333333333,0,0.6666666666666666,0,0.3333333333333333,3.6666666666666665
20210503211245,4,1,2,44,1,131,1,1,1,1,1,1,1,1,1,2,2,2,2,10,1,0,0,0,0,0,0,0,0,0,0,0,0,0,0,0,0,0,0,0,0,0,0,0,330,330,0,255,0,0,45,120,0,0,90,0,0,0,0,0,0,0,0,0,0,0,0,0,0,0,105,600,0,30,0,570,0,120,0,60,0,0,0,0,0,0,0,60,0,30,0,0,0,0,0,0,0,0,30,30,0,0,0,0,0,0,6,0,1,0,0,3.6666666666666665
20210503211284,4,1,2,30,2,100,1,3,1,1,1,1,1,1,1,3,2,2,2,6,1,10,0,10,0,0,10,0,0,0,0,0,0,0,0,0,0,0,0,0,0,0,0,0,90,90,0,0,0,0,0,0,0,0,0,0,0,0,195,0,0,0,75,100,100,0,0,75,20,60,95,435,0,0,0,435,0,0,0,0,0,0,0,0,0,0,0,0,0,0,0,0,0,0,0,0,0,0,0,0,615,0,0,90,525,0,3,1,3.6666666666666665,2.6666666666666665,0,2.3333333333333335
20210503211488,7,1,6,62,2,100,4,3,1,1,1,1,1,1,1,2,2,2,2,8,1,90,0,90,0,0,90,0,0,0,0,0,0,0,0,0,0,0,0,0,0,0,0,0,120,120,0,660,0,0,0,0,0,0,660,0,0,0,90,0,0,0,0,90,90,0,0,0,0,90,0,480,0,0,0,480,0,0,0,0,0,0,0,0,0,0,0,0,0,0,0,0,0,0,0,0,0,0,0,0,0,0,0,0,0,0,5.666666666666667,0.3333333333333333,5.666666666666667,3.6666666666666665,0,6
20210503211495,6,1,3,37,1,110,1,4,1,1,1,1,1,1,1,2,2,2,2,6,1,0,0,0,0,0,0,0,0,0,0,0,0,0,0,0,0,0,0,0,0,0,0,0,0,0,0,607,0,152,15,440,0,0,0,0,0,0,103,0,0,0,0,103,103,0,0,0,0,103,0,600,0,0,0,600,0,130,0,65,0,65,0,0,0,0,0,65,0,0,0,0,0,0,0,0,0,0,0,0,0,0,0,0,0,0,6,2,2,1.6666666666666667,2,6
20210503211609,3,1,1,55,1,100,1,4,1,1,1,1,1,1,1,2,2,2,1,6,1,0,0,0,0,0,0,0,0,0,0,0,0,0,0,0,0,0,0,0,0,0,0,0,30,20,10,30,0,0,0,0,0,30,0,0,0,0,1200,0,0,0,0,1200,1200,0,0,0,0,0,0,180,0,0,0,180,0,0,0,0,0,0,0,0,0,0,0,0,0,0,0,0,0,0,0,0,0,0,0,0,0,0,0,0,0,0,3.6666666666666665,0.3333333333333333,1.6666666666666667,1.3333333333333333,1,3.6666666666666665
20210503211688,4,1,2,41,2,100,1,3,1,1,1,1,1,1,1,2,2,2,2,8,1,237,0,237,0,0,237,0,0,0,0,0,0,0,0,0,0,0,0,0,0,0,0,0,160,140,20,125,0,65,0,60,0,0,0,0,0,0,320,0,0,0,135,165,165,0,0,135,20,120,0,538,0,0,0,538,0,60,0,15,0,0,0,0,0,0,0,45,0,0,0,0,0,0,0,0,0,0,0,0,0,0,0,0,0,0,5,1,2.6666666666666665,0.3333333333333333,3.6666666666666665,5
20210503211702,4,1,2,41,1,100,1,2,1,1,1,1,1,1,1,2,2,2,1,8,1,107,0,32,0,0,32,75,0,0,0,0,0,0,0,0,0,0,0,0,0,0,0,0,60,60,0,75,0,0,0,30,0,45,0,0,0,0,493,0,120,113,60,120,240,120,0,173,80,60,0,675,0,15,0,660,0,30,0,5,0,0,0,0,0,15,15,10,0,0,0,0,0,0,0,0,0,0,0,0,0,0,0,0,0,0,4.333333333333333,0,3.3333333333333335,0,0,4
20210503211713,4,1,2,38,2,131,1,3,1,1,1,1,1,1,1,1,2,2,1,9,1,160,0,160,0,0,160,0,0,0,0,0,0,0,0,0,0,0,0,0,0,0,0,0,80,80,0,240,0,60,0,60,0,0,120,0,0,0,60,0,0,0,0,60,60,0,0,0,0,60,40,600,0,60,0,540,0,260,0,210,0,90,0,0,0,0,0,50,0,0,0,0,0,0,0,0,0,0,0,0,0,0,0,0,0,0,6,0,1,0,0,6
20210503211740,2,1,1,49,2,100,2,2,1,1,1,1,1,1,1,2,2,2,2,6,1,0,0,0,0,0,0,0,20,0,0,0,3,17,0,0,0,0,0,0,0,0,0,0,85,75,10,20,0,0,20,0,0,0,0,0,0,0,260,0,0,0,0,115,260,145,145,0,0,90,0,345,0,55,0,290,0,215,0,190,0,0,0,0,0,0,0,25,0,0,0,0,0,0,0,0,0,0,0,0,495,0,0,10,485,0,3,0,1.3333333333333333,0,0,3
20210503211765,3,1,1,69,2,100,4,3,1,1,1,1,1,1,1,2,1,2,2,8,1,0,0,0,0,0,0,0,0,0,0,0,0,0,0,0,0,0,0,0,0,0,0,0,75,75,0,170,0,65,0,75,0,0,30,0,0,0,655,0,110,0,0,535,645,110,0,0,10,535,0,510,0,30,0,480,0,30,0,15,0,0,0,0,0,0,0,15,0,0,0,0,0,0,0,0,0,0,0,0,0,0,0,0,0,0,5,0,1,0,3,6
20210503211775,5,1,3,35,1,100,1,2,1,1,1,1,1,1,1,2,2,2,2,8,1,163,0,98,0,0,98,65,0,0,0,0,0,0,0,0,0,0,0,0,0,0,0,0,50,50,0,68,0,25,25,0,0,0,0,0,18,0,110,0,0,0,60,40,40,0,0,60,10,0,0,285,0,15,0,270,0,60,0,25,0,0,0,0,0,0,0,35,0,0,0,0,0,0,0,0,0,0,0,0,704,0,0,0,704,0,5,0,2,1.6666666666666667,0,3.3333333333333335
20210503211828,3,1,1,43,1,100,4,4,1,1,1,1,1,1,1,2,2,2,1,1,1,0,0,0,0,0,0,0,35,30,0,30,0,5,0,0,0,0,0,0,0,0,0,0,80,75,5,290,0,0,0,0,180,0,0,110,0,0,465,0,0,0,0,300,460,160,160,0,5,0,0,540,0,0,0,540,0,30,0,10,0,0,0,0,0,0,0,20,0,0,0,0,0,0,0,0,0,0,0,0,0,0,0,0,0,0,4.666666666666667,4.333333333333333,4,4.333333333333333,3,3
20210503212071,4,1,2,36,1,100,1,2,1,1,1,1,1,1,1,3,2,2,1,7,1,138,0,123,0,0,123,15,0,0,0,0,0,0,0,0,0,0,0,0,0,0,0,0,110,110,0,0,0,0,0,0,0,0,0,0,0,0,60,0,0,0,0,0,60,60,60,0,0,0,30,627,0,2,0,625,0,25,0,15,0,0,0,0,0,0,0,10,0,450,60,0,0,0,0,0,240,30,420,420,0,0,0,0,0,0,3.3333333333333335,0,4,4.333333333333333,0,5.666666666666667
20210503212093,6,1,4,35,1,100,1,2,1,1,1,1,1,1,1,2,1,2,1,10,1,166,0,142,0,0,142,24,0,0,0,0,0,0,0,0,0,0,0,0,0,0,0,0,40,40,0,80,0,80,0,0,0,0,0,0,0,0,303,0,0,0,0,0,300,300,300,0,3,0,140,711,0,90,0,621,0,0,0,0,0,0,0,0,0,0,0,0,0,0,0,0,0,0,0,0,0,0,0,0,0,0,0,0,0,0,6,0,3,1.6666666666666667,0,6
20210503212227,3,1,1,36,1,100,1,3,1,1,1,1,1,1,1,3,2,2,1,5,1,15,0,15,0,0,15,0,0,0,0,0,0,0,0,0,0,0,0,0,0,0,0,0,165,120,45,15,0,15,0,0,0,0,0,0,0,0,230,90,0,0,0,110,200,0,0,0,30,110,0,870,0,90,0,780,0,145,0,90,0,0,0,0,0,0,0,55,0,0,0,0,0,0,0,0,0,0,0,0,0,0,0,0,0,0,4.333333333333333,1.6666666666666667,3.3333333333333335,5,3,6
20210503212280,3,1,1,49,1,100,1,2,1,1,1,1,1,1,1,2,2,2,2,8,1,0,0,0,0,0,0,0,0,0,0,0,0,0,0,0,0,0,0,0,0,0,0,0,150,150,0,540,420,0,0,0,0,120,0,0,0,0,180,0,0,0,0,180,180,0,0,0,0,180,0,570,0,90,0,480,0,0,0,0,0,0,0,0,0,0,0,0,0,0,0,0,0,0,0,0,0,0,0,0,0,0,0,0,0,0,5.333333333333333,0.6666666666666666,2.3333333333333335,0.3333333333333333,1,5
20210503212284,4,1,2,33,2,100,1,2,1,1,1,1,1,1,1,2,2,2,2,7,1,40,0,40,0,0,40,0,0,0,0,0,0,0,30,30,30,0,0,0,0,0,0,0,30,30,0,440,0,100,10,270,0,60,0,0,0,0,120,0,0,0,0,120,120,0,0,0,0,120,0,675,0,0,0,675,0,100,0,60,0,60,0,0,0,0,0,40,0,5,0,0,0,0,0,5,0,0,0,0,0,0,0,0,0,0,4,1.6666666666666667,5.666666666666667,5,0.6666666666666666,4
20210503212294,5,1,1,35,1,100,6,2,1,1,1,1,1,1,1,2,2,2,2,6,1,15,0,5,0,0,5,10,0,0,0,0,0,0,0,0,0,0,0,0,0,0,0,0,30,30,0,0,0,0,0,0,0,0,0,0,0,0,255,0,0,0,0,255,255,0,0,0,0,240,0,635,0,20,0,615,0,0,0,0,0,0,0,0,0,0,0,0,0,0,0,0,0,0,0,0,0,0,0,0,505,0,0,25,480,0,5.666666666666667,0,1.3333333333333333,0,0.3333333333333333,2
20210504210052,4,1,3,40,2,100,6,5,1,1,1,1,1,1,1,2,1,2,2,10,1,105,0,105,0,0,105,0,0,0,0,0,0,0,0,0,0,0,0,0,0,0,0,0,30,30,0,185,0,125,0,60,0,0,0,0,0,0,625,0,0,0,60,565,565,0,0,60,0,565,0,495,0,15,0,480,0,0,0,0,0,0,0,0,0,0,0,0,0,0,0,0,0,0,0,0,0,0,0,0,0,0,0,0,0,0,4.666666666666667,0,1.6666666666666667,0,0,6
20210504210068,3,1,1,33,1,100,1,5,1,1,1,1,1,1,1,3,1,2,2,5,1,0,0,0,0,0,0,0,0,0,0,0,0,0,0,0,0,0,0,0,0,0,0,0,30,30,0,0,0,0,0,0,0,0,0,0,0,0,133,0,0,0,0,0,133,133,133,0,0,0,0,515,0,20,0,495,0,80,0,40,0,40,0,0,0,0,0,40,0,0,0,0,0,0,0,0,0,0,0,0,682,0,0,164,518,0,3.3333333333333335,4.666666666666667,5,3.3333333333333335,4,2
20210504210105,8,1,5,19,2,100,6,2,1,1,1,1,1,1,1,1,2,2,2,8,1,0,0,0,0,0,0,0,0,0,0,0,0,0,0,0,0,0,0,0,0,0,0,0,60,60,0,60,0,15,30,0,0,0,0,0,15,0,618,0,165,0,0,382,582,200,35,0,36,167,0,652,0,92,0,560,0,50,0,20,0,0,0,0,0,0,0,30,0,0,0,0,0,0,0,0,0,0,0,0,0,0,0,0,0,0,5.666666666666667,0.6666666666666666,1.3333333333333333,1.6666666666666667,0,3
20210504210143,4,1,2,22,2,100,6,3,1,1,1,1,1,1,1,1,2,2,1,8,1,0,0,0,0,0,0,0,0,0,0,0,0,0,0,0,0,0,0,0,0,0,0,0,30,30,0,60,0,30,0,30,0,0,0,0,0,0,825,0,295,0,0,490,785,295,0,0,40,490,0,525,0,45,0,480,0,0,0,0,0,0,0,0,0,0,0,0,0,0,0,0,0,0,0,0,0,0,0,0,0,0,0,0,0,0,3.6666666666666665,0.3333333333333333,3.3333333333333335,2,0.3333333333333333,3.6666666666666665
20210504210167,5,1,2,18,2,100,6,4,2,1,1,1,1,1,2,3,2,2,1,9,1,0,0,0,0,0,0,0,0,0,0,0,0,0,0,0,0,0,0,0,0,0,0,0,45,45,0,70,0,30,0,40,0,0,0,0,0,0,665,0,0,0,0,365,665,300,300,0,0,225,0,660,0,60,0,600,0,0,0,0,0,0,0,0,0,0,0,0,0,0,0,0,0,0,0,0,0,0,0,0,0,0,0,0,0,0,6,0,0,0,0,6
20210504210175,5,1,2,21,2,100,6,3,1,1,1,1,1,1,1,2,2,2,2,7,1,0,0,0,0,0,0,0,0,0,0,0,0,0,0,0,0,0,0,0,0,0,0,0,60,60,0,102,0,60,0,0,0,0,42,0,0,0,708,0,0,0,25,683,683,0,0,25,0,520,0,570,0,30,0,540,0,0,0,0,0,0,0,0,0,0,0,0,0,0,0,0,0,0,0,0,0,0,0,0,0,0,0,0,0,0,3.3333333333333335,0,2.3333333333333335,1.6666666666666667,0,1.6666666666666667
20210504210185,4,1,1,23,1,100,6,1,1,1,1,1,1,1,1,1,2,2,2,7,1,0,0,0,0,0,0,0,0,0,0,0,0,0,0,0,0,0,0,0,0,0,0,0,15,15,0,150,0,45,90,0,0,0,0,0,15,0,150,0,0,0,0,120,120,0,0,0,30,120,0,735,0,0,0,735,0,305,0,0,0,0,15,235,0,0,15,55,235,0,0,0,0,0,0,0,0,0,0,0,85,0,0,60,25,0,4.666666666666667,0,4,0.6666666666666666,0,4
20210504210189,4,1,2,18,2,100,6,2,1,1,1,1,1,1,1,1,2,2,2,7,1,120,0,80,30,0,50,40,0,0,0,0,0,0,0,0,0,0,0,0,0,0,0,0,30,30,0,180,0,20,20,120,0,0,0,0,20,0,280,0,0,0,0,30,220,190,190,0,60,30,0,585,0,30,0,555,0,245,0,210,0,120,0,0,0,0,0,35,0,0,0,0,0,0,0,0,0,0,0,0,0,0,0,0,0,0,4.333333333333333,0,1.3333333333333333,0,0,4.333333333333333
20210504210201,4,1,2,24,2,100,1,2,1,1,1,1,1,1,1,2,2,2,1,9,1,435,0,410,0,0,410,25,0,0,0,0,0,0,0,0,0,0,0,0,0,0,0,0,60,60,0,130,0,50,0,80,0,0,0,0,0,0,120,0,0,0,0,120,120,0,0,0,0,120,125,560,0,30,0,530,0,10,0,5,0,0,0,0,0,0,0,5,0,0,0,0,0,0,0,0,0,0,0,0,0,0,0,0,0,0,5.666666666666667,0,0,1.3333333333333333,2,5.333333333333333
20210504210226,3,1,1,20,1,100,6,2,2,1,1,1,2,1,1,2,2,1,1,5,1,60,0,60,0,0,60,0,0,0,0,0,0,0,0,0,0,0,0,0,0,0,0,0,60,60,0,60,0,60,0,0,0,0,0,0,0,0,450,0,0,0,90,360,360,0,0,90,0,360,0,810,0,0,0,810,0,0,0,0,0,0,0,0,0,0,0,0,0,0,0,0,0,0,0,0,0,0,0,0,0,0,0,0,0,0,4,0,1,1.3333333333333333,1,4.666666666666667
20210504210270,5,1,1,24,2,201,6,2,1,1,1,1,1,1,1,2,2,1,2,9,1,0,0,0,0,0,0,0,0,0,0,0,0,0,0,0,0,0,0,0,0,0,0,0,205,90,25,30,0,30,0,0,0,0,0,0,0,0,505,150,0,0,120,180,360,30,30,120,25,0,0,698,0,150,0,518,30,2,0,2,0,0,0,0,0,0,0,0,0,0,0,0,0,0,0,0,0,0,0,0,0,0,0,0,0,0,5.666666666666667,0,2.6666666666666665,0,0,5
20210504210283,4,1,1,21,2,110,6,1,1,1,1,1,1,1,1,4,2,2,2,5,1,102,0,102,0,0,102,0,0,0,0,0,0,0,0,0,0,0,0,0,0,0,0,0,10,10,0,30,0,30,0,0,0,0,0,0,0,0,165,0,0,0,0,165,165,0,0,0,0,165,0,620,0,50,0,570,0,0,0,0,0,0,0,0,0,0,0,0,0,0,0,0,0,0,0,0,0,0,0,0,513,0,0,30,483,0,4.666666666666667,0,5.333333333333333,0,0,6
20210504210524,4,1,2,40,2,100,4,2,1,1,1,1,1,1,1,3,2,2,2,7,1,35,0,21,0,0,21,14,0,0,0,0,0,0,0,0,0,0,0,0,0,0,0,0,50,50,0,21,0,20,0,0,0,0,1,0,0,0,240,0,0,0,60,180,180,0,0,60,0,180,0,480,0,0,0,480,0,0,0,0,0,0,0,0,0,0,0,0,0,0,0,0,0,0,0,0,0,0,0,0,614,0,0,0,614,0,3.6666666666666665,0,2.6666666666666665,1.3333333333333333,0,4.666666666666667
20210504210536,4,1,2,33,2,100,1,1,1,1,1,1,1,1,1,4,2,2,2,8,1,350,0,320,0,0,320,30,0,0,0,0,0,0,0,0,0,0,0,0,0,0,0,0,65,65,0,20,0,15,0,5,0,0,0,0,0,0,305,0,0,0,30,155,275,120,120,30,0,155,30,549,0,35,0,514,0,25,0,5,0,0,0,0,0,0,0,20,0,0,0,0,0,0,0,0,0,0,0,0,96,0,0,0,96,0,2.6666666666666665,0,3.6666666666666665,3.3333333333333335,0,5
20210504210545,2,1,1,34,2,100,4,3,1,1,1,1,1,1,1,2,2,1,1,6,1,0,0,0,0,0,0,0,70,15,0,15,0,55,0,0,0,0,0,0,0,0,0,0,105,105,0,190,0,60,100,30,0,0,0,0,0,0,525,0,0,0,0,260,510,250,250,0,15,0,0,335,0,35,0,300,0,215,0,95,0,45,60,0,0,0,60,60,0,0,0,0,0,0,0,0,0,0,0,0,0,0,0,0,0,0,4.666666666666667,0,2.6666666666666665,0.6666666666666666,4.666666666666667,4.333333333333333
20210504210547,7,1,3,39,1,131,1,2,1,1,1,1,1,1,1,1,2,2,2,8,1,238,0,113,0,0,113,125,0,0,0,0,0,0,0,0,0,0,0,0,0,0,0,0,90,90,0,45,0,30,0,0,0,0,15,0,0,0,30,0,0,0,0,30,30,0,0,0,0,0,75,587,0,45,0,542,0,0,0,0,0,0,0,0,0,0,0,0,0,0,0,0,0,0,0,0,0,0,0,0,375,0,0,60,315,0,4.666666666666667,0,2,1.3333333333333333,0,5.666666666666667
20210504210550,4,1,2,28,2,100,1,2,1,1,1,1,1,1,1,2,2,2,1,9,1,680,0,680,0,0,680,0,0,0,0,0,0,0,0,0,0,0,0,0,0,0,0,0,0,0,0,10,0,10,0,0,0,0,0,0,0,0,0,0,0,0,0,0,0,0,0,0,0,0,0,750,0,0,0,750,0,0,0,0,0,0,0,0,0,0,0,0,0,0,0,0,0,0,0,0,0,0,0,0,0,0,0,0,0,0,3.6666666666666665,0.3333333333333333,2,1.6666666666666667,0,5.666666666666667
20210504210551,4,1,2,39,2,100,1,1,1,1,1,1,1,1,1,1,2,2,2,10,1,70,0,10,0,0,10,60,0,0,0,0,0,0,0,0,0,0,0,0,0,0,0,0,60,40,20,110,0,110,0,0,0,0,0,0,0,0,150,0,0,0,0,150,150,0,0,0,0,150,0,540,0,0,0,540,0,0,0,0,0,0,0,0,0,0,0,0,0,0,0,0,0,0,0,0,0,0,0,0,510,0,0,0,510,0,6,0,0,0,0,6
20210504210575,7,1,4,46,2,110,1,1,1,1,1,1,1,1,1,1,2,2,2,8,1,0,0,0,0,0,0,0,0,0,0,0,0,0,0,0,0,0,0,0,0,0,0,0,15,15,0,120,0,0,0,120,0,0,0,0,0,0,0,0,0,0,0,0,0,0,0,0,0,0,0,510,0,60,0,450,0,0,0,0,0,0,0,0,0,0,0,0,0,0,0,0,0,0,0,0,0,0,0,0,795,0,0,60,735,0,5.666666666666667,0,0.3333333333333333,0.6666666666666666,0,6
20210504210578,5,1,3,41,2,100,1,3,1,1,1,1,1,1,1,2,2,1,2,8,1,0,0,0,0,0,0,0,0,0,0,0,0,0,0,0,0,0,0,0,0,0,0,0,60,60,0,150,0,0,0,30,0,0,120,0,0,0,200,0,0,0,0,60,180,120,120,0,20,0,0,660,0,60,0,600,0,0,0,0,0,0,0,0,0,0,0,0,0,370,120,0,0,0,0,230,0,20,120,120,0,0,0,0,0,0,4.666666666666667,0,1.6666666666666667,1,0,5.333333333333333
20210504210585,3,1,2,37,2,100,4,2,1,1,1,1,1,1,1,1,2,2,1,7,1,170,0,135,0,0,135,35,0,0,0,0,0,0,30,0,0,0,30,0,0,0,0,0,55,55,0,275,120,65,15,45,0,30,0,0,0,0,110,0,0,0,30,45,65,20,20,30,15,45,0,375,0,60,60,255,0,125,0,90,0,0,0,0,0,0,0,35,0,0,0,0,0,0,0,0,0,0,0,0,300,0,0,0,300,0,4,0,1.6666666666666667,0.6666666666666666,0,4.666666666666667
20210504210593,3,1,1,47,2,100,1,3,1,1,1,1,1,1,1,2,1,1,1,8,1,30,0,30,0,0,30,0,0,0,0,0,0,0,0,0,0,0,0,0,0,0,0,0,90,90,0,250,0,70,0,55,0,0,120,0,5,0,335,0,0,0,0,120,330,210,210,0,5,120,0,735,0,45,0,690,0,0,0,0,0,0,0,0,0,0,0,0,0,0,0,0,0,0,0,0,0,0,0,0,0,0,0,0,0,0,5.333333333333333,0,1.3333333333333333,0.3333333333333333,0,4.666666666666667
20210504210611,5,1,3,31,2,100,1,1,1,1,1,1,1,1,1,1,2,2,1,10,1,425,415,0,0,0,0,10,0,0,0,0,0,0,0,0,0,0,0,0,0,0,0,0,60,60,0,120,0,60,0,0,0,60,0,0,0,0,235,0,0,0,0,235,235,0,0,0,0,175,0,600,0,60,0,540,0,0,0,0,0,0,0,0,0,0,0,0,0,0,0,0,0,0,0,0,0,0,0,0,0,0,0,0,0,0,4,0,0,0,0,6
20210504210612,3,1,1,52,1,100,1,3,1,1,1,1,1,1,1,2,1,1,1,7,1,140,0,125,0,0,125,15,0,0,0,0,0,0,0,0,0,0,0,0,0,0,0,0,60,60,0,40,0,40,0,0,0,0,0,0,0,0,425,0,0,0,0,425,425,0,0,0,0,150,0,360,0,0,0,360,0,30,0,10,0,0,0,0,0,0,0,20,0,0,0,0,0,0,0,0,0,0,0,0,385,0,0,0,385,0,4,0,0.6666666666666666,0.6666666666666666,0.6666666666666666,4
20210504210624,4,1,1,51,2,100,1,2,1,1,1,1,1,1,1,2,2,1,2,8,1,60,0,60,0,0,60,0,0,0,0,0,0,0,0,0,0,0,0,0,0,0,0,0,110,110,0,0,0,0,0,0,0,0,0,0,0,0,535,0,0,0,0,375,515,140,140,0,20,255,0,635,0,45,0,590,0,0,0,0,0,0,0,0,0,0,0,0,0,100,0,0,0,0,0,80,0,20,0,0,0,0,0,0,0,0,6,0,0,0,0,6
20210504210637,4,1,3,31,2,100,5,3,1,1,1,1,1,1,1,1,2,2,1,10,1,25,0,20,0,0,20,5,0,0,0,0,0,0,0,0,0,0,0,0,0,0,0,0,15,15,0,152,0,0,0,130,0,0,0,0,22,0,197,0,0,0,0,167,197,30,30,0,0,167,0,660,0,30,0,630,0,56,0,20,0,0,0,0,0,0,10,26,0,0,0,0,0,0,0,0,0,0,0,0,335,0,0,10,325,0,4.666666666666667,0.6666666666666666,4.333333333333333,3.6666666666666665,3.6666666666666665,6
20210504210663,3,1,2,34,2,100,5,4,1,1,1,1,1,1,1,2,2,2,2,5,1,0,0,0,0,0,0,0,0,0,0,0,0,0,0,0,0,0,0,0,0,0,0,0,20,15,5,15,0,15,0,0,0,0,0,0,0,0,255,0,0,0,0,255,255,0,0,0,0,255,0,750,0,90,0,660,0,10,0,5,0,0,0,0,0,0,0,5,0,0,0,0,0,0,0,0,0,0,0,0,390,0,0,60,330,0,3.3333333333333335,1.6666666666666667,3.3333333333333335,2.6666666666666665,2,4.333333333333333
20210504210665,3,1,1,27,2,131,1,3,1,1,1,1,1,1,1,1,2,2,1,5,1,50,0,50,0,0,50,0,0,0,0,0,0,0,0,0,0,0,0,0,0,0,0,0,30,30,0,40,0,30,10,0,0,0,0,0,0,0,410,0,0,0,0,360,360,0,0,0,50,360,90,820,0,55,0,765,0,0,0,0,0,0,0,0,0,0,0,0,0,0,0,0,0,0,0,0,0,0,0,0,0,0,0,0,0,0,5,0,4,4.333333333333333,0,5
20210504210679,4,1,2,45,1,131,1,2,1,1,1,1,1,1,1,1,2,2,2,8,1,155,0,140,0,0,140,15,0,0,0,0,0,0,0,0,0,0,0,0,0,0,0,0,120,120,0,150,0,0,0,60,0,90,0,0,0,0,514,0,294,0,140,60,354,294,0,140,20,0,0,445,0,30,0,415,0,56,0,22,0,0,0,0,0,0,0,34,0,0,0,0,0,0,0,0,0,0,0,0,0,0,0,0,0,0,6,0,3.3333333333333335,0.3333333333333333,0,6
20210504210689,2,1,1,58,2,100,3,4,1,1,1,1,1,1,1,3,2,1,2,2,1,0,0,0,0,0,0,0,0,0,0,0,0,0,25,0,0,0,25,0,0,0,0,0,30,30,0,635,0,0,0,635,0,0,0,0,0,0,345,0,0,0,0,345,345,0,0,0,0,0,120,285,0,30,0,255,0,0,0,0,0,0,0,0,0,0,0,0,0,0,0,0,0,0,0,0,0,0,0,0,0,0,0,0,0,0,3.6666666666666665,1.3333333333333333,5.333333333333333,1.3333333333333333,5.666666666666667,3
20210504210694,3,1,1,48,2,110,1,2,1,1,1,1,1,1,1,2,2,2,2,8,1,30,0,10,0,0,10,20,0,0,0,0,0,0,0,0,0,0,0,0,0,0,0,0,60,60,0,135,0,40,0,55,0,30,10,0,0,0,200,0,0,0,0,200,200,0,0,0,0,110,0,540,0,40,0,500,0,0,0,0,0,0,0,0,0,0,0,0,0,0,0,0,0,0,0,0,0,0,0,0,475,0,0,0,475,0,4.666666666666667,1,2.6666666666666665,1,0,2.6666666666666665
20210504210697,3,1,1,34,2,100,1,2,1,1,1,1,1,1,1,1,1,1,2,8,1,35,0,35,0,0,35,0,0,0,0,0,0,0,0,0,0,0,0,0,0,0,0,0,60,60,0,250,0,0,20,230,0,0,0,0,0,0,260,150,0,0,0,90,240,0,0,0,20,90,0,715,0,40,0,675,0,120,0,90,0,90,0,0,0,0,0,30,0,0,0,0,0,0,0,0,0,0,0,0,0,0,0,0,0,0,4.333333333333333,0,3.6666666666666665,1,0,5.666666666666667
20210504210701,3,1,1,31,1,110,6,3,1,1,1,1,1,1,1,1,2,2,2,8,1,0,0,0,0,0,0,0,0,0,0,0,0,0,0,0,0,0,0,0,0,0,0,0,20,20,0,0,0,0,0,0,0,0,0,0,0,0,240,0,0,0,0,240,240,0,0,0,0,240,0,600,0,60,0,540,0,0,0,0,0,0,0,0,0,0,0,0,0,0,0,0,0,0,0,0,0,0,0,0,580,0,0,20,560,0,6,0,0,0,0,6
20210504210712,6,1,4,34,2,100,1,3,1,1,1,1,1,1,1,1,2,2,2,9,1,377,0,357,0,0,357,20,45,45,0,45,0,0,10,0,0,0,5,5,0,0,0,0,55,55,0,183,90,65,18,0,0,0,0,0,10,0,180,0,0,0,30,150,150,0,0,30,0,150,0,562,0,5,0,557,0,25,0,0,0,0,0,0,0,0,20,5,0,3,0,0,0,0,0,3,0,0,0,0,0,0,0,0,0,0,5,0,1,0.3333333333333333,0,5.333333333333333
20210504210717,4,1,2,31,1,100,1,3,2,1,1,1,1,1,2,3,1,2,2,4,1,0,0,0,0,0,0,0,0,0,0,0,0,0,0,0,0,0,0,0,0,0,0,0,20,20,0,0,0,0,0,0,0,0,0,0,0,0,537,0,0,0,0,537,537,0,0,0,0,0,0,675,0,15,0,660,0,0,0,0,0,0,0,0,0,0,0,0,0,208,0,0,0,0,0,143,60,5,60,60,0,0,0,0,0,0,2.3333333333333335,2.6666666666666665,3,2.6666666666666665,0,2
20210504210734,4,1,2,41,2,100,1,2,1,1,1,1,1,1,1,3,2,2,1,7,1,210,0,210,0,0,210,0,0,0,0,0,0,0,45,0,0,0,45,0,0,0,0,0,70,70,0,195,0,20,60,110,0,0,5,0,0,0,230,0,0,0,0,170,230,60,60,0,0,140,0,500,0,35,0,465,0,130,0,105,0,0,0,0,0,0,0,25,0,0,0,0,0,0,0,0,0,0,0,0,60,0,0,0,60,0,3.3333333333333335,1.3333333333333333,4,2,0,2
20210504210739,2,1,1,36,1,100,6,1,1,1,1,1,1,1,1,2,2,2,2,7,1,440,0,420,0,0,420,20,0,0,0,0,0,0,0,0,0,0,0,0,0,0,0,0,60,60,0,255,0,30,0,105,0,120,0,0,0,0,145,0,0,0,0,145,145,0,0,0,0,45,0,450,0,0,0,450,0,90,0,60,0,60,0,0,0,0,0,30,0,0,0,0,0,0,0,0,0,0,0,0,0,0,0,0,0,0,3.3333333333333335,0.6666666666666666,3,0.6666666666666666,0,1.6666666666666667
20210504210747,3,1,1,41,1,131,1,3,1,1,1,1,1,1,1,2,2,2,2,7,1,95,15,70,0,0,70,10,0,0,0,0,0,0,0,0,0,0,0,0,0,0,0,0,75,75,0,60,0,60,0,0,0,0,0,0,0,0,215,0,0,0,40,105,165,60,60,40,10,60,0,405,0,0,0,405,0,0,0,0,0,0,0,0,0,0,0,0,0,0,0,0,0,0,0,0,0,0,0,0,590,0,0,0,590,0,5.333333333333333,0,1,0.3333333333333333,0,5.333333333333333
20210504210783,3,1,1,51,1,100,1,4,1,1,1,1,1,1,1,1,2,2,2,8,1,0,0,0,0,0,0,0,0,0,0,0,0,0,0,0,0,0,0,0,0,0,0,0,30,30,0,5,0,5,0,0,0,0,0,0,0,0,255,0,0,0,0,255,255,0,0,0,0,255,0,585,0,15,0,570,0,0,0,0,0,0,0,0,0,0,0,0,0,0,0,0,0,0,0,0,0,0,0,0,565,0,0,25,540,0,5,0,2.5,0,0,5
20210504210793,5,1,3,41,1,100,1,4,1,1,1,1,1,1,1,4,2,2,2,7,1,270,0,270,0,0,270,0,0,0,0,0,0,0,0,0,0,0,0,0,0,0,0,0,17,17,0,135,30,10,5,60,0,30,0,0,0,0,305,0,0,0,0,285,305,20,20,0,0,285,45,538,0,20,0,518,0,70,0,60,0,0,0,0,0,0,0,10,0,0,0,0,0,0,0,0,0,0,0,0,60,0,0,0,60,0,4,2.3333333333333335,4,1.6666666666666667,1,4.333333333333333
20210504210813,4,1,2,33,1,100,1,4,1,1,1,1,1,1,1,3,2,2,3,2,1,0,0,0,0,0,0,0,0,0,0,0,0,0,0,0,0,0,0,0,0,0,0,0,90,90,0,120,0,0,0,0,0,120,0,0,0,0,60,0,0,0,0,60,60,0,0,0,0,60,0,465,0,45,0,420,0,0,0,0,0,0,0,0,0,0,0,0,0,0,0,0,0,0,0,0,0,0,0,0,705,0,0,105,600,0,2,2.3333333333333335,2.3333333333333335,3.6666666666666665,3,1.6666666666666667
20210504210856,3,1,1,56,2,110,1,1,1,1,1,1,1,1,1,4,2,2,2,6,1,0,0,0,0,0,0,0,0,0,0,0,0,0,0,0,0,0,0,0,0,0,0,0,60,60,0,300,0,120,0,180,0,0,0,0,0,0,0,0,0,0,0,0,0,0,0,0,0,0,0,575,0,15,0,560,0,0,0,0,0,0,0,0,0,0,0,0,0,10,0,0,0,0,0,10,0,0,0,0,495,0,0,30,465,0,4.333333333333333,3.3333333333333335,6,4.333333333333333,2.3333333333333335,3
20210504210857,4,1,1,47,2,131,1,3,1,1,1,1,1,1,1,3,1,2,1,6,1,0,0,0,0,0,0,0,0,0,0,0,0,0,0,0,0,0,0,0,0,0,0,0,75,50,25,60,0,60,0,0,0,0,0,0,0,0,445,0,0,0,0,420,420,0,0,0,25,385,0,530,0,50,0,480,0,0,0,0,0,0,0,0,0,0,0,0,0,0,0,0,0,0,0,0,0,0,0,0,330,0,0,0,330,0,6,0,4,2,2,6
20210504210866,6,1,1,43,2,100,1,2,1,1,1,1,1,1,1,2,2,2,2,7,1,160,30,90,0,0,90,40,0,0,0,0,0,0,0,0,0,0,0,0,0,0,0,0,75,75,0,260,0,140,0,120,0,0,0,0,0,0,267,0,0,0,0,180,267,87,87,0,0,90,0,630,0,30,0,600,0,48,0,30,0,0,0,0,0,0,0,18,0,0,0,0,0,0,0,0,0,0,0,0,0,0,0,0,0,0,2.3333333333333335,0,1.3333333333333333,1,0,3.6666666666666665
20210504210903,4,1,2,30,1,100,4,5,1,1,1,1,1,1,1,3,1,1,2,3,1,86,0,26,0,0,26,60,0,0,0,0,0,0,61,0,0,0,61,0,0,0,0,0,30,30,0,155,0,110,1,44,0,0,0,0,0,0,364,0,0,0,0,349,364,15,15,0,0,197,0,422,90,32,0,300,0,162,0,130,0,20,0,0,0,0,0,32,0,160,160,0,0,0,0,0,0,0,160,160,0,0,0,0,0,0,1.3333333333333333,5,4.333333333333333,5.666666666666667,5.333333333333333,1
20210504210913,5,1,3,39,2,100,1,1,2,1,1,2,1,1,1,2,2,2,3,9,1,85,0,85,0,0,85,0,5,0,0,0,1,4,0,0,0,0,0,0,0,0,0,0,45,45,0,0,0,0,0,0,0,0,0,0,0,0,285,0,0,0,120,0,150,150,150,120,15,0,0,530,0,40,0,490,0,0,0,0,0,0,0,0,0,0,0,0,0,0,0,0,0,0,0,0,0,0,0,0,490,0,0,10,480,0,4,0,3,2,0.3333333333333333,1.3333333333333333
20210504210915,4,1,2,44,2,100,1,1,1,1,1,1,1,1,1,3,2,2,3,5,1,245,0,245,0,0,245,0,0,0,0,0,0,0,0,0,0,0,0,0,0,0,0,0,270,270,0,193,0,105,0,45,0,0,37,0,6,0,150,45,0,0,0,0,75,30,30,0,75,0,0,542,0,90,0,452,0,30,0,5,0,0,0,0,0,0,0,25,0,10,0,0,0,0,0,10,0,0,0,0,0,0,0,0,0,0,3,3.5,5.5,3.5,2.5,6
20210504210923,3,1,1,41,1,100,4,2,1,1,1,1,1,1,1,1,2,2,2,8,1,0,0,0,0,0,0,0,200,2,0,2,0,198,0,0,0,0,0,0,0,0,0,0,85,85,0,60,0,15,0,0,0,45,0,0,0,0,45,0,0,0,0,0,45,45,45,0,0,0,0,535,0,45,0,490,0,0,0,0,0,0,0,0,0,0,0,0,0,0,0,0,0,0,0,0,0,0,0,0,515,0,0,0,515,0,4.666666666666667,0,2.3333333333333335,1,0,4.666666666666667
20210504210934,3,1,1,56,2,100,1,2,1,1,1,1,1,1,1,2,2,2,2,8,1,83,0,60,0,0,60,23,0,0,0,0,0,0,95,0,0,0,95,0,0,0,0,0,40,40,0,315,0,35,10,150,0,80,40,0,0,0,140,0,0,0,45,20,67,47,47,45,28,0,0,677,0,30,0,647,0,90,0,60,0,45,0,0,0,0,0,30,0,0,0,0,0,0,0,0,0,0,0,0,0,0,0,0,0,0,5,0,2,0.3333333333333333,0,5
20210504210958,5,1,1,47,1,100,1,3,1,1,1,1,1,1,1,2,2,2,2,8,1,200,0,120,0,0,120,80,0,0,0,0,0,0,0,0,0,0,0,0,0,0,0,0,70,70,0,60,0,0,0,60,0,0,0,0,0,0,370,0,0,0,120,230,230,0,0,120,20,230,0,670,0,40,0,630,0,70,0,60,0,60,0,0,0,0,0,10,0,0,0,0,0,0,0,0,0,0,0,0,0,0,0,0,0,0,6,0,4,0,0,5.333333333333333
20210504210960,5,1,3,36,2,100,1,2,1,1,1,1,1,1,1,2,2,2,2,7,1,25,0,25,0,0,25,0,0,0,0,0,0,0,0,0,0,0,0,0,260,0,260,0,55,55,0,130,0,130,0,0,0,0,0,0,0,0,425,0,0,0,0,425,425,0,0,0,0,425,65,480,0,10,0,470,0,0,0,0,0,0,0,0,0,0,0,0,0,0,0,0,0,0,0,0,0,0,0,0,0,0,0,0,0,0,3.6666666666666665,0,1.6666666666666667,1.3333333333333333,0,2
20210504210974,4,1,2,40,1,100,1,3,1,1,1,1,1,1,1,2,2,2,2,9,1,0,0,0,0,0,0,0,0,0,0,0,0,0,60,0,0,0,60,0,0,0,0,0,135,135,0,165,0,45,0,120,0,0,0,0,0,0,30,0,0,0,0,30,30,0,0,0,0,0,0,450,0,30,0,420,0,0,0,0,0,0,0,0,0,0,0,0,0,0,0,0,0,0,0,0,0,0,0,0,600,0,0,40,560,0,5,0,3.3333333333333335,1.3333333333333333,0,6
20210504210991,4,1,2,33,2,100,1,1,1,1,1,1,1,1,1,1,2,1,2,8,1,27,0,7,0,0,7,20,40,30,0,30,0,10,0,0,0,0,0,0,0,0,0,0,20,20,0,478,275,70,5,93,0,15,20,0,0,0,135,0,0,0,60,75,75,0,0,60,0,75,0,535,0,40,0,495,0,205,0,75,0,0,0,60,60,0,0,70,0,0,0,0,0,0,0,0,0,0,0,0,0,0,0,0,0,0,1.3333333333333333,0,2.3333333333333335,2.6666666666666665,0.3333333333333333,0
20210504211023,5,1,3,44,1,110,6,1,1,1,1,1,1,1,1,1,2,2,2,7,1,30,0,30,0,0,30,0,0,0,0,0,0,0,0,0,0,0,0,0,0,0,0,0,0,0,0,230,30,140,0,60,0,0,0,0,0,0,580,0,0,0,0,580,580,0,0,0,0,400,0,600,0,0,0,600,0,0,0,0,0,0,0,0,0,0,0,0,0,0,0,0,0,0,0,0,0,0,0,0,0,0,0,0,0,0,6,0,0,0,0,6
20210504211057,4,1,1,48,1,100,1,1,1,1,1,1,1,1,1,1,1,2,2,8,1,0,0,0,0,0,0,0,0,0,0,0,0,0,0,0,0,0,0,0,0,0,0,0,90,90,0,360,0,50,30,280,0,0,0,0,0,0,300,0,0,0,0,300,300,0,0,0,0,120,0,570,0,0,0,570,0,120,0,90,0,90,0,0,0,0,0,30,0,0,0,0,0,0,0,0,0,0,0,0,0,0,0,0,0,0,5,0,0,0,0,4.333333333333333
20210504211062,4,1,1,42,1,110,1,3,1,1,1,1,1,1,1,2,1,2,3,9,1,0,0,0,0,0,0,0,0,0,0,0,0,0,0,0,0,0,0,0,0,0,0,0,30,30,0,0,0,0,0,0,0,0,0,0,0,0,765,0,0,0,0,720,765,45,45,0,0,600,45,570,0,0,0,570,0,0,0,0,0,0,0,0,0,0,0,0,0,0,0,0,0,0,0,0,0,0,0,0,30,0,0,0,30,0,5,0,0,0,0,5.333333333333333
20210504211068,3,1,1,44,1,100,1,3,1,1,1,1,1,1,1,2,1,2,2,7,1,0,0,0,0,0,0,0,0,0,0,0,0,0,0,0,0,0,0,0,0,0,0,0,47,45,2,0,0,0,0,0,0,0,0,0,0,0,325,180,0,0,0,90,270,0,0,0,55,90,0,440,0,0,0,440,0,0,0,0,0,0,0,0,0,0,0,0,0,0,0,0,0,0,0,0,0,0,0,0,628,0,0,42,586,0,3,0,2,2.6666666666666665,1,2
20210504211081,3,1,1,47,1,100,1,2,1,1,1,1,1,1,1,2,2,2,1,7,1,0,0,0,0,0,0,0,0,0,0,0,0,0,0,0,0,0,0,0,0,0,0,0,155,150,5,275,0,275,0,0,0,0,0,0,0,0,435,0,0,0,90,164,344,180,180,90,1,164,0,480,0,0,0,480,0,95,0,80,0,80,0,0,0,0,0,15,0,0,0,0,0,0,0,0,0,0,0,0,0,0,0,0,0,0,5.333333333333333,0,0.3333333333333333,0.3333333333333333,0,4.333333333333333
20210504211086,5,1,3,51,1,100,4,3,1,1,1,1,1,1,1,4,1,2,3,7,1,0,0,0,0,0,0,0,0,0,0,0,0,0,0,0,0,0,0,0,425,90,255,80,360,360,0,0,0,0,0,0,0,0,0,0,0,0,120,0,0,0,0,120,120,0,0,0,0,120,0,85,0,45,0,40,0,0,0,0,0,0,0,0,0,0,0,0,0,0,0,0,0,0,0,0,0,0,0,0,450,0,0,90,360,0,1.3333333333333333,0,3,2,0,1
20210504211092,5,1,3,32,2,100,1,1,1,1,1,1,1,1,1,3,2,2,3,8,1,177,0,177,0,0,177,0,0,0,0,0,0,0,83,0,0,0,83,0,0,0,0,0,45,45,0,245,0,135,0,110,0,0,0,0,0,0,265,0,0,0,55,210,210,0,0,55,0,140,45,580,0,40,0,540,0,0,0,0,0,0,0,0,0,0,0,0,0,0,0,0,0,0,0,0,0,0,0,0,0,0,0,0,0,0,4.666666666666667,0,3,0,2,5.666666666666667
20210504211104,4,1,2,31,1,100,1,3,1,1,1,1,1,1,1,1,2,2,1,8,1,60,30,5,0,0,5,25,0,0,0,0,0,0,0,0,0,0,0,0,0,0,0,0,90,90,0,30,0,30,0,0,0,0,0,0,0,0,240,0,0,0,0,210,210,0,0,0,30,180,90,390,0,30,0,360,0,0,0,0,0,0,0,0,0,0,0,0,0,0,0,0,0,0,0,0,0,0,0,0,540,0,0,0,540,0,4,0,2.6666666666666665,0.3333333333333333,0,5.666666666666667
20210504211119,4,1,2,42,1,100,1,4,1,1,1,1,1,1,1,3,2,1,2,4,1,0,0,0,0,0,0,0,0,0,0,0,0,0,0,0,0,0,0,0,0,0,0,0,105,105,0,30,0,15,0,0,0,0,0,0,0,15,135,0,0,0,0,135,135,0,0,0,0,120,0,570,0,45,0,525,0,0,0,0,0,0,0,0,0,0,0,0,0,0,0,0,0,0,0,0,0,0,0,0,600,0,0,42,558,0,6,2.3333333333333335,4.666666666666667,2.6666666666666665,3,5.666666666666667
20210504211123,4,1,2,37,2,100,1,3,1,1,1,1,1,1,1,2,2,2,1,9,1,210,0,210,0,0,210,0,0,0,0,0,0,0,0,0,0,0,0,0,0,0,0,0,75,75,0,165,0,80,40,25,0,20,0,0,0,0,120,0,0,0,0,120,120,0,0,0,0,90,0,660,0,90,0,570,0,50,0,30,0,0,0,0,0,0,0,20,0,160,0,0,0,0,0,130,0,30,0,0,0,0,0,0,0,0,4.5,0,4,0,0,4
20210504211144,5,1,3,25,2,100,1,2,1,1,1,1,1,1,1,3,2,1,2,7,1,350,0,350,0,0,350,0,0,0,0,0,0,0,0,0,0,0,0,0,0,0,0,0,45,45,0,70,0,10,0,60,0,0,0,0,0,0,170,0,0,0,0,170,170,0,0,0,0,170,0,570,0,30,0,540,0,235,0,65,0,0,0,0,0,0,100,70,0,0,0,0,0,0,0,0,0,0,0,0,0,0,0,0,0,0,4.666666666666667,0,5,0.3333333333333333,0,3.6666666666666665
20210504211147,4,1,1,71,1,100,1,3,1,1,1,1,1,1,1,1,2,2,2,7,1,0,0,0,0,0,0,0,0,0,0,0,0,0,0,0,0,0,0,0,0,0,0,0,15,15,0,0,0,0,0,0,0,0,0,0,0,0,583,0,0,0,15,553,553,0,0,15,15,553,0,555,0,135,0,420,0,287,0,240,0,0,0,0,0,0,0,47,0,0,0,0,0,0,0,0,0,0,0,0,0,0,0,0,0,0,6,0,0,0,3,4.666666666666667
20210504211148,4,1,2,49,2,131,1,1,1,1,1,1,1,1,1,2,1,2,2,8,1,75,0,75,0,0,75,0,0,0,0,0,0,0,0,0,0,0,0,0,0,0,0,0,110,110,0,0,0,0,0,0,0,0,0,0,0,0,120,0,0,0,0,120,120,0,0,0,0,90,0,520,0,40,0,480,0,0,0,0,0,0,0,0,0,0,0,0,0,0,0,0,0,0,0,0,0,0,0,0,615,0,0,75,540,0,6,0,2.3333333333333335,0.6666666666666666,0,6
20210504211150,4,1,3,67,2,110,4,3,1,1,1,1,1,1,1,1,1,2,2,8,1,230,0,200,0,0,200,30,0,0,0,0,0,0,45,0,0,0,45,0,0,0,0,0,110,110,0,180,0,65,0,55,0,60,0,0,0,0,260,0,0,0,0,260,260,0,0,0,0,195,0,615,0,30,5,580,0,0,0,0,0,0,0,0,0,0,0,0,0,0,0,0,0,0,0,0,0,0,0,0,0,0,0,0,0,0,1.6666666666666667,1,1,1,1.3333333333333333,1
20210504211172,4,1,2,26,2,100,6,3,1,1,1,1,1,1,1,2,2,2,1,6,1,0,0,0,0,0,0,0,0,0,0,0,0,0,0,0,0,0,0,0,0,0,0,0,75,75,0,150,0,60,0,60,0,0,0,0,30,0,460,0,0,0,0,135,425,290,290,0,35,135,0,600,0,60,0,540,0,20,0,15,0,0,0,0,0,0,0,5,0,135,0,0,0,0,0,135,0,0,0,0,0,0,0,0,0,0,4.666666666666667,0,1,0,0,3
20210504211190,3,1,1,25,2,100,4,1,1,1,1,1,1,1,1,1,2,2,2,6,1,150,0,150,0,0,150,0,0,0,0,0,0,0,0,0,0,0,0,0,0,0,0,0,65,65,0,105,0,75,0,30,0,0,0,0,0,0,340,0,0,0,0,340,340,0,0,0,0,210,90,605,0,35,0,570,0,85,0,45,0,0,0,0,0,0,0,40,0,0,0,0,0,0,0,0,0,0,0,0,0,0,0,0,0,0,6,0,2,0,0,5.333333333333333
20210504211197,4,1,2,32,2,100,1,2,1,1,1,1,1,1,1,4,2,2,3,4,1,125,0,125,0,0,125,0,0,0,0,0,0,0,0,0,0,0,0,0,0,0,0,0,140,140,0,200,0,80,0,120,0,0,0,0,0,0,255,0,0,0,0,195,255,60,60,0,0,195,20,615,0,95,0,520,0,0,0,0,0,0,0,0,0,0,0,0,0,85,0,0,0,0,0,65,0,20,0,0,0,0,0,0,0,0,3,2,3.6666666666666665,4,0.6666666666666666,3.3333333333333335
20210504211200,3,1,2,52,2,100,6,2,1,1,1,1,1,1,1,2,2,2,2,8,1,320,0,120,0,0,120,200,0,0,0,0,0,0,0,0,0,0,0,0,0,0,0,0,120,90,30,160,0,0,0,120,0,40,0,0,0,0,60,0,0,0,0,60,60,0,0,0,0,0,0,480,0,30,0,450,0,0,0,0,0,0,0,0,0,0,0,0,0,0,0,0,0,0,0,0,0,0,0,0,300,0,0,0,300,0,5,3.6666666666666665,4,2.3333333333333335,2,4
20210504211214,4,1,2,36,2,100,1,1,1,1,1,1,1,1,1,2,2,2,1,10,1,122,7,100,0,0,100,15,0,0,0,0,0,0,0,0,0,0,0,0,0,0,0,0,102,102,0,102,0,50,20,2,0,0,30,0,0,0,398,0,0,0,40,84,328,244,244,40,30,0,82,550,0,75,0,475,0,84,0,54,0,0,0,0,0,0,0,30,0,0,0,0,0,0,0,0,0,0,0,0,0,0,0,0,0,0,5.333333333333333,0,1.3333333333333333,2,0,5
20210504211221,2,1,1,36,2,100,5,3,1,1,1,1,1,1,1,2,2,2,2,8,1,335,0,335,0,0,335,0,0,0,0,0,0,0,0,0,0,0,0,0,0,0,0,0,90,90,0,270,0,120,0,150,0,0,0,0,0,0,180,0,0,0,0,180,180,0,0,0,0,180,0,565,0,60,0,505,0,0,0,0,0,0,0,0,0,0,0,0,0,0,0,0,0,0,0,0,0,0,0,0,0,0,0,0,0,0,4.666666666666667,0,4.333333333333333,0,0.6666666666666666,3.6666666666666665
20210504211233,4,1,2,37,2,100,1,1,1,1,1,1,1,1,1,1,2,2,2,9,1,294,0,229,0,0,229,65,0,0,0,0,0,0,0,0,0,0,0,0,0,0,0,0,91,75,16,270,0,185,20,60,0,0,0,0,5,0,110,0,0,0,0,0,90,90,90,0,20,0,0,675,0,20,0,655,0,0,0,0,0,0,0,0,0,0,0,0,0,0,0,0,0,0,0,0,0,0,0,0,0,0,0,0,0,0,3.6666666666666665,0,3.6666666666666665,1.6666666666666667,0,3.3333333333333335
20210504211267,6,1,4,37,1,100,1,2,1,1,1,1,1,1,1,1,2,2,2,9,1,170,0,115,0,0,115,55,0,0,0,0,0,0,0,0,0,0,0,0,0,0,0,0,40,40,0,40,0,40,0,0,0,0,0,0,0,0,190,0,0,0,0,60,190,130,130,0,0,60,0,500,0,40,0,460,0,0,0,0,0,0,0,0,0,0,0,0,0,0,0,0,0,0,0,0,0,0,0,0,500,0,0,15,485,0,5,1,2,2,0.3333333333333333,5.333333333333333
20210504211268,3,1,2,35,2,110,6,2,1,1,1,1,1,1,1,2,1,2,1,8,1,0,0,0,0,0,0,0,286,131,0,131,0,155,0,0,0,0,0,0,0,0,0,0,80,80,0,60,0,60,0,0,0,0,0,0,0,0,34,0,0,0,0,34,34,0,0,0,0,34,0,465,0,60,0,405,0,0,0,0,0,0,0,0,0,0,0,0,0,0,0,0,0,0,0,0,0,0,0,0,515,0,0,0,515,0,5,0,4.333333333333333,1,0,6
20210504211283,4,1,2,27,1,100,1,3,1,1,1,1,1,1,1,2,2,2,2,6,1,0,0,0,0,0,0,0,0,0,0,0,0,0,0,0,0,0,0,0,0,0,0,0,30,30,0,0,0,0,0,0,0,0,0,0,0,0,220,0,0,0,0,220,220,0,0,0,0,0,0,570,0,60,0,480,30,0,0,0,0,0,0,0,0,0,0,0,0,0,0,0,0,0,0,0,0,0,0,0,620,0,0,20,600,0,3,0,2,0.3333333333333333,0.6666666666666666,2.6666666666666665
20210504211287,5,1,3,31,1,200,6,3,1,1,1,1,1,1,1,4,2,2,3,5,1,0,0,0,0,0,0,0,0,0,0,0,0,0,0,0,0,0,0,0,0,0,0,0,10,10,0,210,0,120,0,90,0,0,0,0,0,0,570,0,0,0,0,570,570,0,0,0,0,570,0,630,0,0,0,630,0,20,0,10,0,0,0,0,0,0,0,10,0,0,0,0,0,0,0,0,0,0,0,0,0,0,0,0,0,0,3,2.6666666666666665,5.333333333333333,4.666666666666667,3.3333333333333335,1
20210504211288,4,1,2,49,2,100,1,2,1,1,1,1,1,1,1,1,2,2,1,9,1,0,0,0,0,0,0,0,8,8,0,8,0,0,0,0,0,0,0,0,0,0,0,0,256,250,6,0,0,0,0,0,0,0,0,0,0,0,430,0,0,0,105,210,295,85,85,105,30,60,0,735,0,60,0,675,0,11,0,5,0,0,0,0,0,0,0,6,0,0,0,0,0,0,0,0,0,0,0,0,0,0,0,0,0,0,5.666666666666667,0,0,0,0,5.666666666666667
20210504211297,5,1,3,45,2,100,1,2,1,1,1,1,1,1,1,3,2,2,3,7,1,35,0,25,0,0,25,10,0,0,0,0,0,0,30,30,30,0,0,0,0,0,0,0,45,30,15,165,0,15,135,0,0,0,0,0,15,0,120,0,0,0,0,120,120,0,0,0,0,0,90,510,0,30,0,480,0,0,0,0,0,0,0,0,0,0,0,0,0,0,0,0,0,0,0,0,0,0,0,0,445,0,0,0,445,0,3,0,4,3,0,3.3333333333333335
20210504211304,4,1,2,31,1,100,1,3,1,1,1,1,1,1,1,3,2,2,3,7,1,150,0,150,0,0,150,0,0,0,0,0,0,0,0,0,0,0,0,0,0,0,0,0,70,70,0,60,0,60,0,0,0,0,0,0,0,0,235,0,0,0,0,235,235,0,0,0,0,15,0,440,0,20,0,420,0,0,0,0,0,0,0,0,0,0,0,0,0,0,0,0,0,0,0,0,0,0,0,0,485,0,0,0,485,0,5,0,3.6666666666666665,3,2,2.3333333333333335
20210504211330,4,1,2,46,1,131,1,3,1,1,1,1,1,1,1,4,2,2,3,4,1,185,0,165,0,0,165,20,0,0,0,0,0,0,0,0,0,0,0,0,0,0,0,0,70,70,0,300,0,210,0,90,0,0,0,0,0,0,180,0,0,0,60,120,120,0,0,60,0,0,0,585,0,30,0,555,0,120,0,90,0,90,0,0,0,0,0,30,0,0,0,0,0,0,0,0,0,0,0,0,0,0,0,0,0,0,4.666666666666667,0.6666666666666666,2,2.3333333333333335,2,5
20210504211332,3,1,1,33,2,100,1,1,1,1,1,1,1,1,1,2,2,2,2,8,1,190,0,190,0,0,190,0,0,0,0,0,0,0,130,0,0,0,130,0,0,0,0,0,75,75,0,25,0,25,0,0,0,0,0,0,0,0,350,0,0,0,0,350,350,0,0,0,0,230,0,575,0,75,20,480,0,95,0,75,0,75,0,0,0,0,0,20,0,0,0,0,0,0,0,0,0,0,0,0,0,0,0,0,0,0,4.666666666666667,0.3333333333333333,2.3333333333333335,0.6666666666666666,0,4.666666666666667
20210504211337,3,1,1,54,2,100,1,4,2,1,1,1,1,1,2,1,1,1,1,6,1,0,0,0,0,0,0,0,45,0,0,0,30,15,0,0,0,0,0,0,0,0,0,0,50,50,0,290,0,15,0,60,0,180,0,0,5,30,225,0,0,0,0,225,225,0,0,0,0,225,0,745,0,55,0,690,0,85,0,25,0,0,0,0,0,0,0,60,0,0,0,0,0,0,0,0,0,0,0,0,0,0,0,0,0,0,4.333333333333333,0,3.3333333333333335,1,3.6666666666666665,2.3333333333333335
20210504211339,6,1,4,41,1,100,1,3,1,1,1,1,1,1,1,2,2,2,1,8,1,105,0,105,0,0,105,0,0,0,0,0,0,0,0,0,0,0,0,0,0,0,0,0,60,60,0,90,0,60,0,0,0,0,30,0,0,0,472,0,0,0,0,405,465,60,60,0,7,285,0,568,0,58,0,510,0,0,0,0,0,0,0,0,0,0,0,0,0,145,0,0,0,0,0,78,60,7,60,60,0,0,0,0,0,0,6,0,0,0,0,5.666666666666667
20210504211371,5,1,3,39,2,100,1,3,1,1,1,1,1,1,1,1,2,2,3,8,1,30,0,30,0,0,30,0,0,0,0,0,0,0,0,0,0,0,0,0,0,0,0,0,240,240,0,480,0,240,0,180,0,0,0,0,60,0,60,0,0,0,0,60,60,0,0,0,0,0,0,630,0,30,0,600,0,0,0,0,0,0,0,0,0,0,0,0,0,0,0,0,0,0,0,0,0,0,0,0,0,0,0,0,0,0,4.333333333333333,0,4.333333333333333,4.666666666666667,0,6
20210504211372,3,1,1,34,1,100,1,4,1,1,1,1,1,1,1,2,1,2,1,7,1,278,0,278,0,0,278,0,0,0,0,0,0,0,0,0,0,0,0,0,0,0,0,0,50,50,0,220,20,130,5,20,0,35,10,0,0,0,315,0,120,0,10,152,297,145,25,10,8,72,0,485,0,15,0,470,0,92,0,45,0,30,0,0,0,0,0,47,0,0,0,0,0,0,0,0,0,0,0,0,0,0,0,0,0,0,5,0,4.333333333333333,2.6666666666666665,0,5
20210504211380,4,1,3,35,2,100,4,3,1,1,1,1,1,1,1,2,2,2,2,8,1,239,0,179,0,75,104,60,0,0,0,0,0,0,0,0,0,0,0,0,0,0,0,0,35,35,0,65,0,10,0,55,0,0,0,0,0,0,73,0,0,0,0,73,73,0,0,0,0,73,0,490,0,15,0,475,0,25,0,10,0,0,0,0,0,0,0,15,0,0,0,0,0,0,0,0,0,0,0,0,513,0,0,0,513,0,4.666666666666667,0,4.666666666666667,3.3333333333333335,0,4.666666666666667
20210504211385,3,1,1,27,1,100,6,3,1,1,1,1,1,1,1,2,2,1,1,6,1,45,0,45,0,0,45,0,0,0,0,0,0,0,10,0,0,0,10,0,0,0,0,0,50,50,0,255,0,25,30,60,0,90,0,0,50,0,570,0,0,0,185,255,320,65,65,185,65,60,90,395,0,0,0,395,0,25,0,5,0,0,0,0,0,0,0,20,0,0,0,0,0,0,0,0,0,0,0,0,0,0,0,0,0,0,4,0.6666666666666666,2.3333333333333335,2.3333333333333335,0.6666666666666666,4.333333333333333
20210504211401,3,1,1,33,1,100,6,3,1,1,1,1,1,1,1,2,1,2,1,7,1,0,0,0,0,0,0,0,0,0,0,0,0,0,0,0,0,0,0,0,0,0,0,0,20,20,0,30,0,30,0,0,0,0,0,0,0,0,330,0,0,0,0,0,330,330,330,0,0,0,0,430,0,0,0,430,0,0,0,0,0,0,0,0,0,0,0,0,0,0,0,0,0,0,0,0,0,0,0,0,630,0,0,20,610,0,5,0,2,0.3333333333333333,1.3333333333333333,3.3333333333333335
20210504211428,4,1,2,42,1,131,1,2,1,1,1,1,1,1,1,2,2,2,1,7,1,50,0,50,0,0,50,0,0,0,0,0,0,0,0,0,0,0,0,0,0,0,0,0,120,120,0,90,0,60,0,30,0,0,0,0,0,0,640,0,0,0,60,500,500,0,0,60,80,90,0,480,0,0,0,480,0,0,0,0,0,0,0,0,0,0,0,0,0,0,0,0,0,0,0,0,0,0,0,0,60,0,0,0,60,0,5.333333333333333,0.6666666666666666,4.333333333333333,0.6666666666666666,1.3333333333333333,5.666666666666667
20210504211457,3,1,1,33,2,100,6,3,1,1,1,1,1,1,1,2,2,2,3,8,1,20,0,20,0,0,20,0,0,0,0,0,0,0,0,0,0,0,0,0,0,0,0,0,60,60,0,120,0,60,0,40,0,10,10,0,0,0,195,0,0,0,0,195,195,0,0,0,0,140,120,885,0,15,0,870,0,40,0,30,0,0,0,0,0,0,0,10,0,0,0,0,0,0,0,0,0,0,0,0,0,0,0,0,0,0,3,0.3333333333333333,3,1,0,0.3333333333333333
20210504211473,5,1,3,37,2,110,1,2,1,1,1,1,1,1,1,2,2,2,2,8,1,55,0,45,0,0,45,10,0,0,0,0,0,0,0,0,0,0,0,0,0,0,0,0,120,120,0,150,0,150,0,0,0,0,0,0,0,0,265,0,0,0,0,265,265,0,0,0,0,105,0,695,0,125,0,570,0,0,0,0,0,0,0,0,0,0,0,0,0,155,0,0,0,0,0,140,0,15,0,0,0,0,0,0,0,0,5.333333333333333,0,3.3333333333333335,1.6666666666666667,0,6
20210504211481,3,1,1,43,2,100,1,2,1,1,1,1,1,1,1,1,2,2,2,8,1,310,0,250,60,0,190,60,0,0,0,0,0,0,0,0,0,0,0,0,0,0,0,0,25,25,0,145,0,145,0,0,0,0,0,0,0,0,85,0,0,0,0,85,85,0,0,0,0,40,0,630,0,60,0,570,0,125,0,5,0,0,60,0,0,0,60,60,0,0,0,0,0,0,0,0,0,0,0,0,120,0,120,0,0,0,4,0,0.3333333333333333,0.6666666666666666,0,5
20210504211486,3,1,1,38,2,100,1,3,1,1,1,1,1,1,1,2,2,2,2,8,1,345,0,345,0,0,345,0,0,0,0,0,0,0,0,0,0,0,0,0,0,0,0,0,30,30,0,90,0,0,0,90,0,0,0,0,0,0,225,0,0,0,0,225,225,0,0,0,0,165,0,570,0,30,0,540,0,180,0,0,0,0,0,0,0,120,120,60,0,0,0,0,0,0,0,0,0,0,0,0,0,0,0,0,0,0,5,0,3.3333333333333335,0.3333333333333333,0,5
20210504211504,4,1,2,36,1,100,6,3,1,1,1,1,1,1,1,3,1,2,2,7,1,195,0,165,0,0,165,30,0,0,0,0,0,0,0,0,0,0,0,0,0,0,0,0,15,15,0,146,0,41,0,30,0,0,0,0,0,75,520,0,0,0,0,450,520,70,70,0,0,195,50,394,0,0,0,394,0,120,0,15,0,0,0,0,0,0,45,60,0,0,0,0,0,0,0,0,0,0,0,0,0,0,0,0,0,0,2.6666666666666665,0,2.3333333333333335,3,0,2.6666666666666665
20210504211507,2,1,1,44,2,100,6,2,1,1,1,1,1,1,1,1,2,2,2,5,1,0,0,0,0,0,0,0,0,0,0,0,0,0,0,0,0,0,0,0,0,0,0,0,0,0,0,120,0,0,0,120,0,0,0,0,0,0,450,0,210,0,0,0,350,350,140,0,100,0,0,750,0,150,0,600,0,40,0,20,0,0,0,0,0,0,0,20,0,80,0,0,0,0,0,65,0,15,0,0,0,0,0,0,0,0,6,0,3,0.3333333333333333,1,5
20210504211531,3,1,1,36,1,100,1,2,1,1,1,1,1,1,1,2,2,2,1,8,1,0,0,0,0,0,0,0,0,0,0,0,0,0,0,0,0,0,0,0,0,0,0,0,80,55,25,30,0,0,0,0,0,0,30,0,0,0,280,0,0,0,0,280,280,0,0,0,0,190,0,555,0,60,0,495,0,0,0,0,0,0,0,0,0,0,0,0,0,0,0,0,0,0,0,0,0,0,0,0,495,0,0,10,485,0,4.666666666666667,0.3333333333333333,3.3333333333333335,2,0,4
20210504211549,4,1,1,47,1,110,1,2,1,1,1,1,1,1,1,4,2,1,2,6,1,0,0,0,0,0,0,0,0,0,0,0,0,0,60,0,0,0,60,0,0,0,0,0,0,0,0,210,0,0,0,0,0,210,0,0,0,0,30,0,0,0,0,30,30,0,0,0,0,0,0,480,0,50,0,430,0,0,0,0,0,0,0,0,0,0,0,0,0,120,0,120,0,0,0,0,0,0,120,120,540,0,0,0,540,0,2.3333333333333335,0.3333333333333333,3.6666666666666665,2.6666666666666665,1.3333333333333333,4
20210504211550,4,1,2,40,2,100,1,2,1,1,1,1,1,1,1,1,1,2,2,9,1,65,0,65,0,0,65,0,0,0,0,0,0,0,0,0,0,0,0,0,0,0,0,0,200,180,20,330,0,90,45,60,0,70,65,0,0,0,150,0,0,0,90,60,60,0,0,90,0,60,0,665,0,15,0,650,0,0,0,0,0,0,0,0,0,0,0,0,0,0,0,0,0,0,0,0,0,0,0,0,30,0,0,0,30,0,5,0,0,0,0,4
20210504211617,5,1,3,29,2,100,1,2,1,1,1,1,1,1,1,3,2,1,2,8,1,515,0,501,0,0,501,14,0,0,0,0,0,0,0,0,0,0,0,0,0,0,0,0,380,380,0,45,0,45,0,0,0,0,0,0,0,0,260,0,0,0,0,260,260,0,0,0,0,260,0,240,0,0,0,240,0,0,0,0,0,0,0,0,0,0,0,0,0,0,0,0,0,0,0,0,0,0,0,0,0,0,0,0,0,0,5,1,2.6666666666666665,5,0,6
20210504211622,5,1,2,43,2,100,4,2,1,1,1,1,1,1,1,2,2,2,1,8,1,0,0,0,0,0,0,0,0,0,0,0,0,0,0,0,0,0,0,0,0,0,0,0,85,55,30,30,0,0,30,0,0,0,0,0,0,0,485,0,0,185,0,90,90,0,0,185,210,90,30,720,0,90,0,600,30,90,0,40,0,0,0,0,0,0,0,50,0,0,0,0,0,0,0,0,0,0,0,0,0,0,0,0,0,0,4.666666666666667,0,2,1,0,4.333333333333333
20210504211624,4,1,1,47,2,100,1,3,1,1,1,1,1,1,1,1,2,2,1,7,1,0,0,0,0,0,0,0,0,0,0,0,0,0,100,0,0,0,100,0,0,0,0,0,75,75,0,0,0,0,0,0,0,0,0,0,0,0,755,0,0,0,60,445,625,180,180,60,70,120,0,510,0,0,0,510,0,0,0,0,0,0,0,0,0,0,0,0,0,0,0,0,0,0,0,0,0,0,0,0,0,0,0,0,0,0,3,0,2,0,0,1.6666666666666667
20210504211644,4,1,1,51,2,100,1,1,1,1,1,1,1,1,1,1,2,2,2,9,1,0,0,0,0,0,0,0,240,180,0,180,0,60,0,0,0,0,0,0,0,0,0,0,295,180,115,50,0,20,0,30,0,0,0,0,0,0,350,0,0,0,90,45,260,215,215,90,0,0,0,505,0,90,0,415,0,0,0,0,0,0,0,0,0,0,0,0,0,0,0,0,0,0,0,0,0,0,0,0,0,0,0,0,0,0,6,0,1.3333333333333333,0,0,5.333333333333333
20210504211653,3,1,1,35,1,100,6,1,1,1,1,1,1,1,1,2,2,1,2,9,1,160,0,115,0,0,115,45,0,0,0,0,0,0,0,0,0,0,0,0,0,0,0,0,50,50,0,40,0,40,0,0,0,0,0,0,0,0,160,0,0,0,90,70,70,0,0,90,0,45,0,435,0,0,0,435,0,0,0,0,0,0,0,0,0,0,0,0,0,0,0,0,0,0,0,0,0,0,0,0,595,0,0,20,575,0,5.333333333333333,0,1,2.3333333333333335,0,5.333333333333333
20210504211657,4,1,3,55,2,110,5,3,1,1,1,1,1,1,1,2,2,2,2,8,1,312,0,217,0,0,217,95,0,0,0,0,0,0,40,0,0,0,40,0,0,0,0,0,20,20,0,100,0,65,0,35,0,0,0,0,0,0,50,0,0,0,0,50,50,0,0,0,0,50,0,400,0,50,0,350,0,0,0,0,0,0,0,0,0,0,0,0,0,0,0,0,0,0,0,0,0,0,0,0,518,0,0,40,478,0,4,1.3333333333333333,4.333333333333333,3,3,3.3333333333333335
20210504211661,5,1,3,37,1,110,1,2,1,1,1,1,1,1,1,2,2,2,1,4,1,302,0,266,0,0,266,36,0,0,0,0,0,0,60,0,0,0,60,0,105,0,0,0,45,45,0,0,0,0,0,0,0,0,0,0,0,0,0,0,0,0,0,0,0,0,0,0,0,0,0,510,0,60,0,450,0,0,0,0,0,0,0,0,0,0,0,0,0,0,0,0,0,0,0,0,0,0,0,0,418,0,0,40,378,0,6,5,0,3,0,2
20210504211675,4,1,2,46,2,110,1,3,1,1,1,1,1,1,1,2,1,2,2,5,1,0,0,0,0,0,0,0,0,0,0,0,0,0,30,0,0,0,30,0,0,0,0,0,60,60,0,45,0,45,0,0,0,0,0,0,0,0,165,0,0,0,0,120,165,45,45,0,0,120,0,585,0,135,0,450,0,75,0,30,0,30,0,0,0,0,0,45,0,0,0,0,0,0,0,0,0,0,0,0,480,0,0,30,450,0,3,0,2.6666666666666665,0.3333333333333333,0,4
20210504211684,3,1,2,42,2,100,6,3,1,1,1,1,1,1,1,2,1,2,1,4,1,267,0,267,0,2,265,0,0,0,0,0,0,0,0,0,0,0,0,0,0,0,0,0,30,30,0,73,0,70,0,3,0,0,0,0,0,0,355,0,0,0,0,30,345,315,315,0,10,30,40,610,0,35,0,575,0,65,0,35,0,0,0,0,0,0,0,30,0,0,0,0,0,0,0,0,0,0,0,0,0,0,0,0,0,0,2.3333333333333335,0,5,5,1.3333333333333333,4.666666666666667
20210504211690,4,1,2,35,1,100,1,3,1,1,1,1,1,1,1,2,2,1,2,7,1,95,0,60,0,0,60,35,0,0,0,0,0,0,0,0,0,0,0,0,0,0,0,0,95,95,0,30,0,0,0,30,0,0,0,0,0,0,300,0,0,0,30,270,270,0,0,30,0,210,0,500,0,20,0,480,0,0,0,0,0,0,0,0,0,0,0,0,0,0,0,0,0,0,0,0,0,0,0,0,420,0,0,0,420,0,3.6666666666666665,0,2,2.6666666666666665,2.3333333333333335,3.6666666666666665
20210504211692,3,1,1,45,1,100,1,3,1,1,1,1,1,1,1,1,1,2,2,7,1,0,0,0,0,0,0,0,0,0,0,0,0,0,0,0,0,0,0,0,0,0,0,0,45,45,0,90,0,15,0,0,0,60,15,0,0,0,205,0,0,0,0,205,205,0,0,0,0,130,0,510,0,35,0,475,0,0,0,0,0,0,0,0,0,0,0,0,0,0,0,0,0,0,0,0,0,0,0,0,590,0,0,100,490,0,3,0,3.5,0,1.5,2
20210504211694,3,1,1,45,1,100,4,3,1,1,1,1,1,1,1,2,1,1,2,8,1,98,0,83,0,0,83,15,35,35,0,35,0,0,10,0,0,0,10,0,0,0,0,0,45,35,10,0,0,0,0,0,0,0,0,0,0,0,260,0,0,0,0,195,260,65,65,0,0,0,0,460,0,0,0,460,0,30,0,10,0,0,0,0,0,0,0,20,0,0,0,0,0,0,0,0,0,0,0,0,502,0,0,22,480,0,3.6666666666666665,0,4.666666666666667,3,0,4
20210504211702,4,1,1,45,1,110,1,4,1,1,1,1,1,1,1,1,2,2,1,7,1,0,0,0,0,0,0,0,0,0,0,0,0,0,0,0,0,0,0,0,0,0,0,0,145,120,25,0,0,0,0,0,0,0,0,0,0,0,420,0,0,0,0,0,395,395,395,0,25,0,120,330,0,30,0,300,0,0,0,0,0,0,0,0,0,0,0,0,0,0,0,0,0,0,0,0,0,0,0,0,425,0,0,30,395,0,5,0,1.6666666666666667,0,0,5
20210504211739,3,1,1,34,2,120,6,4,1,1,1,1,1,1,1,3,2,1,3,10,1,0,0,0,0,0,0,0,0,0,0,0,0,0,0,0,0,0,0,0,0,0,0,0,30,30,0,0,0,0,0,0,0,0,0,0,0,0,510,0,0,0,0,510,510,0,0,0,0,510,0,900,0,0,1,899,0,0,0,0,0,0,0,0,0,0,0,0,0,0,0,0,0,0,0,0,0,0,0,0,0,0,0,0,0,0,4.333333333333333,3,5,4,2.6666666666666665,6
20210504211745,3,1,2,39,2,100,4,1,1,1,1,1,1,1,1,1,2,2,2,10,1,95,0,95,0,0,95,0,0,0,0,0,0,0,0,0,0,0,0,0,0,0,0,0,105,85,20,20,0,20,0,0,0,0,0,0,0,0,375,0,0,0,0,160,315,155,155,0,60,160,0,635,0,0,0,635,0,210,0,150,0,0,0,0,0,0,0,60,0,0,0,0,0,0,0,0,0,0,0,0,0,0,0,0,0,0,6,0,0,0,0,6
20210504211753,4,1,2,39,1,100,1,1,1,1,1,1,1,1,1,1,2,2,1,7,1,0,0,0,0,0,0,0,0,0,0,0,0,0,0,0,0,0,0,0,0,0,0,0,60,60,0,585,0,0,585,0,0,0,0,0,0,0,0,0,0,0,0,0,0,0,0,0,0,0,435,360,0,0,0,360,0,0,0,0,0,0,0,0,0,0,0,0,0,0,0,0,0,0,0,0,0,0,0,0,0,0,0,0,0,0,5.333333333333333,0.6666666666666666,3,0,0,5.333333333333333
20210504211754,3,1,2,41,1,100,4,2,1,1,1,1,1,1,1,1,2,2,1,8,1,0,0,0,0,0,0,0,0,0,0,0,0,0,0,0,0,0,0,0,0,0,0,0,160,160,0,355,0,130,0,120,0,0,105,0,0,0,60,0,0,0,0,60,60,0,0,0,0,60,0,565,0,0,0,565,0,0,0,0,0,0,0,0,0,0,0,0,0,0,0,0,0,0,0,0,0,0,0,0,300,300,0,0,0,0,4.666666666666667,1,2.6666666666666665,1.3333333333333333,0,4
20210504211769,5,1,2,35,1,131,1,3,1,1,1,1,1,1,1,1,2,2,1,6,1,0,0,0,0,0,0,0,380,360,60,300,0,20,0,0,0,0,0,0,0,0,0,0,60,60,0,295,0,0,0,0,0,295,0,0,0,0,225,0,0,0,0,225,225,0,0,0,0,0,0,480,0,0,0,480,0,0,0,0,0,0,0,0,0,0,0,0,0,0,0,0,0,0,0,0,0,0,0,0,0,0,0,0,0,0,6,0,1,1,0,5.5
20210504211799,4,1,2,37,2,100,1,3,1,1,1,1,1,1,1,1,2,2,1,6,1,30,0,5,0,0,5,25,0,0,0,0,0,0,35,0,0,0,30,5,0,0,0,0,35,30,5,140,0,0,50,90,0,0,0,0,0,0,90,0,0,0,0,90,90,0,0,0,0,0,60,484,0,0,0,484,0,0,0,0,0,0,0,0,0,0,0,0,0,0,0,0,0,0,0,0,0,0,0,0,566,0,0,3,563,0,4,2.3333333333333335,2.6666666666666665,4,0,1.6666666666666667
20210504211820,3,1,1,33,2,100,1,3,1,1,1,1,1,1,1,1,2,2,1,7,1,280,0,280,0,30,250,0,0,0,0,0,0,0,0,0,0,0,0,0,0,0,0,0,105,105,0,120,0,90,0,30,0,0,0,0,0,0,455,0,0,0,0,335,455,120,120,0,0,335,0,480,0,0,0,480,0,0,0,0,0,0,0,0,0,0,0,0,0,0,0,0,0,0,0,0,0,0,0,0,0,0,0,0,0,0,4.333333333333333,0,2.3333333333333335,3,0,3
20210504211824,3,1,1,40,2,100,1,2,1,1,1,1,1,1,1,2,2,2,2,7,1,255,0,255,135,0,120,0,0,0,0,0,0,0,45,30,30,0,15,0,0,0,0,0,60,60,0,150,0,60,0,45,0,0,45,0,0,0,180,0,0,0,0,95,180,85,85,0,0,75,75,495,0,60,0,435,0,0,0,0,0,0,0,0,0,0,0,0,0,0,0,0,0,0,0,0,0,0,0,0,180,0,0,0,180,0,3.3333333333333335,0,1.3333333333333333,2,0,3.6666666666666665
20210504211825,3,1,2,49,1,100,4,3,2,1,1,1,2,1,1,2,2,2,1,5,1,240,0,220,0,0,220,20,0,0,0,0,0,0,65,30,30,0,20,15,0,0,0,0,45,30,15,10,0,10,0,0,0,0,0,0,0,0,428,0,0,0,0,260,413,153,153,0,15,200,0,550,0,0,0,550,0,72,0,70,0,0,0,0,0,0,0,2,0,0,0,0,0,0,0,0,0,0,0,0,30,0,30,0,0,0,4,1.3333333333333333,2.6666666666666665,1,0.6666666666666666,1.3333333333333333
20210504211834,3,1,1,58,2,100,1,2,1,1,1,1,1,1,1,1,2,2,2,9,1,142,0,97,0,0,97,45,0,0,0,0,0,0,0,0,0,0,0,0,0,0,0,0,125,95,30,428,0,10,1,417,0,0,0,0,0,0,135,0,0,0,45,90,90,0,0,45,0,0,0,552,0,82,0,470,0,58,0,40,0,20,0,0,0,0,0,18,0,0,0,0,0,0,0,0,0,0,0,0,0,0,0,0,0,0,4.333333333333333,1,3.3333333333333335,3,0,3.3333333333333335
20210504211849,3,1,1,41,2,100,5,4,1,1,1,1,1,1,1,3,2,1,1,5,1,0,0,0,0,0,0,0,0,0,0,0,0,0,25,0,0,0,25,0,0,0,0,0,90,90,0,90,0,0,0,60,0,0,30,0,0,0,460,0,0,0,0,40,295,255,255,0,165,0,0,675,0,105,0,570,0,100,0,0,0,0,0,0,0,90,90,10,0,0,0,0,0,0,0,0,0,0,0,0,0,0,0,0,0,0,4.333333333333333,0.3333333333333333,3.6666666666666665,0.6666666666666666,2.6666666666666665,5
20210504211889,3,1,1,37,1,100,1,2,1,1,1,1,1,1,1,2,2,2,2,8,1,55,0,50,0,0,50,5,0,0,0,0,0,0,0,0,0,0,0,0,0,0,0,0,100,100,0,5,0,5,0,0,0,0,0,0,0,0,195,0,0,0,0,195,195,0,0,0,0,75,0,570,0,75,0,495,0,0,0,0,0,0,0,0,0,0,0,0,0,0,0,0,0,0,0,0,0,0,0,0,515,0,0,30,485,0,3.3333333333333335,0,1,0,0,5.333333333333333
20210504211903,2,1,1,28,2,100,6,3,1,1,1,1,1,1,1,3,2,2,2,5,1,260,0,260,240,0,20,0,0,0,0,0,0,0,0,0,0,0,0,0,0,0,0,0,30,30,0,373,0,30,23,180,120,0,0,0,20,0,150,0,0,0,0,150,150,0,0,0,0,150,0,627,0,60,0,567,0,0,0,0,0,0,0,0,0,0,0,0,0,0,0,0,0,0,0,0,0,0,0,0,0,0,0,0,0,0,3.6666666666666665,0,3.3333333333333335,0,0,5.666666666666667
20210504211908,4,1,1,43,2,131,6,1,1,1,1,1,1,1,1,1,2,2,2,8,1,0,0,0,0,0,0,0,0,0,0,0,0,0,0,0,0,0,0,0,0,0,0,0,90,90,0,40,0,0,0,40,0,0,0,0,0,0,95,0,0,0,0,30,45,15,15,0,50,30,0,655,0,40,0,615,0,105,0,60,0,0,0,0,0,0,0,45,0,0,0,0,0,0,0,0,0,0,0,0,455,0,0,0,455,0,6,0,1.6666666666666667,0,0,6
20210504211917,4,1,2,30,2,100,1,2,1,1,1,1,1,1,1,4,2,2,1,8,1,560,0,560,0,0,560,0,0,0,0,0,0,0,0,0,0,0,0,0,0,0,0,0,30,30,0,150,0,60,0,30,60,0,0,0,0,0,280,0,0,0,0,100,280,180,180,0,0,100,0,420,0,0,0,420,0,0,0,0,0,0,0,0,0,0,0,0,0,0,0,0,0,0,0,0,0,0,0,0,0,0,0,0,0,0,6,0,5,1.3333333333333333,0,6
20210504211934,4,1,2,44,1,100,1,2,1,1,1,1,1,1,1,1,2,2,2,5,1,0,0,0,0,0,0,0,0,0,0,0,0,0,0,0,0,0,0,0,0,0,0,0,0,0,0,225,0,60,0,0,45,60,60,0,0,0,540,0,0,0,60,285,430,145,145,60,50,195,70,480,0,0,0,480,0,125,0,90,0,0,0,0,0,0,0,35,0,0,0,0,0,0,0,0,0,0,0,0,0,0,0,0,0,0,2.3333333333333335,0,1,0.3333333333333333,1,1.6666666666666667
20210504211938,4,1,1,39,2,100,1,3,1,1,1,1,1,1,1,2,2,1,1,8,1,0,0,0,0,0,0,0,0,0,0,0,0,0,0,0,0,0,0,0,0,0,0,0,60,60,0,240,0,120,0,0,0,0,120,0,0,0,0,0,0,0,0,0,0,0,0,0,0,0,5,465,0,85,0,380,0,0,0,0,0,0,0,0,0,0,0,0,0,0,0,0,0,0,0,0,0,0,0,0,670,0,0,60,610,0,4.333333333333333,0,2,2.3333333333333335,0,5
20210504211943,5,1,3,32,2,100,3,2,1,1,1,1,1,1,1,3,1,2,1,6,1,115,0,115,0,0,115,0,75,5,0,5,0,70,0,0,0,0,0,0,0,0,0,0,30,30,0,195,0,120,15,0,0,0,0,0,60,0,440,0,0,0,285,120,120,0,0,285,35,120,0,540,0,0,0,540,0,45,0,40,0,40,0,0,0,0,0,5,0,0,0,0,0,0,0,0,0,0,0,0,0,0,0,0,0,0,5.333333333333333,0,5,2,0,5.666666666666667
20210504211948,3,1,1,26,2,100,1,1,1,1,1,1,1,1,1,2,2,1,2,8,1,47,0,15,0,0,15,32,0,0,0,0,0,0,0,0,0,0,0,0,0,0,0,0,40,40,0,0,0,0,0,0,0,0,0,0,0,0,90,0,0,0,0,90,90,0,0,0,0,90,73,600,0,30,0,570,0,0,0,0,0,0,0,0,0,0,0,0,0,0,0,0,0,0,0,0,0,0,0,0,590,0,0,20,570,0,5.333333333333333,0,2.6666666666666665,2.6666666666666665,0,6
20210504211957,3,1,2,42,2,200,5,4,1,1,1,1,1,1,1,2,2,1,2,5,1,477,0,477,332,0,145,0,0,0,0,0,0,0,0,0,0,0,0,0,0,0,0,0,70,70,0,258,0,196,0,61,0,0,0,1,0,0,66,0,0,0,0,66,66,0,0,0,0,66,0,499,0,20,0,479,0,0,0,0,0,0,0,0,0,0,0,0,0,70,0,0,0,0,0,5,50,0,65,65,0,0,0,0,0,0,3,0,3,2,0,6
20210504211964,4,1,2,44,2,100,1,1,1,1,1,1,1,1,1,1,2,2,2,8,1,70,0,70,0,0,70,0,0,0,0,0,0,0,0,0,0,0,0,0,0,0,0,0,120,120,0,240,0,120,0,120,0,0,0,0,0,0,375,0,0,0,150,180,180,0,0,150,45,60,0,635,0,0,0,635,0,0,0,0,0,0,0,0,0,0,0,0,0,0,0,0,0,0,0,0,0,0,0,0,0,0,0,0,0,0,4.666666666666667,0,1,0,0,5
20210504211982,2,1,1,29,2,110,6,4,1,1,1,1,1,1,1,1,2,2,2,5,1,0,0,0,0,0,0,0,0,0,0,0,0,0,0,0,0,0,0,0,0,0,0,0,90,90,0,240,0,0,0,240,0,0,0,0,0,0,330,0,0,0,0,330,330,0,0,0,0,330,0,780,0,0,0,780,0,0,0,0,0,0,0,0,0,0,0,0,0,0,0,0,0,0,0,0,0,0,0,0,0,0,0,0,0,0,5.333333333333333,0,0,0,0,4.666666666666667
20210504211996,5,1,3,42,2,100,5,1,1,1,1,1,1,1,1,1,2,2,3,10,1,355,0,305,0,0,305,50,0,0,0,0,0,0,0,0,0,0,0,0,0,0,0,0,70,70,0,230,0,100,30,90,0,0,0,0,10,0,270,0,0,0,0,70,250,180,180,0,20,70,0,450,0,60,0,390,0,65,0,60,0,60,0,0,0,0,0,5,0,0,0,0,0,0,0,0,0,0,0,0,0,0,0,0,0,0,0,6,4,0,2,6
20210504212014,4,1,2,60,1,100,1,3,2,1,1,1,1,1,2,1,2,2,2,5,1,60,0,45,0,45,0,15,0,0,0,0,0,0,0,0,0,0,0,0,0,0,0,0,75,75,0,270,0,110,5,155,0,0,0,0,0,0,520,0,0,0,30,470,490,20,20,30,0,270,0,465,0,15,0,450,0,50,0,30,0,30,0,0,0,0,0,20,0,0,0,0,0,0,0,0,0,0,0,0,0,0,0,0,0,0,2.6666666666666665,0,1,0.3333333333333333,0,2
20210504212017,3,1,1,33,2,100,1,1,1,1,1,1,1,1,1,1,2,2,3,7,1,300,0,300,0,0,300,0,0,0,0,0,0,0,0,0,0,0,0,0,0,0,0,0,155,155,0,450,0,180,0,270,0,0,0,0,0,0,90,0,0,0,0,90,90,0,0,0,0,90,0,445,0,30,0,415,0,0,0,0,0,0,0,0,0,0,0,0,0,0,0,0,0,0,0,0,0,0,0,0,0,0,0,0,0,0,6,0,5.333333333333333,0,0.6666666666666666,3
20210504212023,6,1,4,50,1,100,6,2,1,1,1,1,1,1,1,3,1,2,2,7,1,0,0,0,0,0,0,0,0,0,0,0,0,0,0,0,0,0,0,0,0,0,0,0,21,21,0,0,0,0,0,0,0,0,0,0,0,0,0,0,0,0,0,0,0,0,0,0,0,0,0,345,0,15,0,330,0,48,0,8,0,0,0,0,0,0,0,40,0,0,0,0,0,0,0,0,0,0,0,0,1026,0,0,0,1026,0,2.6666666666666665,0,2.3333333333333335,2.3333333333333335,1.6666666666666667,2
20210504212033,3,1,1,39,2,100,1,3,1,1,1,1,1,1,1,4,2,1,1,7,1,120,0,120,0,0,120,0,0,0,0,0,0,0,0,0,0,0,0,0,0,0,0,0,75,60,15,285,0,100,75,110,0,0,0,0,0,0,280,0,0,0,0,120,275,155,155,0,5,60,30,600,0,60,0,540,0,50,0,25,0,0,0,0,0,0,0,25,0,0,0,0,0,0,0,0,0,0,0,0,0,0,0,0,0,0,4,0.3333333333333333,3,3.3333333333333335,0,3
20210504212063,4,1,2,25,2,100,6,3,1,1,1,1,1,1,1,2,2,1,2,7,1,225,0,195,0,0,195,30,0,0,0,0,0,0,0,0,0,0,0,0,0,0,0,0,90,90,0,240,0,90,35,85,0,0,0,0,30,0,195,0,0,0,0,195,195,0,0,0,0,60,15,595,0,65,0,530,0,80,0,60,0,0,0,0,0,0,0,20,0,0,0,0,0,0,0,0,0,0,0,0,0,0,0,0,0,0,6,0,2.6666666666666665,0.6666666666666666,0,6
20210504212067,4,1,2,44,2,100,1,3,1,1,1,1,1,1,1,2,2,2,1,7,1,95,0,65,0,0,65,30,0,0,0,0,0,0,0,0,0,0,0,0,0,0,0,0,80,80,0,120,0,55,35,0,0,30,0,0,0,0,390,0,115,0,0,120,325,205,90,0,65,60,0,665,0,85,0,580,0,90,0,60,0,0,0,0,0,0,0,30,0,0,0,0,0,0,0,0,0,0,0,0,0,0,0,0,0,0,5.333333333333333,1,1,0,0,5.333333333333333
20210504212083,5,1,3,39,2,100,1,2,1,1,1,1,1,1,1,2,2,2,2,8,1,505,0,425,0,0,425,80,0,0,0,0,0,0,0,0,0,0,0,0,0,0,0,0,25,25,0,285,0,130,0,135,0,0,20,0,0,0,60,0,0,0,0,60,60,0,0,0,0,60,0,480,0,15,0,465,0,85,0,73,0,0,0,0,0,0,0,12,0,0,0,0,0,0,0,0,0,0,0,0,0,0,0,0,0,0,4,0,2.3333333333333335,2.6666666666666665,0,2
20210504212110,6,1,2,39,2,100,1,2,1,1,1,1,1,1,1,1,2,2,2,10,1,0,0,0,0,0,0,0,0,0,0,0,0,0,0,0,0,0,0,0,0,0,0,0,120,120,0,300,0,150,0,0,150,0,0,0,0,0,240,0,0,0,0,240,240,0,0,0,0,240,0,780,0,0,0,780,0,0,0,0,0,0,0,0,0,0,0,0,0,0,0,0,0,0,0,0,0,0,0,0,0,0,0,0,0,0,5.666666666666667,0,1,1.3333333333333333,0,6
20210504212127,4,1,2,52,1,100,1,4,1,1,1,1,1,1,1,2,2,2,1,6,1,170,0,150,0,0,150,20,0,0,0,0,0,0,0,0,0,0,0,0,0,0,0,0,45,45,0,10,0,10,0,0,0,0,0,0,0,0,165,0,0,0,35,130,130,0,0,35,0,130,0,530,0,20,0,510,0,0,0,0,0,0,0,0,0,0,0,0,0,10,10,0,0,0,0,0,0,0,10,10,510,0,0,0,510,0,4.333333333333333,1,2.6666666666666665,1.3333333333333333,2.6666666666666665,3.6666666666666665
20210504212139,3,1,1,45,2,100,1,3,1,1,1,1,1,1,1,2,2,1,2,8,1,0,0,0,0,0,0,0,0,0,0,0,0,0,0,0,0,0,0,0,0,0,0,0,30,30,0,95,0,20,0,0,0,0,75,0,0,0,170,0,0,0,0,170,170,0,0,0,0,170,0,630,0,0,0,630,0,10,0,10,0,0,0,0,0,0,0,0,0,0,0,0,0,0,0,0,0,0,0,0,505,0,0,0,505,0,4.666666666666667,1,3,3.3333333333333335,2.3333333333333335,4
20210504212146,4,1,1,54,2,100,1,1,1,1,1,1,1,1,1,1,2,2,1,8,1,0,0,0,0,0,0,0,40,30,0,30,0,10,0,0,0,0,0,0,0,0,0,0,90,80,10,240,0,180,0,60,0,0,0,0,0,0,0,0,0,0,0,0,0,0,0,0,0,0,0,550,0,0,0,550,0,520,0,20,0,0,0,0,0,0,0,500,0,0,0,0,0,0,0,0,0,0,0,0,0,0,0,0,0,0,4.333333333333333,0,2.6666666666666665,0,0,4.333333333333333
20210504212166,4,1,2,37,1,100,1,2,1,1,1,1,1,1,1,2,2,2,2,8,1,300,0,250,0,40,210,50,0,0,0,0,0,0,0,0,0,0,0,0,0,0,0,0,60,60,0,0,0,0,0,0,0,0,0,0,0,0,145,0,0,0,10,135,135,0,0,10,0,135,0,310,0,30,0,280,0,0,0,0,0,0,0,0,0,0,0,0,0,0,0,0,0,0,0,0,0,0,0,0,625,0,0,20,605,0,4.333333333333333,0,3,0,0,4
20210504212167,4,1,2,35,1,100,6,4,1,1,1,1,1,1,1,3,1,2,2,7,1,0,0,0,0,0,0,0,0,0,0,0,0,0,0,0,0,0,0,0,0,0,0,0,80,80,0,0,0,0,0,0,0,0,0,0,0,0,670,0,0,0,0,670,670,0,0,0,0,550,0,690,0,30,0,660,0,0,0,0,0,0,0,0,0,0,0,0,0,0,0,0,0,0,0,0,0,0,0,0,0,0,0,0,0,0,3,1,3.3333333333333335,3.3333333333333335,3,3.3333333333333335
20210504212173,3,1,1,33,2,100,1,3,1,1,1,1,1,1,1,2,2,1,1,10,1,0,0,0,0,0,0,0,0,0,0,0,0,0,0,0,0,0,0,0,0,0,0,0,100,80,20,625,0,55,0,180,0,245,0,0,55,90,60,0,0,0,60,0,0,0,0,60,0,0,0,570,0,30,0,540,0,85,0,60,0,0,0,0,0,0,0,25,0,0,0,0,0,0,0,0,0,0,0,0,0,0,0,0,0,0,6,0,3.6666666666666665,1.6666666666666667,4.333333333333333,6
20210504212174,5,1,3,38,1,100,1,1,1,1,1,1,1,1,1,2,2,2,2,7,1,25,0,5,0,0,5,20,60,0,0,0,60,0,0,0,0,0,0,0,0,0,0,0,45,45,0,395,0,30,0,0,365,0,0,0,0,0,285,0,0,0,0,285,285,0,0,0,0,285,0,630,0,40,0,590,0,0,0,0,0,0,0,0,0,0,0,0,0,0,0,0,0,0,0,0,0,0,0,0,0,0,0,0,0,0,5,0,0.5,1,0,1.5
20210504212197,2,1,1,42,2,100,4,2,1,1,1,1,1,1,1,2,2,2,2,7,1,90,0,55,0,0,55,35,0,0,0,0,0,0,0,0,0,0,0,0,165,0,165,0,40,40,0,190,0,70,60,0,0,60,0,0,0,0,0,0,0,0,0,0,0,0,0,0,0,0,0,390,0,60,0,330,0,50,0,30,0,30,0,0,0,0,0,20,0,0,0,0,0,0,0,0,0,0,0,0,515,0,0,20,495,0,4,0,4.333333333333333,3.3333333333333335,0,2.6666666666666665
20210504212207,4,1,2,51,2,100,5,1,1,1,1,1,1,1,1,2,2,2,2,7,1,60,0,35,0,30,5,25,0,0,0,0,0,0,0,0,0,0,0,0,0,0,0,0,180,150,30,15,0,15,0,0,0,0,0,0,0,0,315,60,0,0,0,0,240,180,180,0,75,0,0,435,0,60,0,375,0,0,0,0,0,0,0,0,0,0,0,0,0,0,0,0,0,0,0,0,0,0,0,0,435,0,0,0,435,0,4.333333333333333,0,4,1,0,3.3333333333333335
20210504212221,5,1,2,36,1,100,1,2,1,1,1,1,1,1,1,2,2,2,2,8,1,20,0,20,0,0,20,0,0,0,0,0,0,0,0,0,0,0,0,0,0,0,0,0,50,50,0,0,0,0,0,0,0,0,0,0,0,0,130,0,0,0,0,70,130,60,60,0,0,30,0,430,0,50,0,380,0,0,0,0,0,0,0,0,0,0,0,0,0,0,0,0,0,0,0,0,0,0,0,0,810,0,0,240,570,0,6,0,4.333333333333333,2.6666666666666665,4,6
20210504212235,7,1,4,58,2,100,3,5,1,1,1,1,1,1,1,2,1,2,2,7,1,30,0,30,0,0,30,0,0,0,0,0,0,0,0,0,0,0,0,0,0,0,0,0,165,135,30,135,0,0,0,135,0,0,0,0,0,0,495,0,0,0,0,495,495,0,0,0,0,240,0,570,0,0,2,568,0,45,0,15,0,0,0,0,0,0,0,30,0,0,0,0,0,0,0,0,0,0,0,0,0,0,0,0,0,0,2.3333333333333335,0,1.6666666666666667,0,0,0.6666666666666666
20210504212242,4,1,2,41,1,131,6,4,1,1,1,1,1,1,1,3,1,1,1,6,1,60,0,60,0,0,60,0,0,0,0,0,0,0,0,0,0,0,0,0,0,0,0,0,255,150,105,150,0,30,120,0,0,0,0,0,0,0,505,300,0,0,120,60,360,0,0,120,25,60,0,420,0,60,0,360,0,50,0,50,0,0,0,0,0,0,0,0,0,0,0,0,0,0,0,0,0,0,0,0,0,0,0,0,0,0,3,1.6666666666666667,3.6666666666666665,0.6666666666666666,3,2
20210504212243,6,1,2,47,2,100,2,3,1,1,1,1,1,1,1,2,2,2,3,7,1,24,0,4,0,0,4,20,0,0,0,0,0,0,0,0,0,0,0,0,0,0,0,0,90,90,0,491,0,15,381,20,0,0,0,0,75,0,150,0,0,0,0,150,150,0,0,0,0,150,0,685,0,0,0,685,0,0,0,0,0,0,0,0,0,0,0,0,0,0,0,0,0,0,0,0,0,0,0,0,0,0,0,0,0,0,2.6666666666666665,2,4.666666666666667,4.333333333333333,5,6
20210504212261,4,1,1,53,2,100,1,3,1,1,1,1,1,1,1,2,1,1,2,10,1,10,5,0,0,0,0,5,0,0,0,0,0,0,60,0,0,0,60,0,0,0,0,0,90,90,0,140,0,20,60,60,0,0,0,0,0,0,180,0,0,0,0,170,170,0,0,0,10,120,0,540,0,0,0,540,0,0,0,0,0,0,0,0,0,0,0,0,0,0,0,0,0,0,0,0,0,0,0,0,420,0,0,0,420,0,5,0,0,0,0,5.333333333333333
20210504212283,5,1,3,37,2,100,1,2,1,1,1,1,1,1,1,2,2,2,1,7,1,200,0,200,0,0,200,0,0,0,0,0,0,0,0,0,0,0,0,0,0,0,0,0,165,90,75,180,0,90,60,30,0,0,0,0,0,0,300,165,0,0,0,0,225,60,60,0,75,0,0,595,0,60,0,535,0,0,0,0,0,0,0,0,0,0,0,0,0,0,0,0,0,0,0,0,0,0,0,0,0,0,0,0,0,0,4.666666666666667,0,2.3333333333333335,1.3333333333333333,0,3.6666666666666665
20210504212318,2,1,1,49,2,100,6,2,1,1,1,1,1,1,1,1,2,2,2,9,1,0,0,0,0,0,0,0,0,0,0,0,0,0,60,60,60,0,0,0,0,0,0,0,105,90,15,225,0,15,0,150,30,0,30,0,0,0,225,0,0,0,60,150,150,0,0,60,15,90,0,720,0,30,0,690,0,90,0,60,0,0,0,0,0,0,0,30,0,0,0,0,0,0,0,0,0,0,0,0,15,0,0,0,15,0,5,1,2.3333333333333335,1.3333333333333333,0,4.666666666666667
20210504212351,2,1,1,52,1,100,4,2,1,1,1,1,1,1,1,2,1,2,2,7,1,0,0,0,0,0,0,0,0,0,0,0,0,0,0,0,0,0,0,0,0,0,0,0,60,60,0,120,0,120,0,0,0,0,0,0,0,0,255,0,0,0,45,210,210,0,0,45,0,180,0,570,0,75,0,495,0,0,0,0,0,0,0,0,0,0,0,0,0,0,0,0,0,0,0,0,0,0,0,0,435,0,0,0,435,0,3.6666666666666665,2,1,3.3333333333333335,0.6666666666666666,4.666666666666667
20210504212360,4,1,1,73,1,100,1,2,1,1,1,1,1,1,1,2,2,2,2,8,1,0,0,0,0,0,0,0,0,0,0,0,0,0,120,120,120,0,0,0,0,0,0,0,25,25,0,0,0,0,0,0,0,0,0,0,0,0,795,0,0,0,0,795,795,0,0,0,0,160,0,420,0,0,0,420,0,15,0,5,0,0,0,0,0,0,0,10,0,65,0,0,0,0,0,45,0,20,0,0,0,0,0,0,0,0,6,0,1.3333333333333333,0.6666666666666666,0,5.333333333333333
20210504212367,5,1,3,39,2,100,1,2,1,1,1,1,1,1,1,1,2,2,1,6,1,60,0,60,0,0,60,0,0,0,0,0,0,0,0,0,0,0,0,0,0,0,0,0,125,125,0,200,30,0,0,0,0,170,0,0,0,0,345,0,0,0,0,345,345,0,0,0,0,195,0,570,0,0,0,570,0,140,0,120,0,0,0,0,0,0,0,20,0,0,0,0,0,0,0,0,0,0,0,0,0,0,0,0,0,0,5,0,0.6666666666666666,0,0,2.6666666666666665
20210504212381,5,1,3,39,2,100,1,2,1,1,1,1,1,1,1,1,2,1,2,6,1,0,0,0,0,0,0,0,0,0,0,0,0,0,60,0,0,0,60,0,0,0,0,0,60,60,0,375,0,155,0,100,0,120,0,0,0,0,330,0,0,0,0,330,330,0,0,0,0,210,0,615,0,0,0,615,0,0,0,0,0,0,0,0,0,0,0,0,0,0,0,0,0,0,0,0,0,0,0,0,0,0,0,0,0,0,4.666666666666667,0,3.6666666666666665,0.3333333333333333,0.3333333333333333,4.666666666666667
20210505210147,5,1,1,19,1,100,6,2,1,1,1,1,1,1,1,1,2,2,2,6,1,0,0,0,0,0,0,0,0,0,0,0,0,0,0,0,0,0,0,0,60,0,0,0,90,90,0,30,0,30,0,0,0,0,0,0,0,0,660,0,0,0,0,90,645,555,555,0,15,0,0,570,0,0,0,570,0,30,0,20,0,0,0,0,0,0,0,10,0,0,0,0,0,0,0,0,0,0,0,0,0,0,0,0,0,0,3.6666666666666665,0.6666666666666666,0.6666666666666666,0.6666666666666666,0.3333333333333333,2.3333333333333335
20210505210190,5,1,1,23,1,100,6,3,1,1,1,1,1,1,1,2,2,2,2,8,1,19,0,5,0,0,5,14,60,0,0,0,60,0,0,0,0,0,0,0,0,0,0,0,70,70,0,120,0,0,0,120,0,0,0,0,0,0,485,0,0,0,205,240,240,0,0,205,40,150,0,686,0,15,0,671,0,0,0,0,0,0,0,0,0,0,0,0,0,0,0,0,0,0,0,0,0,0,0,0,0,0,0,0,0,0,4.666666666666667,0,3.3333333333333335,0.6666666666666666,0.6666666666666666,3.6666666666666665
20210505210263,4,1,1,19,2,100,6,2,1,1,1,1,1,1,1,2,2,1,2,7,1,0,0,0,0,0,0,0,0,0,0,0,0,0,0,0,0,0,0,0,0,0,0,0,15,15,0,0,0,0,0,0,0,0,0,0,0,0,60,0,0,0,0,60,60,0,0,0,0,60,0,740,0,90,0,650,0,0,0,0,0,0,0,0,0,0,0,0,0,0,0,0,0,0,0,0,0,0,0,0,625,0,0,50,575,0,5,0,3.3333333333333335,0,0,4.666666666666667
20210505210319,4,1,1,22,1,131,6,2,1,1,1,1,1,1,1,1,2,2,2,7,1,0,0,0,0,0,0,0,0,0,0,0,0,0,0,0,0,0,0,0,0,0,0,0,90,90,0,5,0,5,0,0,0,0,0,0,0,0,590,0,0,0,30,560,560,0,0,30,0,20,0,675,0,10,0,665,0,80,0,60,0,0,0,0,0,0,0,20,0,0,0,0,0,0,0,0,0,0,0,0,0,0,0,0,0,0,4,0,2.3333333333333335,1,0,2.3333333333333335
20210505210520,3,1,1,31,1,100,1,2,1,1,1,1,1,1,1,2,2,2,2,6,1,90,0,90,0,0,90,0,0,0,0,0,0,0,0,0,0,0,0,0,0,0,0,0,125,125,0,0,0,0,0,0,0,0,0,0,0,0,120,0,0,0,0,120,120,0,0,0,0,120,0,470,0,50,0,420,0,0,0,0,0,0,0,0,0,0,0,0,0,0,0,0,0,0,0,0,0,0,0,0,635,0,0,155,480,0,4.666666666666667,0,4.666666666666667,0.3333333333333333,0,5.666666666666667
20210505210543,4,1,1,55,1,131,4,3,1,1,1,1,1,1,1,4,2,1,3,10,1,0,0,0,0,0,0,0,0,0,0,0,0,0,0,0,0,0,0,0,0,0,0,0,60,60,0,270,0,60,0,210,0,0,0,0,0,0,330,0,0,0,0,330,330,0,0,0,0,330,0,660,0,0,0,660,0,60,0,30,0,0,0,0,0,0,0,30,0,0,0,0,0,0,0,0,0,0,0,0,60,0,0,0,60,0,4,2,2,1.3333333333333333,2,6
20210505210643,5,1,3,41,1,100,1,4,1,1,1,1,1,1,1,3,2,1,1,8,1,90,10,45,0,0,45,35,600,570,0,570,0,30,0,0,0,0,0,0,0,0,0,0,30,30,0,0,0,0,0,0,0,0,0,0,0,0,205,0,0,0,0,205,205,0,0,0,0,205,0,515,0,50,0,465,0,0,0,0,0,0,0,0,0,0,0,0,0,0,0,0,0,0,0,0,0,0,0,0,0,0,0,0,0,0,3.6666666666666665,2,5,1,5,4.333333333333333
20210505210683,6,1,3,44,1,100,4,4,1,1,1,1,1,1,1,3,1,1,2,7,1,20,0,20,0,0,20,0,0,0,0,0,0,0,0,0,0,0,0,0,0,0,0,0,0,0,0,45,0,0,0,45,0,0,0,0,0,0,255,0,0,0,0,255,255,0,0,0,0,175,0,490,0,25,0,465,0,0,0,0,0,0,0,0,0,0,0,0,0,0,0,0,0,0,0,0,0,0,0,0,630,0,0,30,600,0,5,0,5.333333333333333,2.3333333333333335,5,4.333333333333333
20210505210784,4,1,2,36,1,100,1,2,1,1,1,1,1,1,1,3,2,2,1,6,1,30,0,30,0,0,30,0,0,0,0,0,0,0,0,0,0,0,0,0,0,0,0,0,15,15,0,0,0,0,0,0,0,0,0,0,0,0,585,0,0,0,0,0,585,585,585,0,0,0,0,390,0,0,0,390,0,75,0,45,0,0,0,0,0,0,0,30,0,0,0,0,0,0,0,0,0,0,0,0,345,0,0,45,300,0,4,0,4.333333333333333,1.6666666666666667,0.3333333333333333,3.3333333333333335
20210505210823,3,1,1,38,2,100,1,3,1,1,1,1,1,1,1,2,2,2,2,8,1,20,0,20,0,0,20,0,0,0,0,0,0,0,0,0,0,0,0,0,0,0,0,0,75,75,0,365,0,160,0,205,0,0,0,0,0,0,345,0,0,0,0,345,345,0,0,0,0,300,0,635,0,10,0,625,0,0,0,0,0,0,0,0,0,0,0,0,0,0,0,0,0,0,0,0,0,0,0,0,0,0,0,0,0,0,5.666666666666667,0,3.6666666666666665,0,0,4.666666666666667
20210505210858,5,1,3,26,2,100,1,3,1,1,1,1,1,1,1,1,2,2,1,10,1,60,0,60,0,0,60,0,0,0,0,0,0,0,0,0,0,0,0,0,0,0,0,0,90,90,0,150,0,150,0,0,0,0,0,0,0,0,540,0,0,0,240,300,300,0,0,240,0,210,0,600,0,0,0,600,0,0,0,0,0,0,0,0,0,0,0,0,0,0,0,0,0,0,0,0,0,0,0,0,0,0,0,0,0,0,6,0,0,0,0,4
20210505210939,5,1,1,69,1,100,2,1,1,1,1,1,1,1,1,1,2,1,2,9,1,0,0,0,0,0,0,0,0,0,0,0,0,0,0,0,0,0,0,0,0,0,0,0,15,15,0,495,255,0,0,0,240,0,0,0,0,0,30,0,0,0,25,0,0,0,0,25,5,0,0,900,0,90,0,805,5,0,0,0,0,0,0,0,0,0,0,0,0,0,0,0,0,0,0,0,0,0,0,0,0,0,0,0,0,0,5.666666666666667,0,1,0,0.3333333333333333,6
20210505211042,5,1,1,36,2,131,1,4,1,1,1,1,1,1,1,1,2,2,1,8,1,240,0,240,0,0,240,0,0,0,0,0,0,0,0,0,0,0,0,0,0,0,0,0,210,210,0,60,0,60,0,0,0,0,0,0,0,0,405,0,0,0,0,90,375,285,285,0,30,30,0,525,0,20,0,505,0,0,0,0,0,0,0,0,0,0,0,0,0,0,0,0,0,0,0,0,0,0,0,0,0,0,0,0,0,0,5.666666666666667,0.3333333333333333,1,0.3333333333333333,0.6666666666666666,5
20210505211045,4,1,2,38,2,100,1,4,1,1,1,1,1,1,1,3,2,2,1,3,1,328,0,288,0,0,288,40,0,0,0,0,0,0,0,0,0,0,0,0,0,0,0,0,45,45,0,0,0,0,0,0,0,0,0,0,0,0,190,0,0,0,0,190,190,0,0,0,0,190,0,458,0,38,0,420,0,40,0,0,40,0,0,0,0,0,0,0,0,0,0,0,0,0,0,0,0,0,0,0,379,0,0,0,379,0,4.333333333333333,2,3.6666666666666665,4.666666666666667,0,3.6666666666666665
20210505211074,6,1,4,34,1,100,1,3,1,1,1,1,1,1,1,1,2,2,2,2,1,0,0,0,0,0,0,0,0,0,0,0,0,0,0,0,0,0,0,0,0,0,0,0,90,60,30,0,0,0,0,0,0,0,0,0,0,0,415,120,0,0,0,295,415,0,0,0,0,295,0,600,0,0,0,600,0,335,0,215,0,0,0,0,0,0,0,120,0,0,0,0,0,0,0,0,0,0,0,0,0,0,0,0,0,0,5.333333333333333,0,3,0,0,5.333333333333333
20210505211161,3,1,1,44,2,110,1,3,1,1,1,1,1,1,1,1,2,2,2,8,1,0,0,0,0,0,0,0,0,0,0,0,0,0,0,0,0,0,0,0,0,0,0,0,60,60,0,530,0,230,0,300,0,0,0,0,0,0,180,0,0,0,0,180,180,0,0,0,0,180,0,670,0,30,0,640,0,0,0,0,0,0,0,0,0,0,0,0,0,0,0,0,0,0,0,0,0,0,0,0,0,0,0,0,0,0,5.333333333333333,0,0.6666666666666666,0,0,5.333333333333333
20210505211238,4,1,2,34,1,100,1,3,1,1,1,1,1,1,1,2,1,2,2,8,1,0,0,0,0,0,0,0,0,0,0,0,0,0,0,0,0,0,0,0,0,0,0,0,75,75,0,30,0,30,0,0,0,0,0,0,0,0,255,0,0,0,60,150,150,0,0,60,45,150,0,540,0,60,0,480,0,0,0,0,0,0,0,0,0,0,0,0,0,0,0,0,0,0,0,0,0,0,0,0,540,0,0,30,510,0,5.333333333333333,0,2.3333333333333335,0,0,5.333333333333333
20210505211278,4,1,2,29,1,110,1,2,1,1,1,1,1,1,1,2,2,2,3,9,1,90,0,90,0,0,90,0,0,0,0,0,0,0,0,0,0,0,0,0,0,0,0,0,60,60,0,30,0,30,0,0,0,0,0,0,0,0,425,0,0,0,60,120,330,210,210,60,35,120,0,785,0,0,0,785,0,50,0,20,0,0,0,0,0,0,0,30,0,0,0,0,0,0,0,0,0,0,0,0,0,0,0,0,0,0,4.333333333333333,1.6666666666666667,2.6666666666666665,1,1,4.333333333333333
20210505211299,4,1,2,40,1,100,1,2,1,1,1,1,1,1,1,2,2,2,2,10,1,0,0,0,0,0,0,0,0,0,0,0,0,0,0,0,0,0,0,0,0,0,0,0,35,35,0,180,0,30,0,0,150,0,0,0,0,0,140,0,0,0,0,140,140,0,0,0,0,140,15,545,0,80,0,465,0,0,0,0,0,0,0,0,0,0,0,0,0,0,0,0,0,0,0,0,0,0,0,0,525,0,0,50,475,0,6,0,0.6666666666666666,0,0,6
20210505211356,4,1,2,48,1,100,1,3,1,1,1,1,1,1,1,3,2,2,1,6,1,120,0,120,0,0,120,0,0,0,0,0,0,0,0,0,0,0,0,0,0,0,0,0,20,20,0,120,0,0,0,0,0,120,0,0,0,0,520,0,0,0,0,520,520,0,0,0,0,520,0,660,0,0,0,660,0,0,0,0,0,0,0,0,0,0,0,0,0,0,0,0,0,0,0,0,0,0,0,0,0,0,0,0,0,0,5.666666666666667,1.3333333333333333,4.333333333333333,2.3333333333333335,3.6666666666666665,4
20210505211422,4,1,2,80,2,100,3,2,1,1,1,1,1,1,1,1,2,2,2,10,1,0,0,0,0,0,0,0,0,0,0,0,0,0,0,0,0,0,0,0,0,0,0,0,65,65,0,635,0,0,0,620,0,0,0,0,15,0,60,0,0,0,0,60,60,0,0,0,0,30,0,635,0,5,0,630,0,45,0,30,0,30,0,0,0,0,0,15,0,0,0,0,0,0,0,0,0,0,0,0,0,0,0,0,0,0,6,0,0,0,0,6
20210505211451,4,1,2,35,1,100,4,2,1,1,1,1,1,1,1,2,2,2,1,8,1,70,0,70,0,0,70,0,0,0,0,0,0,0,0,0,0,0,0,0,0,0,0,0,45,45,0,45,0,45,0,0,0,0,0,0,0,0,480,0,0,0,30,330,390,60,60,30,60,330,0,800,0,35,0,765,0,0,0,0,0,0,0,0,0,0,0,0,0,0,0,0,0,0,0,0,0,0,0,0,0,0,0,0,0,0,3,0,3.3333333333333335,2.3333333333333335,0,3.6666666666666665
20210505211552,4,1,1,34,1,100,1,2,1,1,1,1,1,1,1,2,2,2,1,7,1,150,0,90,0,0,90,60,0,0,0,0,0,0,0,0,0,0,0,0,0,0,0,0,25,25,0,75,0,65,0,0,5,0,0,0,0,5,155,0,0,0,75,60,60,0,0,75,20,60,0,530,0,15,0,515,0,0,0,0,0,0,0,0,0,0,0,0,0,0,0,0,0,0,0,0,0,0,0,0,505,0,0,0,505,0,3.6666666666666665,0.3333333333333333,2,1.3333333333333333,0,2.6666666666666665
20210505211647,2,1,1,54,2,100,5,1,1,1,1,1,1,1,1,1,2,2,1,8,1,325,0,315,0,0,315,10,0,0,0,0,0,0,20,0,0,0,20,0,0,0,0,0,80,80,0,170,0,20,0,60,0,90,0,0,0,0,220,0,0,0,0,30,210,180,180,0,10,30,0,625,0,20,0,605,0,0,0,0,0,0,0,0,0,0,0,0,0,0,0,0,0,0,0,0,0,0,0,0,0,0,0,0,0,0,5,0,1.3333333333333333,0,0,4.666666666666667
20210505211684,4,1,1,55,2,100,1,3,1,1,1,1,1,1,1,2,2,2,2,6,1,10,0,10,0,0,10,0,0,0,0,0,0,0,30,0,0,0,30,0,0,0,0,0,75,75,0,200,0,80,0,90,0,30,0,0,0,0,330,0,0,0,60,240,270,30,30,60,0,120,105,538,0,30,0,508,0,0,0,0,0,0,0,0,0,0,0,0,0,0,0,0,0,0,0,0,0,0,0,0,152,0,0,2,150,0,4.333333333333333,0,0.3333333333333333,0.6666666666666666,0.3333333333333333,4.333333333333333
20210505211695,6,1,2,53,1,100,4,3,1,1,1,1,1,1,1,1,1,2,2,8,1,0,0,0,0,0,0,0,0,0,0,0,0,0,0,0,0,0,0,0,0,0,0,0,65,65,0,468,45,40,2,0,0,0,0,0,3,378,193,0,0,0,0,20,190,170,170,0,3,20,0,460,0,30,0,430,0,14,0,5,0,0,0,0,0,0,0,9,0,0,0,0,0,0,0,0,0,0,0,0,240,0,0,0,240,0,3.6666666666666665,0,3.6666666666666665,0.3333333333333333,0,5.666666666666667
20210505211698,2,1,1,36,2,100,4,2,2,1,1,1,1,1,2,2,2,1,1,7,1,0,0,0,0,0,0,0,0,0,0,0,0,0,210,0,0,0,210,0,0,0,0,0,110,110,0,100,0,85,0,0,0,0,0,0,15,0,350,105,0,0,90,60,255,90,90,90,5,0,0,635,0,45,0,590,0,35,0,20,0,0,0,0,0,0,0,15,0,0,0,0,0,0,0,0,0,0,0,0,0,0,0,0,0,0,4.666666666666667,1.6666666666666667,1.3333333333333333,1,0.3333333333333333,4.666666666666667
20210505211713,8,1,6,35,2,100,1,2,1,1,1,1,1,1,1,3,1,2,2,10,1,310,0,310,0,0,310,0,0,0,0,0,0,0,0,0,0,0,0,0,0,0,0,0,60,60,0,310,0,70,30,210,0,0,0,0,0,0,310,0,0,0,0,240,310,70,70,0,0,240,0,450,0,20,0,430,0,0,0,0,0,0,0,0,0,0,0,0,0,0,0,0,0,0,0,0,0,0,0,0,0,0,0,0,0,0,4.666666666666667,0,5,1.3333333333333333,0,5
20210505211824,4,1,1,49,2,110,1,3,1,1,1,1,1,1,1,2,2,2,1,8,1,0,0,0,0,0,0,0,0,0,0,0,0,0,0,0,0,0,0,0,0,0,0,0,15,15,0,165,0,45,0,120,0,0,0,0,0,0,560,0,0,0,0,560,560,0,0,0,0,560,0,570,0,0,0,570,0,130,0,90,0,90,0,0,0,0,0,40,0,0,0,0,0,0,0,0,0,0,0,0,0,0,0,0,0,0,4,0,1,0.6666666666666666,0,4
20210505212002,3,1,1,52,2,100,1,2,1,1,1,1,1,1,1,2,2,1,2,7,1,0,0,0,0,0,0,0,0,0,0,0,0,0,20,0,0,0,20,0,0,0,0,0,45,25,20,405,0,5,60,150,180,0,10,0,0,0,230,0,0,0,0,205,225,20,20,0,5,115,0,495,0,45,0,450,0,245,0,40,115,25,0,0,0,0,0,90,0,0,0,0,0,0,0,0,0,0,0,0,0,0,0,0,0,0,4.333333333333333,0,2.6666666666666665,0.6666666666666666,2,2
20210505212018,3,1,1,31,1,100,1,4,1,1,1,1,1,1,1,4,2,2,2,10,1,80,0,80,0,0,80,0,0,0,0,0,0,0,0,0,0,0,0,0,0,0,0,0,125,120,5,0,0,0,0,0,0,0,0,0,0,0,175,0,0,0,0,10,70,60,60,0,105,0,0,450,0,0,0,450,0,55,0,35,0,0,0,0,0,0,0,20,0,0,0,0,0,0,0,0,0,0,0,0,555,0,0,0,555,0,4.333333333333333,0,2.3333333333333335,1,0,5.333333333333333
20210505212066,3,1,1,39,2,100,4,3,1,1,1,1,1,1,1,2,2,2,2,8,1,35,0,35,0,0,35,0,0,0,0,0,0,0,0,0,0,0,0,0,0,0,0,0,85,85,0,105,0,45,0,0,0,60,0,0,0,0,170,0,0,0,110,60,60,0,0,110,0,45,45,540,0,65,0,475,0,0,0,0,0,0,0,0,0,0,0,0,0,0,0,0,0,0,0,0,0,0,0,0,460,0,0,60,400,0,3.6666666666666665,0,3.6666666666666665,1,0.3333333333333333,2
20210505212203,6,1,2,34,1,100,1,3,1,1,1,1,1,1,1,3,2,2,2,6,1,30,0,30,0,0,30,0,0,0,0,0,0,0,0,0,0,0,0,0,0,0,0,0,20,20,0,65,0,65,0,0,0,0,0,0,0,0,235,0,0,0,0,235,235,0,0,0,0,195,0,465,0,45,0,420,0,0,0,0,0,0,0,0,0,0,0,0,0,0,0,0,0,0,0,0,0,0,0,0,625,0,0,60,565,0,4.666666666666667,0,4,1.3333333333333333,1,4.333333333333333
20210505212224,3,1,1,30,2,100,6,4,1,1,1,1,1,1,1,4,2,1,1,7,1,104,6,78,0,2,76,20,0,0,0,0,0,0,0,0,0,0,0,0,0,0,0,0,25,25,0,461,0,100,0,361,0,0,0,0,0,0,10,0,0,0,0,0,10,10,10,0,0,0,0,770,0,10,0,760,0,70,0,40,0,40,0,0,0,0,0,30,0,0,0,0,0,0,0,0,0,0,0,0,0,0,0,0,0,0,6,0,6,0.6666666666666666,2,6
20210505212249,4,1,2,38,1,100,1,2,1,1,1,1,1,1,1,2,2,2,1,6,1,115,0,115,0,0,115,0,0,0,0,0,0,0,1,1,0,1,0,0,0,0,0,0,99,99,0,31,0,1,0,0,0,0,0,1,22,7,122,0,0,0,0,48,122,74,74,0,0,48,50,474,0,36,0,438,0,0,0,0,0,0,0,0,0,0,0,0,0,0,0,0,0,0,0,0,0,0,0,0,548,0,0,16,532,0,1.5,0.5,3,3,0.5,4.5
20210505212269,5,1,4,32,2,100,3,3,1,1,1,1,1,1,1,3,2,2,2,4,1,160,0,135,0,0,135,25,0,0,0,0,0,0,0,0,0,0,0,0,0,0,0,0,105,75,30,190,0,150,0,40,0,0,0,0,0,0,60,0,0,0,0,60,60,0,0,0,0,60,0,750,0,10,0,740,0,175,0,150,0,0,0,0,0,0,0,25,0,0,0,0,0,0,0,0,0,0,0,0,0,0,0,0,0,0,6,0,4.666666666666667,0.6666666666666666,0,6
20210603210151,5,1,1,22,1,110,6,3,1,1,1,1,1,1,1,2,2,2,1,7,1,0,0,0,0,0,0,0,0,0,0,0,0,0,0,0,0,0,0,0,0,0,0,0,60,60,0,120,60,0,0,60,0,0,0,0,0,0,660,0,0,0,0,240,660,420,420,0,0,240,0,600,0,0,0,600,0,0,0,0,0,0,0,0,0,0,0,0,0,0,0,0,0,0,0,0,0,0,0,0,0,0,0,0,0,0,3.6666666666666665,0,0.6666666666666666,0.3333333333333333,0,3.6666666666666665
20210604210008,4,1,1,50,1,100,1,3,1,1,1,1,1,1,1,1,1,2,2,9,1,30,0,30,0,0,30,0,0,0,0,0,0,0,15,0,0,0,15,0,0,0,0,0,135,135,0,220,0,70,30,60,0,60,0,0,0,0,345,0,0,0,60,240,285,45,45,60,0,0,45,650,0,75,0,575,0,0,0,0,0,0,0,0,0,0,0,0,0,0,0,0,0,0,0,0,0,0,0,0,0,0,0,0,0,0,6,0,0.3333333333333333,0.3333333333333333,0,6
20210604210127,3,1,1,21,1,100,6,5,1,1,1,1,1,1,1,2,2,2,2,8,1,0,0,0,0,0,0,0,0,0,0,0,0,0,0,0,0,0,0,0,0,0,0,0,30,30,0,30,0,30,0,0,0,0,0,0,0,0,135,0,0,0,60,75,75,0,0,60,0,30,0,680,0,20,0,660,0,0,0,0,0,0,0,0,0,0,0,0,0,0,0,0,0,0,0,0,0,0,0,0,565,0,0,50,515,0,6,0,1.6666666666666667,1.3333333333333333,0,6
20210604210239,4,1,2,20,2,100,6,3,1,1,1,1,1,1,1,2,2,2,3,5,1,0,0,0,0,0,0,0,0,0,0,0,0,0,0,0,0,0,0,0,0,0,0,0,65,65,0,20,0,20,0,0,0,0,0,0,0,0,130,0,0,0,0,130,130,0,0,0,0,130,0,675,0,195,0,480,0,0,0,0,0,0,0,0,0,0,0,0,0,0,0,0,0,0,0,0,0,0,0,0,550,0,0,65,485,0,2.6666666666666665,0,4,3,1.6666666666666667,3
20210604210252,4,1,2,20,1,100,6,1,1,1,1,1,1,1,1,3,2,2,2,7,1,0,0,0,0,0,0,0,0,0,0,0,0,0,0,0,0,0,0,0,60,0,60,0,0,0,0,10,0,10,0,0,0,0,0,0,0,0,360,0,0,0,35,325,325,0,0,35,0,320,120,840,0,30,0,810,0,50,0,30,0,30,0,0,0,0,0,20,0,0,0,0,0,0,0,0,0,0,0,0,0,0,0,0,0,0,3,0,2.3333333333333335,1.3333333333333333,0,2.6666666666666665
20210604210521,5,1,3,38,1,100,1,4,1,1,1,1,1,1,1,2,2,2,1,5,1,60,0,60,0,0,60,0,0,0,0,0,0,0,0,0,0,0,0,0,0,0,0,0,60,60,0,300,0,0,0,300,0,0,0,0,0,0,465,0,375,0,0,0,375,375,0,0,90,0,0,555,0,80,0,475,0,0,0,0,0,0,0,0,0,0,0,0,0,0,0,0,0,0,0,0,0,0,0,0,0,0,0,0,0,0,3.6666666666666665,0,2.6666666666666665,1,0,3
20210604210543,4,1,1,40,1,100,1,3,1,1,1,1,1,1,1,3,2,2,1,7,1,45,0,45,0,0,45,0,0,0,0,0,0,0,0,0,0,0,0,0,0,0,0,0,120,90,30,15,0,15,0,0,0,0,0,0,0,0,705,0,0,0,330,225,345,120,120,330,30,0,0,555,0,30,0,525,0,0,0,0,0,0,0,0,0,0,0,0,0,0,0,0,0,0,0,0,0,0,0,0,0,0,0,0,0,0,4,0,5,1,1,5.666666666666667
20210604210548,4,1,2,47,2,100,1,3,1,1,1,1,1,1,1,3,2,2,2,7,1,339,0,339,309,0,30,0,0,0,0,0,0,0,0,0,0,0,0,0,0,0,0,0,15,15,0,320,0,80,0,210,0,0,30,0,0,0,196,0,0,0,60,120,120,0,0,60,16,120,0,570,0,0,0,570,0,0,0,0,0,0,0,0,0,0,0,0,0,0,0,0,0,0,0,0,0,0,0,0,0,0,0,0,0,0,4,1,2.6666666666666665,2,1,5
20210604210576,4,1,2,36,2,100,1,4,1,1,1,1,1,1,1,2,2,2,1,9,1,0,0,0,0,0,0,0,0,0,0,0,0,0,0,0,0,0,0,0,0,0,0,0,30,30,0,210,0,210,0,0,0,0,0,0,0,0,120,0,0,0,0,120,120,0,0,0,0,120,0,683,0,90,0,593,0,0,0,0,0,0,0,0,0,0,0,0,0,0,0,0,0,0,0,0,0,0,0,0,397,0,0,14,383,0,4.5,0,5,4.5,4,5
20210604210616,4,1,2,32,2,100,1,2,1,1,1,1,1,1,1,2,2,2,2,10,1,50,0,50,0,0,50,0,0,0,0,0,0,0,0,0,0,0,0,0,0,0,0,0,75,75,0,530,0,100,0,170,0,260,0,0,0,0,215,0,0,0,0,215,215,0,0,0,0,215,0,570,0,0,0,570,0,0,0,0,0,0,0,0,0,0,0,0,0,0,0,0,0,0,0,0,0,0,0,0,0,0,0,0,0,0,6,0,3,0,0,5
20210604210746,3,1,1,31,2,131,1,3,1,1,1,1,1,1,1,1,2,2,2,7,1,30,0,30,0,0,30,0,0,0,0,0,0,0,0,0,0,0,0,0,0,0,0,0,60,60,0,360,0,120,0,240,0,0,0,0,0,0,225,0,0,0,0,165,225,60,60,0,0,165,0,765,0,45,0,720,0,0,0,0,0,0,0,0,0,0,0,0,0,0,0,0,0,0,0,0,0,0,0,0,0,0,0,0,0,0,5.333333333333333,0,1.6666666666666667,1.3333333333333333,0,5
20210604210756,4,1,2,48,2,100,1,2,1,1,1,1,1,1,1,1,2,2,3,9,1,308,0,308,0,255,53,0,0,0,0,0,0,0,0,0,0,0,0,0,0,0,0,0,70,70,0,180,0,140,0,40,0,0,0,0,0,0,125,0,0,0,0,125,125,0,0,0,0,125,0,630,0,20,0,610,0,127,0,100,0,100,0,0,0,0,0,27,0,0,0,0,0,0,0,0,0,0,0,0,0,0,0,0,0,0,3.3333333333333335,0,0,1.3333333333333333,0,2
20210604210759,4,1,2,42,1,100,1,2,1,1,1,1,1,1,1,1,2,2,2,10,1,10,0,10,0,0,10,0,360,330,0,330,0,30,0,0,0,0,0,0,0,0,0,0,30,30,0,180,0,0,0,0,0,0,180,0,0,0,55,0,0,0,0,55,55,0,0,0,0,0,0,275,0,50,0,225,0,0,0,0,0,0,0,0,0,0,0,0,0,0,0,0,0,0,0,0,0,0,0,0,530,0,0,20,510,0,6,0,0,0,0,6
20210604210804,4,1,2,38,2,110,1,3,1,1,1,1,1,1,1,2,2,2,3,7,1,25,0,5,0,0,5,20,0,0,0,0,0,0,0,0,0,0,0,0,0,0,0,0,20,20,0,30,0,30,0,0,0,0,0,0,0,0,80,0,0,0,0,80,80,0,0,0,0,80,60,570,0,30,0,540,0,0,0,0,0,0,0,0,0,0,0,0,0,0,0,0,0,0,0,0,0,0,0,0,655,0,0,30,625,0,6,0,5.333333333333333,3.6666666666666665,0,5
20210604210851,4,1,2,46,1,131,1,1,1,1,1,1,1,1,1,4,1,2,3,8,1,28,0,28,0,0,28,0,0,0,0,0,0,0,0,0,0,0,0,0,0,0,0,0,135,135,0,72,0,0,0,0,0,0,72,0,0,0,65,0,0,0,35,30,30,0,0,35,0,0,75,450,0,45,0,405,0,0,0,0,0,0,0,0,0,0,0,0,0,0,0,0,0,0,0,0,0,0,0,0,615,0,0,0,615,0,4,0,5,4,0,3
20210604210876,5,1,3,34,2,100,1,3,1,1,1,1,1,1,1,2,2,2,2,10,1,550,0,545,0,0,545,5,0,0,0,0,0,0,0,0,0,0,0,0,0,0,0,0,75,75,0,65,0,65,0,0,0,0,0,0,0,0,90,0,0,0,0,90,90,0,0,0,0,90,70,570,0,0,0,570,0,20,0,10,0,10,0,0,0,0,0,10,0,0,0,0,0,0,0,0,0,0,0,0,0,0,0,0,0,0,4,0,1,0.3333333333333333,0,6
20210604210880,4,1,2,39,1,100,1,3,1,1,1,1,1,1,1,2,2,2,1,8,1,0,0,0,0,0,0,0,50,30,0,30,0,20,2,0,0,0,2,0,0,0,0,0,60,60,0,60,0,0,60,0,0,0,0,0,0,0,243,0,173,0,0,10,188,178,5,0,55,10,255,320,0,60,0,260,0,0,0,0,0,0,0,0,0,0,0,0,0,0,0,0,0,0,0,0,0,0,0,0,450,0,0,0,450,0,5.333333333333333,0,3.6666666666666665,1,1,6
20210604210908,4,1,2,45,2,100,1,2,1,1,1,1,1,1,1,2,2,1,3,7,1,2,2,0,0,0,0,0,0,0,0,0,0,0,0,0,0,0,0,0,0,0,0,0,45,45,0,10,0,10,0,0,0,0,0,0,0,0,220,0,0,0,0,220,220,0,0,0,0,130,0,705,0,60,0,645,0,70,0,0,0,0,40,0,0,0,40,30,0,0,0,0,0,0,0,0,0,0,0,0,388,0,0,0,388,0,5,0,1,0,3.3333333333333335,5
20210604211024,5,1,3,37,2,100,1,2,1,1,1,1,1,1,1,2,2,2,2,8,1,320,0,270,0,0,270,50,0,0,0,0,0,0,0,0,0,0,0,0,0,0,0,0,45,45,0,360,0,90,0,270,0,0,0,0,0,0,0,0,0,0,0,0,0,0,0,0,0,0,0,715,0,120,0,595,0,0,0,0,0,0,0,0,0,0,0,0,0,0,0,0,0,0,0,0,0,0,0,0,0,0,0,0,0,0,5.333333333333333,0,3.6666666666666665,0.3333333333333333,0,5
20210604211126,4,1,2,40,1,110,1,2,1,1,1,1,1,1,1,2,2,2,1,6,1,0,0,0,0,0,0,0,0,0,0,0,0,0,0,0,0,0,0,0,0,0,0,0,60,60,0,0,0,0,0,0,0,0,0,0,0,0,135,0,0,0,60,45,45,0,0,60,30,0,60,690,0,10,0,680,0,0,0,0,0,0,0,0,0,0,0,0,0,0,0,0,0,0,0,0,0,0,0,0,495,0,0,0,495,0,5.333333333333333,0,2.6666666666666665,2.6666666666666665,0,4.666666666666667
20210604211263,4,1,2,30,1,100,1,3,1,1,1,1,1,1,1,2,2,2,2,7,1,0,0,0,0,0,0,0,0,0,0,0,0,0,0,0,0,0,0,0,0,0,0,0,30,30,0,0,0,0,0,0,0,0,0,0,0,0,60,0,0,0,0,60,60,0,0,0,0,60,0,590,0,20,0,570,0,0,0,0,0,0,0,0,0,0,0,0,0,0,0,0,0,0,0,0,0,0,0,0,760,0,0,120,640,0,3.6666666666666665,0,3.6666666666666665,0.3333333333333333,0.3333333333333333,2
20210604211338,4,1,2,44,1,100,1,1,1,1,1,1,1,1,1,1,2,2,2,10,1,0,0,0,0,0,0,0,0,0,0,0,0,0,0,0,0,0,0,0,0,0,0,0,30,30,0,20,0,20,0,0,0,0,0,0,0,0,272,0,232,0,0,0,232,232,0,0,40,0,0,470,0,45,0,425,0,0,0,0,0,0,0,0,0,0,0,0,0,0,0,0,0,0,0,0,0,0,0,0,648,0,0,20,628,0,5.333333333333333,0,0,0.3333333333333333,0,5
20210604211374,4,1,2,46,1,131,1,3,1,1,1,1,1,1,1,1,2,2,2,7,1,0,0,0,0,0,0,0,0,0,0,0,0,0,0,0,0,0,0,0,0,0,0,0,120,120,0,60,0,0,0,0,0,60,0,0,0,0,120,0,0,0,0,120,120,0,0,0,0,120,0,525,0,30,0,495,0,0,0,0,0,0,0,0,0,0,0,0,0,0,0,0,0,0,0,0,0,0,0,0,615,0,0,0,615,0,3,0,0,2.3333333333333335,0,3
20210604211460,4,1,2,42,1,100,1,2,1,1,1,1,1,1,1,4,2,2,2,6,1,0,0,0,0,0,0,0,0,0,0,0,0,0,0,0,0,0,0,0,0,0,0,0,85,85,0,719,0,29,0,0,0,20,0,670,0,0,185,0,0,0,0,185,185,0,0,0,0,185,0,451,0,0,0,451,0,0,0,0,0,0,0,0,0,0,0,0,0,0,0,0,0,0,0,0,0,0,0,0,0,0,0,0,0,0,2.3333333333333335,0,3.3333333333333335,1.6666666666666667,0,2
20210604211524,4,1,2,48,2,100,1,4,1,1,1,1,1,1,1,4,2,2,3,6,1,0,0,0,0,0,0,0,0,0,0,0,0,0,0,0,0,0,0,0,0,0,0,0,125,125,0,15,0,15,0,0,0,0,0,0,0,0,630,0,0,0,0,630,630,0,0,0,0,630,0,670,0,5,10,655,0,0,0,0,0,0,0,0,0,0,0,0,0,0,0,0,0,0,0,0,0,0,0,0,0,0,0,0,0,0,2,0,6,4,4,2
20210604211558,5,1,3,36,1,202,1,3,1,1,1,1,1,1,1,2,1,2,2,8,1,85,0,80,0,0,80,5,0,0,0,0,0,0,0,0,0,0,0,0,0,0,0,0,95,95,0,15,0,15,0,0,0,0,0,0,0,0,105,0,0,0,0,105,105,0,0,0,0,105,0,585,0,75,0,510,0,20,0,10,0,0,0,0,0,0,0,10,0,0,0,0,0,0,0,0,0,0,0,0,535,0,0,45,490,0,5.333333333333333,0,5,2.6666666666666665,0.6666666666666666,4.666666666666667
20210604211705,4,1,2,45,1,100,1,2,1,1,1,1,1,1,1,1,2,2,2,9,1,0,0,0,0,0,0,0,0,0,0,0,0,0,5,5,5,0,0,0,0,0,0,0,95,95,0,30,0,30,0,0,0,0,0,0,0,0,160,0,0,0,0,160,160,0,0,0,0,90,0,565,0,25,0,540,0,0,0,0,0,0,0,0,0,0,0,0,0,0,0,0,0,0,0,0,0,0,0,0,585,0,0,0,585,0,4.333333333333333,0,1.6666666666666667,0.3333333333333333,0,3.6666666666666665
20210604211707,3,1,1,28,1,110,6,2,1,1,1,1,1,1,1,1,2,2,2,8,1,0,0,0,0,0,0,0,0,0,0,0,0,0,0,0,0,0,0,0,0,0,0,0,0,0,0,0,0,0,0,0,0,0,0,0,0,0,603,0,0,0,195,348,348,0,0,195,60,348,0,492,0,65,0,420,7,0,0,0,0,0,0,0,0,0,0,0,0,0,0,0,0,0,0,0,0,0,0,0,345,0,0,35,310,0,2.6666666666666665,1.6666666666666667,1.6666666666666667,2.6666666666666665,0.3333333333333333,5.666666666666667
20210604211847,3,1,1,42,1,131,1,4,2,1,1,2,1,1,1,1,1,2,3,6,1,0,0,0,0,0,0,0,0,0,0,0,0,0,0,0,0,0,0,0,0,0,0,0,60,60,0,0,0,0,0,0,0,0,0,0,0,0,240,0,0,0,0,240,240,0,0,0,0,0,0,540,0,0,0,540,0,0,0,0,0,0,0,0,0,0,0,0,0,0,0,0,0,0,0,0,0,0,0,0,600,0,0,0,600,0,3.6666666666666665,0,1,2,0,5
20210604212065,4,1,1,73,1,110,1,3,1,1,1,1,1,1,1,1,1,1,2,4,1,0,0,0,0,0,0,0,0,0,0,0,0,0,120,120,120,0,0,0,0,0,0,0,145,145,0,110,0,65,0,0,0,45,0,0,0,0,235,0,0,0,0,175,235,60,60,0,0,175,0,590,0,35,0,555,0,0,0,0,0,0,0,0,0,0,0,0,0,0,0,0,0,0,0,0,0,0,0,0,240,0,240,0,0,0,4.666666666666667,2.6666666666666665,0.3333333333333333,1.6666666666666667,0.6666666666666666,4
20210604212113,4,1,2,46,2,100,1,1,1,1,1,1,1,1,1,2,2,2,2,8,1,152,0,112,15,70,27,40,0,0,0,0,0,0,1,0,0,0,1,0,0,0,0,0,45,45,0,182,0,72,15,45,0,0,50,0,0,0,105,0,0,0,75,30,30,0,0,75,0,0,0,544,0,54,0,490,0,10,0,5,0,0,0,0,0,0,0,5,0,0,0,0,0,0,0,0,0,0,0,0,401,0,0,0,401,0,4,0.3333333333333333,1.6666666666666667,1.3333333333333333,0.6666666666666666,3.6666666666666665
20210604212114,4,1,2,38,1,100,4,2,1,1,1,1,1,1,1,3,2,2,1,7,1,45,0,45,0,0,45,0,0,0,0,0,0,0,0,0,0,0,0,0,0,0,0,0,57,57,0,102,0,92,0,10,0,0,0,0,0,0,426,0,150,0,60,131,346,215,65,60,20,131,100,500,0,20,0,480,0,55,0,45,0,45,0,0,0,0,0,10,0,0,0,0,0,0,0,0,0,0,0,0,155,0,0,0,155,0,4.666666666666667,0,4,3,0,4.666666666666667
20210604212121,10,1,8,47,1,100,1,1,1,1,1,1,1,1,1,1,2,2,2,10,1,670,15,610,0,0,610,45,0,0,0,0,0,0,0,0,0,0,0,0,0,0,0,0,55,10,45,10,0,0,10,0,0,0,0,0,0,0,60,0,0,0,0,60,60,0,0,0,0,60,0,545,0,25,0,520,0,20,0,15,0,0,0,0,0,0,0,5,0,80,0,0,0,0,0,75,0,5,0,0,0,0,0,0,0,0,3,0,0,0,0,3
20210604212145,5,1,3,29,1,110,1,1,1,1,1,1,1,1,1,1,2,2,2,8,1,0,0,0,0,0,0,0,0,0,0,0,0,0,0,0,0,0,0,0,0,0,0,0,30,30,0,0,0,0,0,0,0,0,0,0,0,0,110,0,0,0,0,110,110,0,0,0,0,110,0,630,0,0,0,630,0,0,0,0,0,0,0,0,0,0,0,0,0,670,0,0,0,0,0,0,0,10,660,660,0,0,0,0,0,0,6,0,0.3333333333333333,0,0,6
20210604212160,4,1,2,44,2,100,1,2,1,1,1,1,1,1,1,4,2,2,2,8,1,0,0,0,0,0,0,0,0,0,0,0,0,0,0,0,0,0,0,0,0,0,0,0,120,60,0,165,0,0,105,60,0,0,0,0,0,0,560,0,0,0,0,75,500,425,425,0,60,30,0,595,0,60,0,535,0,0,0,0,0,0,0,0,0,0,0,0,0,0,0,0,0,0,0,0,0,0,0,0,0,0,0,0,0,0,3.6666666666666665,0,1,0.6666666666666666,0,6
20210604212336,3,1,1,46,1,100,1,2,1,1,1,1,1,1,1,3,2,1,1,8,1,0,0,0,0,0,0,0,0,0,0,0,0,0,0,0,0,0,0,0,0,0,0,0,190,140,30,0,0,0,0,0,0,0,0,0,0,0,420,0,0,0,0,390,420,30,30,0,0,180,105,595,0,45,80,470,0,130,0,90,0,0,0,0,0,0,0,40,0,0,0,0,0,0,0,0,0,0,0,0,0,0,0,0,0,0,4,1.3333333333333333,3.3333333333333335,1,4.666666666666667,4.333333333333333
20210604212373,3,1,1,65,1,100,1,2,1,1,1,1,1,1,1,1,1,2,2,8,1,0,0,0,0,0,0,0,430,410,0,410,0,20,0,0,0,0,0,0,0,0,0,0,90,70,20,0,0,0,0,0,0,0,0,0,0,0,240,0,0,0,120,120,120,0,0,120,0,120,95,585,0,15,0,570,0,0,0,0,0,0,0,0,0,0,0,0,0,0,0,0,0,0,0,0,0,0,0,0,0,0,0,0,0,0,4,0.6666666666666666,0.6666666666666666,1,0,5
20210604212379,3,1,1,66,2,110,2,4,1,1,1,1,1,1,1,2,2,1,3,7,1,3,0,3,0,0,3,0,0,0,0,0,0,0,0,0,0,0,0,0,0,0,0,0,102,102,0,180,0,180,0,0,0,0,0,0,0,0,150,0,0,0,0,120,150,30,30,0,0,120,0,480,0,30,0,450,0,0,0,0,0,0,0,0,0,0,0,0,0,0,0,0,0,0,0,0,0,0,0,0,525,0,0,0,525,0,4.333333333333333,0.3333333333333333,3.6666666666666665,2,2.3333333333333335,5
20210605210035,6,1,3,44,1,100,1,1,1,1,1,1,1,1,1,1,2,2,1,9,1,105,0,75,0,0,75,30,0,0,0,0,0,0,0,0,0,0,0,0,0,0,0,0,210,180,0,60,0,60,0,0,0,0,0,0,0,0,453,0,0,0,150,60,293,233,233,150,10,0,0,570,0,10,0,560,0,42,0,10,0,0,0,30,0,0,0,2,30,0,0,0,0,0,0,0,0,0,0,0,0,0,0,0,0,0,4,0.3333333333333333,4,1.6666666666666667,0,3
20210605210096,4,1,2,46,1,100,1,2,1,1,1,1,1,1,1,1,2,2,2,8,1,0,0,0,0,0,0,0,0,0,0,0,0,0,0,0,0,0,0,0,0,0,0,0,25,25,0,35,0,5,0,0,0,0,30,0,0,0,295,0,0,0,150,131,131,0,0,150,14,101,0,540,0,45,0,495,0,0,0,0,0,0,0,0,0,0,0,0,0,0,0,0,0,0,0,0,0,0,0,0,545,0,0,0,545,0,6,0,0.6666666666666666,0,0.6666666666666666,6
20210605210118,5,1,2,49,2,100,4,2,1,1,1,1,1,1,1,3,1,2,3,5,1,0,0,0,0,0,0,0,0,0,0,0,0,0,60,60,0,60,0,0,0,0,0,0,35,35,0,379,0,137,25,217,0,0,0,0,0,0,366,0,0,0,0,291,321,30,30,0,45,291,0,540,0,0,0,540,0,60,0,30,0,30,0,0,0,0,0,30,0,0,0,0,0,0,0,0,0,0,0,0,0,0,0,0,0,0,3,1.3333333333333333,1.3333333333333333,2.3333333333333335,0.3333333333333333,4
20210605210232,3,1,1,24,1,100,1,2,1,1,1,1,1,1,1,2,2,2,2,6,1,120,0,120,0,0,120,0,0,0,0,0,0,0,0,0,0,0,0,0,0,0,0,0,120,120,0,45,0,0,0,0,0,45,0,0,0,0,635,0,0,0,0,300,595,295,295,0,40,180,0,520,0,0,0,520,0,0,0,0,0,0,0,0,0,0,0,0,0,0,0,0,0,0,0,0,0,0,0,0,0,0,0,0,0,0,4,2,2.6666666666666665,2,0,3
20210605210234,4,1,1,21,2,100,6,1,1,1,1,1,1,1,1,2,2,2,1,7,1,0,0,0,0,0,0,0,0,0,0,0,0,0,0,0,0,0,0,0,0,0,0,0,135,135,0,65,0,50,0,0,0,0,0,0,15,0,260,0,0,0,30,0,180,180,180,30,50,0,0,530,0,60,0,470,0,0,0,0,0,0,0,0,0,0,0,0,0,0,0,0,0,0,0,0,0,0,0,0,450,0,0,0,450,0,4.333333333333333,0,1,0,0,3
20210605210235,3,1,2,22,2,100,5,2,1,1,1,1,1,1,1,3,2,1,3,7,1,60,0,60,0,0,60,0,0,0,0,0,0,0,0,0,0,0,0,0,0,0,0,0,0,0,0,60,0,0,0,60,0,0,0,0,0,0,608,0,0,0,0,608,608,0,0,0,0,488,0,570,0,0,0,570,0,42,0,10,0,0,0,0,0,0,0,32,0,100,0,0,0,0,0,90,0,10,0,0,0,0,0,0,0,0,3,2,4.666666666666667,3.3333333333333335,0,3
20210605210306,5,1,1,22,1,200,6,2,1,1,1,1,1,1,1,2,2,2,2,8,1,0,0,0,0,0,0,0,0,0,0,0,0,0,0,0,0,0,0,0,0,0,0,0,45,45,0,255,0,0,255,0,0,0,0,0,0,0,355,0,0,0,0,265,265,0,0,0,90,60,225,555,0,15,0,540,0,5,0,5,0,0,0,0,0,0,0,0,0,0,0,0,0,0,0,0,0,0,0,0,0,0,0,0,0,0,3.3333333333333335,0,4.333333333333333,3.3333333333333335,0,0.6666666666666666
20210605210373,5,1,1,20,2,100,6,1,1,1,1,1,1,1,1,1,2,2,1,5,1,0,0,0,0,0,0,0,0,0,0,0,0,0,20,0,0,0,20,0,0,0,0,0,90,90,0,0,0,0,0,0,0,0,0,0,0,0,275,0,0,0,0,235,275,40,40,0,0,75,0,710,0,55,0,655,0,0,0,0,0,0,0,0,0,0,0,0,0,0,0,0,0,0,0,0,0,0,0,0,345,0,0,10,335,0,6,0,4,0,0,3.6666666666666665
20210605210501,5,1,3,43,1,100,1,3,1,1,1,1,1,1,1,2,1,1,2,2,1,0,0,0,0,0,0,0,0,0,0,0,0,0,10,0,0,0,10,0,0,0,0,0,90,90,0,60,0,0,0,0,0,60,0,0,0,0,60,0,0,0,0,60,60,0,0,0,0,40,0,425,0,35,0,390,0,0,0,0,0,0,0,0,0,0,0,0,0,0,0,0,0,0,0,0,0,0,0,0,795,0,0,50,745,0,3.3333333333333335,0,1.6666666666666667,3.6666666666666665,0,2.6666666666666665
20210605210514,5,1,3,29,2,110,1,1,1,1,1,1,1,1,1,2,2,2,1,4,1,240,0,240,120,0,120,0,0,0,0,0,0,0,0,0,0,0,0,0,0,0,0,0,30,30,0,215,0,35,0,180,0,0,0,0,0,0,0,0,0,0,0,0,0,0,0,0,0,0,0,610,0,30,0,580,0,75,0,20,0,20,0,0,0,0,0,55,0,0,0,0,0,0,0,0,0,0,0,0,270,0,0,45,225,0,4,0,2.3333333333333335,1.3333333333333333,0,5
20210605210515,4,1,2,28,2,100,1,1,1,1,1,1,1,1,1,1,2,2,1,10,1,60,0,60,0,0,60,0,0,0,0,0,0,0,0,0,0,0,0,0,0,0,0,0,140,120,20,110,0,50,0,0,0,60,0,0,0,0,410,0,190,0,0,180,370,190,0,0,40,180,0,720,0,90,0,630,0,0,0,0,0,0,0,0,0,0,0,0,0,0,0,0,0,0,0,0,0,0,0,0,0,0,0,0,0,0,0,0,0.6666666666666666,0.3333333333333333,0.3333333333333333,0
20210605210538,5,1,3,39,2,100,1,2,1,1,1,1,1,1,1,3,2,1,1,7,1,195,0,195,0,0,195,0,0,0,0,0,0,0,0,0,0,0,0,0,0,0,0,0,110,90,20,355,235,60,15,45,0,0,0,0,0,0,117,0,0,0,55,60,60,0,0,55,2,45,0,538,0,15,0,523,0,0,0,0,0,0,0,0,0,0,0,0,0,125,0,0,0,0,0,110,0,15,0,0,0,0,0,0,0,0,3.6666666666666665,0.3333333333333333,5,2.3333333333333335,1,3
20210605210544,4,1,2,35,1,100,1,2,1,1,1,1,1,1,1,3,1,2,2,7,1,155,0,82,0,0,82,73,0,0,0,0,0,0,0,0,0,0,0,0,0,0,0,0,60,60,0,100,0,100,0,0,0,0,0,0,0,0,150,0,0,0,60,30,90,60,60,60,0,30,0,495,0,15,0,480,0,0,0,0,0,0,0,0,0,0,0,0,0,0,0,0,0,0,0,0,0,0,0,0,480,0,0,0,480,0,3.6666666666666665,0,2.3333333333333335,1.6666666666666667,0,5
20210605210558,3,1,1,41,1,100,4,2,1,1,1,1,1,1,1,1,1,2,1,6,1,150,0,120,0,0,120,30,90,0,0,0,10,80,0,0,0,0,0,0,0,0,0,0,20,20,0,180,0,60,0,120,0,0,0,0,0,0,520,0,0,180,270,45,45,0,0,450,25,45,0,450,0,0,0,450,0,30,0,10,0,0,0,0,0,0,0,20,0,0,0,0,0,0,0,0,0,0,0,0,0,0,0,0,0,0,5.666666666666667,0,0,1,0,6
20210605210560,4,1,2,39,1,131,1,2,1,1,1,1,1,1,1,2,2,2,1,8,1,80,0,80,0,0,80,0,0,0,0,0,0,0,0,0,0,0,0,0,0,0,0,0,170,170,0,45,0,45,0,0,0,0,0,0,0,0,368,0,0,0,0,50,328,278,278,0,40,0,0,640,0,70,0,570,0,137,0,95,0,0,0,0,0,0,0,42,0,0,0,0,0,0,0,0,0,0,0,0,0,0,0,0,0,0,6,0,0,0,0,6
20210605210572,4,1,2,49,1,100,1,3,1,1,1,1,1,1,1,1,2,2,2,7,1,0,0,0,0,0,0,0,0,0,0,0,0,0,0,0,0,0,0,0,0,0,0,0,0,0,0,120,0,0,0,0,0,120,0,0,0,0,120,0,0,0,0,120,120,0,0,0,0,120,0,600,0,63,0,537,0,0,0,0,0,0,0,0,0,0,0,0,0,0,0,0,0,0,0,0,0,0,0,0,600,0,0,0,600,0,5.333333333333333,0,0,0,0,5
20210605210589,2,1,1,50,1,100,4,2,1,1,1,1,1,1,1,1,2,2,1,9,1,0,0,0,0,0,0,0,55,10,0,10,0,45,0,0,0,0,0,0,0,0,0,0,188,170,18,75,0,0,0,0,0,0,60,0,15,0,15,0,0,0,0,15,15,0,0,0,0,15,0,605,0,30,0,575,0,0,0,0,0,0,0,0,0,0,0,0,0,0,0,0,0,0,0,0,0,0,0,0,502,0,0,10,492,0,5.666666666666667,0,0.6666666666666666,0.3333333333333333,1,5.666666666666667
20210605210600,8,1,4,58,2,100,6,3,1,1,1,1,1,1,1,2,2,1,2,10,1,0,0,0,0,0,0,0,0,0,0,0,0,0,0,0,0,0,0,0,0,0,0,0,0,0,0,220,0,90,0,130,0,0,0,0,0,0,150,0,0,0,0,150,150,0,0,0,0,0,0,45,0,45,0,0,0,215,0,60,0,60,90,0,0,0,90,65,0,0,0,0,0,0,0,0,0,0,0,0,810,0,0,75,735,0,5.333333333333333,0,5,3,5,5.333333333333333
20210605210603,4,1,2,38,1,100,1,2,1,1,1,1,1,1,1,3,2,2,2,8,1,515,0,505,0,0,505,10,0,0,0,0,0,0,0,0,0,0,0,0,0,0,0,0,90,90,0,180,0,60,0,60,0,60,0,0,0,0,60,0,0,0,0,60,60,0,0,0,0,60,0,595,0,0,0,595,0,0,0,0,0,0,0,0,0,0,0,0,0,0,0,0,0,0,0,0,0,0,0,0,0,0,0,0,0,0,5,0,3,1,0,5
20210605210609,4,1,2,43,2,131,1,5,1,1,1,1,1,1,1,3,2,2,1,5,1,320,0,195,30,0,165,125,0,0,0,0,0,0,50,45,0,45,5,0,0,0,0,0,90,90,0,340,0,195,0,35,0,60,50,0,0,0,75,0,0,0,30,30,45,15,15,30,0,0,50,475,0,15,0,460,0,40,0,0,0,0,0,0,0,0,20,20,0,0,0,0,0,0,0,0,0,0,0,0,0,0,0,0,0,0,5,0,4,1.3333333333333333,1.6666666666666667,6
20210605210631,5,1,3,55,1,100,1,2,1,1,1,1,1,1,1,2,2,2,2,10,1,0,0,0,0,0,0,0,0,0,0,0,0,0,0,0,0,0,0,0,0,0,0,0,75,75,0,0,0,0,0,0,0,0,0,0,0,0,203,0,0,0,0,83,203,120,120,0,0,83,0,470,0,20,0,450,0,0,0,0,0,0,0,0,0,0,0,0,0,0,0,0,0,0,0,0,0,0,0,0,692,0,0,8,684,0,5.333333333333333,0,1,0,0.3333333333333333,5.333333333333333
20210605210665,2,1,1,27,1,100,4,2,1,1,1,1,1,1,1,2,2,1,2,6,1,0,0,0,0,0,0,0,0,0,0,0,0,0,0,0,0,0,0,0,0,0,0,0,40,40,0,0,0,0,0,0,0,0,0,0,0,0,604,0,0,0,0,604,604,0,0,0,0,0,0,796,0,40,1,755,0,0,0,0,0,0,0,0,0,0,0,0,0,0,0,0,0,0,0,0,0,0,0,0,0,0,0,0,0,0,3,0,3.3333333333333335,1,0,3.6666666666666665
20210605210678,3,1,2,66,2,110,3,3,1,1,1,1,1,1,1,1,2,1,2,7,1,115,0,115,90,0,25,0,0,0,0,0,0,0,20,20,20,0,0,0,0,0,0,0,105,105,0,202,0,202,0,0,0,0,0,0,0,0,150,0,0,0,0,150,150,0,0,0,0,30,0,768,0,35,30,703,0,80,0,10,0,0,30,0,0,0,30,40,0,0,0,0,0,0,0,0,0,0,0,0,0,0,0,0,0,0,5,4,1.3333333333333333,1.3333333333333333,1,5.333333333333333
20210605210696,4,1,2,39,2,100,1,2,1,1,1,1,1,1,1,1,1,2,1,6,1,45,0,45,0,0,45,0,0,0,0,0,0,0,0,0,0,0,0,0,0,0,0,0,75,75,0,220,0,120,0,10,0,90,0,0,0,0,240,0,0,0,0,240,240,0,0,0,0,0,0,601,0,30,0,571,0,259,0,165,0,90,0,0,0,0,0,94,0,0,0,0,0,0,0,0,0,0,0,0,0,0,0,0,0,0,4.333333333333333,0,1,1.6666666666666667,0,5
20210605210703,3,1,1,35,1,110,6,2,1,1,1,1,1,1,1,4,2,2,2,7,1,5,0,5,0,0,5,0,0,0,0,0,0,0,0,0,0,0,0,0,0,0,0,0,60,60,0,0,0,0,0,0,0,0,0,0,0,0,330,0,0,0,0,330,330,0,0,0,0,330,0,505,0,40,0,465,0,0,0,0,0,0,0,0,0,0,0,0,0,0,0,0,0,0,0,0,0,0,0,0,540,0,0,55,485,0,3,3,5,4,0,3.6666666666666665
20210605210708,3,1,1,42,2,131,1,3,1,1,1,1,1,1,1,2,2,2,2,8,1,0,0,0,0,0,0,0,0,0,0,0,0,0,0,0,0,0,0,0,0,0,0,0,60,60,0,125,0,105,15,0,0,0,5,0,0,0,474,0,170,0,0,284,454,170,0,0,20,140,0,660,0,90,0,570,0,121,0,80,0,60,0,0,0,0,0,41,0,0,0,0,0,0,0,0,0,0,0,0,0,0,0,0,0,0,4,1,1,0,0,3.3333333333333335
20210605210710,5,1,3,48,1,100,1,5,1,1,1,1,1,1,1,3,1,2,1,5,1,35,0,35,0,0,35,0,0,0,0,0,0,0,0,0,0,0,0,0,0,0,0,0,145,65,80,135,0,75,30,0,0,0,30,0,0,0,585,0,0,0,360,90,150,60,60,360,75,90,0,520,0,15,0,505,0,20,0,5,0,0,0,0,0,0,0,15,0,0,0,0,0,0,0,0,0,0,0,0,0,0,0,0,0,0,4.333333333333333,0.6666666666666666,3.3333333333333335,2,1.3333333333333333,3.3333333333333335
20210605210730,4,1,2,34,1,110,6,4,1,1,1,1,1,1,1,3,2,2,1,10,1,0,0,0,0,0,0,0,0,0,0,0,0,0,0,0,0,0,0,0,0,0,0,0,67,67,0,0,0,0,0,0,0,0,0,0,0,0,214,0,0,0,0,214,214,0,0,0,0,96,0,557,0,7,0,550,0,20,0,10,0,0,0,0,0,0,0,10,0,3,0,0,0,0,0,3,0,0,0,0,579,0,0,130,449,0,4,0,3.6666666666666665,1,1.6666666666666667,2.6666666666666665
20210605210748,3,1,1,46,2,110,1,4,1,1,1,1,1,1,1,2,2,2,1,4,1,140,0,140,0,20,120,0,0,0,0,0,0,0,0,0,0,0,0,0,0,0,0,0,30,30,0,235,0,145,30,60,0,0,0,0,0,0,0,0,0,0,0,0,0,0,0,0,0,0,0,500,0,0,20,480,0,0,0,0,0,0,0,0,0,0,0,0,0,0,0,0,0,0,0,0,0,0,0,0,535,0,0,0,535,0,5.666666666666667,0.6666666666666666,3.3333333333333335,5,0.3333333333333333,5.666666666666667
20210605210752,2,1,1,54,2,100,6,2,2,1,1,2,1,1,1,3,1,2,2,8,1,80,0,80,0,0,80,0,0,0,0,0,0,0,0,0,0,0,0,0,0,0,0,0,50,50,0,50,0,30,0,20,0,0,0,0,0,0,215,0,0,0,0,215,215,0,0,0,0,215,0,565,0,55,0,510,0,0,0,0,0,0,0,0,0,0,0,0,0,0,0,0,0,0,0,0,0,0,0,0,480,0,0,30,450,0,5.333333333333333,0,3.6666666666666665,1.3333333333333333,0.6666666666666666,5.666666666666667
20210605210776,3,1,1,30,2,100,1,2,1,1,1,1,1,1,1,1,2,2,1,8,1,48,0,48,0,0,48,0,0,0,0,0,0,0,0,0,0,0,0,0,0,0,0,0,15,15,0,268,0,5,2,130,0,90,40,1,0,0,420,0,0,0,0,330,420,90,90,0,0,30,0,597,0,10,0,587,0,92,0,10,0,10,0,0,0,70,70,12,0,0,0,0,0,0,0,0,0,0,0,0,0,0,0,0,0,0,5.333333333333333,0,2.6666666666666665,0.3333333333333333,0,4.666666666666667
20210605210777,5,1,2,54,2,100,1,1,2,1,1,2,1,1,1,1,2,2,1,8,1,10,0,10,0,0,10,0,0,0,0,0,0,0,0,0,0,0,0,0,0,0,0,0,120,115,5,290,0,30,0,245,0,15,0,0,0,0,190,0,0,0,0,190,190,0,0,0,0,190,120,485,0,60,0,425,0,225,0,180,0,0,0,0,0,0,0,45,0,0,0,0,0,0,0,0,0,0,0,0,0,0,0,0,0,0,6,0,0,0,0,6
20210605210783,3,1,1,40,2,110,6,2,2,1,1,1,1,2,1,3,2,2,2,7,1,0,0,0,0,0,0,0,0,0,0,0,0,0,0,0,0,0,0,0,0,0,0,0,135,135,0,20,0,20,0,0,0,0,0,0,0,0,465,0,60,0,0,360,420,60,0,0,45,240,0,820,0,150,0,670,0,0,0,0,0,0,0,0,0,0,0,0,0,0,0,0,0,0,0,0,0,0,0,0,0,0,0,0,0,0,5.666666666666667,0,4.666666666666667,0,4.666666666666667,4.666666666666667
20210605210818,3,1,1,38,2,100,1,2,1,1,1,1,1,1,1,3,2,2,2,8,1,101,0,71,0,0,71,30,0,0,0,0,0,0,0,0,0,0,0,0,0,0,0,0,160,130,30,0,0,0,0,0,0,0,0,0,0,0,120,0,0,0,0,120,120,0,0,0,0,120,0,564,0,15,0,549,0,0,0,0,0,0,0,0,0,0,0,0,0,0,0,0,0,0,0,0,0,0,0,0,495,0,0,0,495,0,5.333333333333333,0,2.3333333333333335,1.6666666666666667,0,4.666666666666667
20210605210819,7,1,2,35,1,100,1,3,1,1,1,1,1,1,1,1,2,2,2,8,1,25,0,15,0,0,15,10,0,0,0,0,0,0,0,0,0,0,0,0,0,0,0,0,15,15,0,80,0,70,0,10,0,0,0,0,0,0,364,0,0,0,135,200,225,25,25,135,4,180,0,475,0,70,0,405,0,15,0,5,0,0,0,0,0,0,0,10,0,0,0,0,0,0,0,0,0,0,0,0,466,0,0,34,432,0,5.333333333333333,0,2,0.6666666666666666,1,5
20210605210821,4,1,1,48,1,100,1,1,1,1,1,1,1,1,1,2,2,1,2,8,1,0,0,0,0,0,0,0,80,75,0,75,0,5,0,0,0,0,0,0,0,0,0,0,30,30,0,20,0,0,20,0,0,0,0,0,0,0,110,0,0,0,0,80,105,25,25,0,5,80,0,450,0,0,0,450,0,0,0,0,0,0,0,0,0,0,0,0,0,0,0,0,0,0,0,0,0,0,0,0,750,0,0,0,750,0,3.6666666666666665,0,3,2,0.6666666666666666,4.666666666666667
20210605210825,5,1,3,43,2,100,1,2,1,1,1,1,1,1,1,1,2,2,2,10,1,40,0,40,0,0,40,0,0,0,0,0,0,0,0,0,0,0,0,0,0,0,0,0,90,90,0,450,0,130,50,120,0,120,0,0,30,0,385,0,0,0,45,65,330,265,265,45,10,30,0,405,0,100,0,305,0,0,0,0,0,0,0,0,0,0,0,0,0,70,0,0,0,0,0,70,0,0,0,0,0,0,0,0,0,0,6,0,0,0,0,6
20210605210831,3,1,1,47,2,100,4,4,1,1,1,1,1,1,1,2,2,1,1,6,1,60,0,60,0,0,60,0,0,0,0,0,0,0,15,0,0,0,15,0,0,0,0,0,70,70,0,360,0,110,15,135,10,70,20,0,0,0,105,0,0,0,0,105,105,0,0,0,0,0,15,510,0,30,0,480,0,305,0,235,0,55,0,0,0,0,0,70,0,0,0,0,0,0,0,0,0,0,0,0,0,0,0,0,0,0,4.666666666666667,0,0.6666666666666666,0,0,3
20210605210832,6,1,2,58,2,100,1,5,1,1,1,1,1,1,1,3,2,1,3,1,1,0,0,0,0,0,0,0,0,0,0,0,0,0,0,0,0,0,0,0,0,0,0,0,265,265,0,35,0,35,0,0,0,0,0,0,0,0,485,0,0,0,0,210,310,100,100,0,175,80,145,510,0,30,0,480,0,0,0,0,0,0,0,0,0,0,0,0,0,0,0,0,0,0,0,0,0,0,0,0,0,0,0,0,0,0,4.666666666666667,3,4.333333333333333,5,5.666666666666667,5
20210605210876,4,1,1,27,1,100,1,4,1,1,1,1,1,1,1,1,2,2,1,8,1,0,0,0,0,0,0,0,0,0,0,0,0,0,0,0,0,0,0,0,0,0,0,0,215,200,15,0,0,0,0,0,0,0,0,0,0,0,120,0,0,0,0,120,120,0,0,0,0,120,0,595,0,10,0,585,0,45,0,30,0,0,0,0,0,0,0,15,0,0,0,0,0,0,0,0,0,0,0,0,465,0,0,30,435,0,6,0,1.3333333333333333,0.3333333333333333,0,6
20210605210895,3,1,1,30,2,100,1,3,1,1,1,1,1,1,1,3,2,1,2,7,1,395,0,395,0,0,395,0,0,0,0,0,0,0,0,0,0,0,0,0,0,0,0,0,20,20,0,225,0,105,0,120,0,0,0,0,0,0,245,0,0,0,0,245,245,0,0,0,0,85,45,510,0,0,0,510,0,0,0,0,0,0,0,0,0,0,0,0,0,0,0,0,0,0,0,0,0,0,0,0,0,0,0,0,0,0,4.666666666666667,0.6666666666666666,4,2.3333333333333335,0,4.666666666666667
20210605210897,5,1,3,39,2,110,1,2,1,1,1,1,1,1,1,2,2,2,2,10,1,200,0,200,0,0,200,0,0,0,0,0,0,0,0,0,0,0,0,0,0,0,0,0,90,90,0,90,0,60,0,0,0,0,0,0,0,30,510,0,0,0,90,0,365,365,365,90,55,0,0,450,0,60,0,390,0,0,0,0,0,0,0,0,0,0,0,0,0,100,0,0,0,0,0,80,0,20,0,0,0,0,0,0,0,0,6,0,0.6666666666666666,0,0,6
20210605210900,3,1,1,36,2,100,1,1,1,1,1,1,1,1,1,2,2,2,2,10,1,109,0,74,0,0,74,35,0,0,0,0,0,0,0,0,0,0,0,0,0,0,0,0,65,65,0,75,0,45,0,0,0,0,30,0,0,0,176,0,0,0,45,131,131,0,0,45,0,61,0,485,0,20,0,465,0,50,0,40,0,20,0,0,0,0,0,10,0,0,0,0,0,0,0,0,0,0,0,0,480,0,0,0,480,0,6,0,1.6666666666666667,1,0,6
20210605210907,3,1,2,36,2,100,4,3,1,1,1,1,1,1,1,2,2,2,1,8,1,136,0,56,15,0,41,80,0,0,0,0,0,0,77,17,15,2,60,0,150,0,150,0,55,55,0,195,0,105,0,90,0,0,0,0,0,0,224,0,0,0,0,224,224,0,0,0,0,209,0,518,0,0,0,518,0,85,0,35,0,15,0,0,0,0,0,50,0,0,0,0,0,0,0,0,0,0,0,0,0,0,0,0,0,0,5.666666666666667,0,5.333333333333333,0.6666666666666666,0,6
20210605210913,5,1,3,42,1,100,1,2,1,1,1,1,1,1,1,2,2,2,1,7,1,60,0,60,0,0,60,0,0,0,0,0,0,0,0,0,0,0,0,0,0,0,0,0,230,180,35,235,0,0,20,0,0,0,0,0,215,0,135,0,0,0,0,125,125,0,0,0,10,0,0,730,0,90,0,640,0,50,0,30,0,0,0,0,0,0,0,20,0,0,0,0,0,0,0,0,0,0,0,0,0,0,0,0,0,0,5.333333333333333,0,3.3333333333333335,0.6666666666666666,0,3
20210605210922,3,1,1,36,2,131,1,2,1,1,1,1,1,1,1,1,2,2,2,8,1,5,0,5,0,0,5,0,0,0,0,0,0,0,30,0,0,0,30,0,0,0,0,0,75,60,0,115,0,85,5,15,0,10,0,0,0,0,422,0,0,0,0,232,422,190,190,0,0,157,0,640,0,0,0,640,0,153,0,115,0,0,0,0,0,0,0,38,0,0,0,0,0,0,0,0,0,0,0,0,0,0,0,0,0,0,5.666666666666667,0,1.3333333333333333,2.3333333333333335,0,5.333333333333333
20210605210934,4,1,2,35,2,100,1,3,1,1,1,1,1,1,1,3,2,2,2,8,1,271,0,271,0,20,251,0,0,0,0,0,0,0,0,0,0,0,0,0,0,0,0,0,135,135,0,230,0,110,55,65,0,0,0,0,0,0,217,0,0,0,0,175,217,42,42,0,0,40,30,448,0,50,0,398,0,109,0,71,0,15,0,0,0,0,0,38,0,0,0,0,0,0,0,0,0,0,0,0,0,0,0,0,0,0,4,0,3,3,1.3333333333333333,4
20210605210937,3,1,1,51,2,100,1,1,1,1,1,1,1,1,1,1,2,2,2,10,1,330,0,210,0,0,210,120,0,0,0,0,0,0,0,0,0,0,0,0,0,0,0,0,30,30,0,380,120,50,0,180,0,0,30,0,0,0,180,0,0,0,0,180,180,0,0,0,0,180,0,520,0,30,0,490,0,0,0,0,0,0,0,0,0,0,0,0,0,0,0,0,0,0,0,0,0,0,0,0,0,0,0,0,0,0,6,0,4,2,2,6
20210605210961,4,1,2,42,1,100,1,1,1,1,1,1,1,1,1,1,2,2,2,9,1,80,0,80,0,0,80,0,0,0,0,0,0,0,0,0,0,0,0,0,0,0,0,0,145,135,10,0,0,0,0,0,0,0,0,0,0,0,0,0,0,0,0,0,0,0,0,0,0,0,0,420,0,90,0,330,0,0,0,0,0,0,0,0,0,0,0,0,0,75,0,0,0,0,0,75,0,0,0,0,720,0,0,60,660,0,4.5,0,1.5,0,0,5
20210605210977,4,1,2,42,2,100,1,1,1,1,1,1,1,1,1,2,2,1,2,10,1,65,0,65,0,5,60,0,0,0,0,0,0,0,10,0,0,0,10,0,0,0,0,0,95,90,5,150,0,30,0,120,0,0,0,0,0,0,120,0,0,0,0,120,120,0,0,0,0,60,0,530,0,110,0,420,0,70,0,45,0,0,0,0,0,0,0,25,0,0,0,0,0,0,0,0,0,0,0,0,400,0,0,105,295,0,5.333333333333333,0,2.6666666666666665,0,0,5.666666666666667
20210605211009,3,1,1,39,2,120,6,1,1,1,1,1,1,1,1,2,2,2,2,9,1,18,0,17,0,0,17,1,270,255,7,248,0,15,5,1,0,1,4,0,0,0,0,0,20,20,0,196,0,5,2,92,0,80,0,10,7,0,408,0,0,0,61,103,338,235,235,61,9,0,0,516,0,15,50,451,0,0,0,0,0,0,0,0,0,0,0,0,0,7,0,0,0,0,0,7,0,0,0,0,0,0,0,0,0,0,5,0,1.3333333333333333,1.3333333333333333,0,5
20210605211028,2,1,1,42,2,100,6,2,1,1,1,1,1,1,1,1,2,2,1,5,1,0,0,0,0,0,0,0,0,0,0,0,0,0,0,0,0,0,0,0,0,0,0,0,20,20,0,480,0,80,0,70,0,180,150,0,0,0,130,0,0,0,0,20,130,110,110,0,0,20,0,810,0,30,0,780,0,0,0,0,0,0,0,0,0,0,0,0,0,0,0,0,0,0,0,0,0,0,0,0,0,0,0,0,0,0,3.3333333333333335,0,0,0.6666666666666666,0,1
20210605211031,4,1,1,55,1,100,1,1,1,1,1,1,1,1,1,1,2,2,2,10,1,0,0,0,0,0,0,0,0,0,0,0,0,0,0,0,0,0,0,0,0,0,0,0,140,140,0,0,0,0,0,0,0,0,0,0,0,0,120,0,0,0,0,120,120,0,0,0,0,120,0,670,0,60,0,610,0,0,0,0,0,0,0,0,0,0,0,0,0,0,0,0,0,0,0,0,0,0,0,0,510,0,0,60,450,0,6,0,3,0,0,6
20210605211032,4,1,2,49,1,110,1,3,1,1,1,1,1,1,1,3,2,2,1,5,1,241,0,241,0,0,241,0,0,0,0,0,0,0,130,0,0,0,130,0,0,0,0,0,75,75,0,90,0,50,0,5,0,5,30,0,0,0,294,0,0,0,90,26,184,158,158,90,20,0,0,540,0,0,0,540,0,70,0,0,0,0,60,0,0,0,60,10,0,0,0,0,0,0,0,0,0,0,0,0,0,0,0,0,0,0,3.6666666666666665,2.3333333333333335,3,3,0,3
20210605211038,3,1,1,55,1,100,1,2,1,1,1,1,1,1,1,2,2,2,1,7,1,60,0,60,0,0,60,0,0,0,0,0,0,0,0,0,0,0,0,0,0,0,0,0,105,105,0,120,0,0,0,120,0,0,0,0,0,0,495,0,0,0,0,495,495,0,0,0,0,255,0,660,0,15,0,645,0,0,0,0,0,0,0,0,0,0,0,0,0,0,0,0,0,0,0,0,0,0,0,0,0,0,0,0,0,0,5.666666666666667,0,0.3333333333333333,0,0.3333333333333333,5
20210605211050,4,1,2,50,1,132,1,2,1,1,1,1,1,1,1,2,1,2,2,8,1,90,0,90,0,0,90,0,0,0,0,0,0,0,0,0,0,0,0,0,0,0,0,0,60,60,0,150,0,60,0,90,0,0,0,0,0,0,240,0,0,0,180,0,0,0,0,180,60,0,0,620,0,60,0,560,0,0,0,0,0,0,0,0,0,0,0,0,0,0,0,0,0,0,0,0,0,0,0,0,280,0,0,0,280,0,5,0.3333333333333333,2.3333333333333335,1,0.3333333333333333,5.666666666666667
20210605211075,3,1,1,41,2,100,6,4,1,1,1,1,1,1,1,4,2,1,2,5,1,0,0,0,0,0,0,0,0,0,0,0,0,0,185,0,0,0,185,0,0,0,0,0,15,15,0,30,0,30,0,0,0,0,0,0,0,0,5,0,0,0,0,5,5,0,0,0,0,0,0,595,0,95,0,500,0,65,0,5,0,0,0,0,0,0,0,60,0,0,0,0,0,0,0,0,0,0,0,0,545,0,0,30,515,0,4.666666666666667,5,6,6,3,6
20210605211078,5,1,3,42,1,100,1,5,1,1,1,1,1,1,1,1,1,1,2,7,1,155,0,145,0,0,145,10,0,0,0,0,0,0,135,0,0,0,135,0,0,0,0,0,60,60,0,155,0,155,0,0,0,0,0,0,0,0,220,0,0,0,60,150,150,0,0,60,10,150,0,595,0,0,40,555,0,120,0,0,0,0,60,0,0,0,60,60,0,0,0,0,0,0,0,0,0,0,0,0,0,0,0,0,0,0,6,0,3,0,2,6
20210605211085,5,1,3,25,1,120,1,2,1,1,1,1,1,1,1,1,2,2,1,10,1,110,5,105,0,0,105,0,0,0,0,0,0,0,0,0,0,0,0,0,0,0,0,0,70,70,0,0,0,0,0,0,0,0,0,0,0,0,520,0,0,0,0,460,520,60,60,0,0,330,0,540,0,60,0,480,0,90,0,55,0,45,0,0,0,0,0,35,0,0,0,0,0,0,0,0,0,0,0,0,110,0,0,20,90,0,5.333333333333333,0,0,1,0,4
20210605211117,4,1,2,34,2,100,1,2,1,1,1,1,1,1,1,1,2,2,2,9,1,15,0,15,0,0,15,0,0,0,0,0,0,0,0,0,0,0,0,0,0,0,0,0,30,30,0,180,0,60,0,120,0,0,0,0,0,0,435,0,0,0,0,240,405,165,165,0,30,240,0,780,0,0,0,780,0,0,0,0,0,0,0,0,0,0,0,0,0,0,0,0,0,0,0,0,0,0,0,0,0,0,0,0,0,0,5.666666666666667,0,0,0,0,5.666666666666667
20210605211121,11,1,5,29,1,100,1,3,1,1,1,1,1,1,1,3,2,2,2,8,1,240,0,240,0,0,240,0,0,0,0,0,0,0,0,0,0,0,0,0,0,0,0,0,0,0,0,225,0,75,0,150,0,0,0,0,0,0,150,0,0,0,0,150,150,0,0,0,0,120,0,210,0,30,0,180,0,0,0,0,0,0,0,0,0,0,0,0,0,0,0,0,0,0,0,0,0,0,0,0,615,0,0,40,575,0,5.333333333333333,3.3333333333333335,1.3333333333333333,4.666666666666667,0,5.666666666666667
20210605211182,3,1,1,31,2,110,1,2,1,1,1,1,1,1,1,2,1,2,1,8,1,190,0,190,0,0,190,0,0,0,0,0,0,0,0,0,0,0,0,0,0,0,0,0,70,70,0,110,0,110,0,0,0,0,0,0,0,0,120,0,0,0,0,120,120,0,0,0,0,90,0,770,0,75,0,695,0,180,0,120,0,120,0,0,0,0,0,60,0,0,0,0,0,0,0,0,0,0,0,0,0,0,0,0,0,0,5.666666666666667,0,0.6666666666666666,0.3333333333333333,0,6
20210605211186,4,1,2,40,2,100,1,1,1,1,1,1,1,1,1,1,2,2,1,10,1,125,0,125,0,0,125,0,45,0,0,0,25,20,0,0,0,0,0,0,0,0,0,0,55,55,0,180,0,75,90,15,0,0,0,0,0,0,220,0,0,0,30,98,188,90,90,30,2,98,180,555,0,45,0,510,0,80,0,60,0,60,0,0,0,0,0,20,0,0,0,0,0,0,0,0,0,0,0,0,0,0,0,0,0,0,6,0,0,0,0,5.666666666666667
20210605211189,4,1,1,80,2,100,3,3,2,1,1,2,1,1,1,2,1,2,2,5,1,0,0,0,0,0,0,0,35,30,30,0,0,5,0,0,0,0,0,0,0,0,0,0,50,50,0,85,0,40,0,0,0,45,0,0,0,0,390,0,0,0,0,270,375,105,105,0,15,180,65,710,0,30,0,680,0,0,0,0,0,0,0,0,0,0,0,0,0,105,0,0,0,0,0,75,0,30,0,0,0,0,0,0,0,0,2,0,3.5,1.5,2,5
20210605211199,5,1,3,39,2,100,1,1,1,1,1,1,1,1,1,3,2,1,2,9,1,90,90,0,0,0,0,0,0,0,0,0,0,0,0,0,0,0,0,0,0,0,0,0,30,30,0,285,0,240,0,45,0,0,0,0,0,0,480,0,0,0,45,435,435,0,0,45,0,0,0,480,0,0,0,480,0,60,0,60,0,0,0,0,0,0,0,0,0,0,0,0,0,0,0,0,0,0,0,0,15,0,0,0,15,0,5,0,2,1,1.3333333333333333,3.6666666666666665
20210605211202,3,1,1,35,2,100,1,2,1,1,1,1,1,1,1,2,2,1,1,6,1,210,0,210,0,0,210,0,0,0,0,0,0,0,0,0,0,0,0,0,0,0,0,0,60,50,10,25,0,15,10,0,0,0,0,0,0,0,398,0,0,0,300,88,88,0,0,300,10,88,0,610,0,15,0,595,0,137,0,115,0,10,0,0,0,0,0,22,0,0,0,0,0,0,0,0,0,0,0,0,0,0,0,0,0,0,4.666666666666667,1.6666666666666667,2.6666666666666665,3,1,6
20210605211212,4,1,1,57,1,100,1,4,1,1,1,1,1,1,1,1,2,2,1,9,1,0,0,0,0,0,0,0,222,0,0,0,182,40,0,0,0,0,0,0,0,0,0,0,135,135,0,155,0,135,0,0,0,0,0,0,0,20,473,0,0,0,0,383,433,50,50,0,40,383,0,455,0,20,0,435,0,0,0,0,0,0,0,0,0,0,0,0,0,0,0,0,0,0,0,0,0,0,0,0,0,0,0,0,0,0,6,0,0,0,0,6
20210605211216,5,1,3,34,2,100,1,2,1,1,1,1,1,1,1,2,1,2,1,8,1,320,0,305,0,0,305,15,0,0,0,0,0,0,0,0,0,0,0,0,0,0,0,0,30,30,0,75,0,50,0,0,0,15,10,0,0,0,460,0,75,0,0,350,425,75,0,0,35,335,0,495,0,15,0,480,0,60,0,30,0,0,0,0,0,0,0,30,0,0,0,0,0,0,0,0,0,0,0,0,0,0,0,0,0,0,3,0.3333333333333333,3.6666666666666665,0,0,3
20210605211235,4,1,2,57,2,100,1,2,1,1,1,1,1,1,1,3,2,2,2,6,1,30,0,30,0,0,30,0,0,0,0,0,0,0,60,60,60,0,0,0,0,0,0,0,105,105,0,215,0,50,75,90,0,0,0,0,0,0,150,0,0,0,0,105,150,45,45,0,0,105,0,685,0,30,0,655,0,0,0,0,0,0,0,0,0,0,0,0,0,195,0,0,0,0,0,135,0,60,0,0,0,0,0,0,0,0,4.666666666666667,0.3333333333333333,2.3333333333333335,0,2,4
20210605211255,4,1,2,41,1,100,1,2,1,1,1,1,1,1,1,1,1,2,2,10,1,0,0,0,0,0,0,0,0,0,0,0,0,0,0,0,0,0,0,0,210,0,210,0,45,45,0,0,0,0,0,0,0,0,0,0,0,0,165,0,0,0,0,165,165,0,0,0,0,150,75,375,0,45,0,330,0,0,0,0,0,0,0,0,0,0,0,0,0,0,0,0,0,0,0,0,0,0,0,0,570,0,0,27,543,0,4.666666666666667,0,1.6666666666666667,0.3333333333333333,0,4.333333333333333
20210605211261,5,1,3,33,2,100,6,3,1,1,1,1,1,1,1,2,2,2,2,6,1,420,0,420,0,0,420,0,0,0,0,0,0,0,0,0,0,0,0,0,0,0,0,0,138,135,3,367,0,143,0,222,0,0,0,0,2,0,105,0,0,0,0,105,105,0,0,0,0,105,0,345,0,0,0,345,0,65,0,53,0,0,0,0,0,0,0,12,0,0,0,0,0,0,0,0,0,0,0,0,0,0,0,0,0,0,4.333333333333333,0,0.6666666666666666,0.6666666666666666,0,2.6666666666666665
20210605211275,4,1,2,38,1,100,1,3,1,1,1,1,1,1,1,2,1,2,3,8,1,283,0,283,0,0,283,0,0,0,0,0,0,0,0,0,0,0,0,0,0,0,0,0,90,90,0,85,0,40,0,45,0,0,0,0,0,0,427,0,0,0,105,292,292,0,0,105,30,292,0,555,0,30,0,525,0,0,0,0,0,0,0,0,0,0,0,0,0,0,0,0,0,0,0,0,0,0,0,0,0,0,0,0,0,0,2.3333333333333335,0,2.3333333333333335,2,0,1.6666666666666667
20210605211298,4,1,2,38,1,100,1,4,1,1,1,1,1,1,1,3,1,2,2,1,1,10,0,10,0,0,10,0,0,0,0,0,0,0,0,0,0,0,0,0,0,0,0,0,20,20,0,20,0,20,0,0,0,0,0,0,0,0,485,0,0,0,130,305,325,20,20,130,30,95,0,880,0,90,0,790,0,25,0,15,0,15,0,0,0,0,0,10,0,0,0,0,0,0,0,0,0,0,0,0,0,0,0,0,0,0,3,1.6666666666666667,4,2,3.6666666666666665,4.333333333333333
20210605211300,6,1,4,27,2,100,1,2,1,1,1,1,1,1,1,3,2,2,2,10,1,570,0,570,0,0,570,0,0,0,0,0,0,0,0,0,0,0,0,0,0,0,0,0,25,25,0,102,0,42,0,60,0,0,0,0,0,0,120,0,0,0,0,120,120,0,0,0,0,120,0,623,0,0,0,623,0,0,0,0,0,0,0,0,0,0,0,0,0,0,0,0,0,0,0,0,0,0,0,0,0,0,0,0,0,0,6,0,1.6666666666666667,0.3333333333333333,0,5
20210605211306,3,1,1,30,2,100,1,4,1,1,1,1,1,1,1,4,2,1,3,7,1,420,0,420,0,240,180,0,0,0,0,0,0,0,0,0,0,0,0,0,0,0,0,0,30,30,0,270,0,240,0,15,0,0,15,0,0,0,285,0,0,0,0,285,285,0,0,0,0,180,0,345,0,0,0,345,0,90,0,60,0,60,0,0,0,0,0,30,0,0,0,0,0,0,0,0,0,0,0,0,0,0,0,0,0,0,4.666666666666667,0.3333333333333333,5.333333333333333,1.6666666666666667,3.6666666666666665,4.666666666666667
20210605211310,6,1,3,45,2,100,1,2,1,1,1,1,1,1,1,2,2,2,2,8,1,60,0,60,0,0,60,0,0,0,0,0,0,0,0,0,0,0,0,0,0,0,0,0,10,10,0,0,0,0,0,0,0,0,0,0,0,0,80,0,0,0,0,80,80,0,0,0,0,80,0,525,0,45,0,480,0,0,0,0,0,0,0,0,0,0,0,0,0,0,0,0,0,0,0,0,0,0,0,0,765,0,0,30,735,0,6,0,2.3333333333333335,1,0,5.333333333333333
20210605211315,2,1,1,41,1,100,4,3,1,1,1,1,1,1,1,2,2,1,1,6,1,0,0,0,0,0,0,0,0,0,0,0,0,0,0,0,0,0,0,0,0,0,0,0,62,60,2,30,0,30,0,0,0,0,0,0,0,0,360,0,0,0,0,240,360,120,120,0,0,240,0,562,0,60,0,502,0,0,0,0,0,0,0,0,0,0,0,0,0,0,0,0,0,0,0,0,0,0,0,0,426,0,0,6,420,0,3,1.3333333333333333,1,1.3333333333333333,0,4
20210605211338,2,1,1,33,2,201,6,2,2,1,1,1,1,1,2,2,2,2,2,7,1,0,0,0,0,0,0,0,0,0,0,0,0,0,0,0,0,0,0,0,0,0,0,0,70,60,10,60,0,0,0,0,0,60,0,0,0,0,168,0,0,0,0,168,168,0,0,0,0,60,2,530,0,90,0,440,0,40,0,5,0,0,0,0,0,0,0,35,0,87,0,0,0,0,0,0,2,84,3,3,483,0,0,30,453,0,4.666666666666667,0,1.6666666666666667,2.3333333333333335,0,4.333333333333333
20210605211342,4,1,2,39,2,100,1,5,1,1,1,1,1,1,1,4,2,2,1,6,1,373,0,370,0,5,365,3,0,0,0,0,0,0,0,0,0,0,0,0,0,0,0,0,50,50,0,73,0,13,60,0,0,0,0,0,0,0,384,0,0,0,0,108,373,265,265,0,11,0,0,535,0,46,0,489,0,0,0,0,0,0,0,0,0,0,0,0,0,0,0,0,0,0,0,0,0,0,0,0,25,0,0,0,25,0,2.6666666666666665,0.6666666666666666,6,4,0,3.6666666666666665
20210605211343,5,1,3,68,2,100,1,4,1,1,1,1,1,1,1,2,2,2,2,8,1,90,0,90,0,0,90,0,0,0,0,0,0,0,0,0,0,0,0,0,0,0,0,0,120,75,45,60,0,60,0,0,0,0,0,0,0,0,240,0,0,0,180,60,60,0,0,180,0,60,0,705,0,105,0,600,0,0,0,0,0,0,0,0,0,0,0,0,0,225,0,0,0,0,0,120,45,60,45,45,0,0,0,0,0,0,4.333333333333333,0.6666666666666666,2.3333333333333335,3.6666666666666665,2,5.333333333333333
20210605211358,3,1,1,34,1,100,1,2,1,1,1,1,1,1,1,2,2,2,2,7,1,30,0,30,0,0,30,0,0,0,0,0,0,0,0,0,0,0,0,0,0,0,0,0,90,90,0,0,0,0,0,0,0,0,0,0,0,0,105,0,0,0,0,105,105,0,0,0,0,105,0,480,0,45,0,435,0,0,0,0,0,0,0,0,0,0,0,0,0,0,0,0,0,0,0,0,0,0,0,0,735,0,0,90,645,0,3.3333333333333335,0,2.3333333333333335,1.6666666666666667,0,2.3333333333333335
20210605211362,3,1,1,48,2,100,1,3,1,1,1,1,1,1,1,3,2,1,3,7,1,0,0,0,0,0,0,0,130,120,0,120,0,10,0,0,0,0,0,0,0,0,0,0,45,45,0,0,0,0,0,0,0,0,0,0,0,0,98,0,0,0,0,98,98,0,0,0,0,38,0,560,0,35,5,520,0,37,0,10,0,0,0,0,0,0,0,27,0,0,0,0,0,0,0,0,0,0,0,0,570,0,0,30,540,0,1.5,3,6,4.5,4,6
20210605211363,4,1,2,42,2,100,1,1,1,1,1,1,1,1,1,3,2,2,3,8,1,0,0,0,0,0,0,0,0,0,0,0,0,0,0,0,0,0,0,0,0,0,0,0,55,55,0,20,0,20,0,0,0,0,0,0,0,0,150,0,0,0,0,150,150,0,0,0,0,150,0,620,0,50,0,570,0,85,0,40,0,30,0,0,0,0,0,45,0,0,0,0,0,0,0,0,0,0,0,0,510,0,0,0,510,0,4.5,1.5,0.5,3.5,0,6
20210605211392,4,1,2,41,2,131,1,2,1,1,1,1,1,1,1,2,2,2,1,8,1,35,0,35,0,0,35,0,0,0,0,0,0,0,0,0,0,0,0,0,0,0,0,0,50,50,0,0,0,0,0,0,0,0,0,0,0,0,130,0,0,0,0,130,130,0,0,0,0,130,0,495,0,45,0,450,0,60,0,15,0,0,0,0,0,0,0,45,0,0,0,0,0,0,0,0,0,0,0,0,670,0,0,40,630,0,4,0.3333333333333333,3,2,0,1.3333333333333333
20210605211395,3,1,1,51,1,100,1,2,2,1,1,2,1,1,1,1,2,2,2,9,1,60,0,60,0,0,60,0,0,0,0,0,0,0,0,0,0,0,0,0,0,0,0,0,90,90,0,450,0,330,0,120,0,0,0,0,0,0,300,0,0,0,60,120,240,120,120,60,0,60,0,540,0,60,0,480,0,0,0,0,0,0,0,0,0,0,0,0,0,0,0,0,0,0,0,0,0,0,0,0,0,0,0,0,0,0,5,0,2,0.6666666666666666,0.3333333333333333,5.333333333333333
20210605211428,3,1,2,40,2,110,3,4,1,1,1,1,1,1,1,1,1,2,1,5,1,390,0,390,0,0,390,0,0,0,0,0,0,0,0,0,0,0,0,0,120,0,120,0,90,90,0,360,0,330,0,30,0,0,0,0,0,0,300,0,0,0,0,300,300,0,0,0,0,240,90,90,0,0,0,90,0,0,0,0,0,0,0,0,0,0,0,0,0,0,0,0,0,0,0,0,0,0,0,0,0,0,0,0,0,0,5.666666666666667,2,5.333333333333333,2,2,5.666666666666667
20210605211450,3,1,1,50,2,100,1,3,1,1,1,1,1,1,1,3,2,2,2,8,1,90,0,90,30,0,60,0,0,0,0,0,0,0,0,0,0,0,0,0,0,0,0,0,210,170,20,120,0,0,40,20,0,60,0,0,0,0,260,0,0,0,0,215,260,45,45,0,0,155,0,675,0,90,0,585,0,85,0,60,0,0,0,0,0,0,0,25,0,0,0,0,0,0,0,0,0,0,0,0,0,0,0,0,0,0,5,0.5,4.5,3,1,6
20210605211476,5,1,1,62,2,100,1,1,1,1,1,1,1,1,1,1,2,1,2,10,1,0,0,0,0,0,0,0,25,25,0,25,0,0,30,0,0,0,30,0,0,0,0,0,50,50,0,410,0,25,0,370,0,15,0,0,0,0,215,0,0,0,20,195,195,0,0,20,0,0,0,680,0,31,0,649,0,0,0,0,0,0,0,0,0,0,0,0,0,30,30,0,0,0,0,0,0,0,30,30,0,0,0,0,0,0,6,0,1.3333333333333333,0,2,6
20210605211479,3,1,1,37,2,100,1,2,1,1,1,1,1,1,1,2,2,2,1,7,1,335,0,335,0,0,335,0,0,0,0,0,0,0,0,0,0,0,0,0,0,0,0,0,135,135,0,25,0,25,0,0,0,0,0,0,0,0,235,0,0,0,45,190,190,0,0,45,0,0,140,565,0,5,0,560,0,5,0,5,0,0,0,0,0,0,0,0,0,0,0,0,0,0,0,0,0,0,0,0,0,0,0,0,0,0,3.6666666666666665,0,2.6666666666666665,1.3333333333333333,0.3333333333333333,4
20210605211480,4,1,2,33,2,100,1,2,1,1,1,1,1,1,1,2,2,2,2,7,1,105,0,95,0,0,95,10,0,0,0,0,0,0,0,0,0,0,0,0,90,0,90,0,133,90,43,50,0,35,0,0,0,0,0,0,15,0,120,0,0,0,0,90,120,30,30,0,0,60,0,402,0,60,0,342,0,40,0,15,0,0,0,0,0,0,0,25,0,0,0,0,0,0,0,0,0,0,0,0,500,0,0,45,455,0,4,1.3333333333333333,3.3333333333333335,2.3333333333333335,0,3.6666666666666665
20210605211482,3,1,1,50,1,100,1,3,1,1,1,1,1,1,1,2,1,1,2,8,1,0,0,0,0,0,0,0,0,0,0,0,0,0,0,0,0,0,0,0,0,0,0,0,75,75,0,30,0,30,0,0,0,0,0,0,0,0,125,0,0,0,0,125,125,0,0,0,0,125,0,505,0,25,0,480,0,0,0,0,0,0,0,0,0,0,0,0,0,0,0,0,0,0,0,0,0,0,0,0,705,0,0,165,540,0,5.333333333333333,0,4.666666666666667,1.3333333333333333,2.6666666666666665,5.666666666666667
20210605211492,4,1,2,29,2,100,1,1,1,1,1,1,1,1,1,1,2,2,2,9,1,15,0,15,0,0,15,0,0,0,0,0,0,0,0,0,0,0,0,0,0,0,0,0,170,150,20,5,0,5,0,0,0,0,0,0,0,0,125,0,100,0,0,0,100,100,0,0,25,0,0,775,0,90,0,685,0,285,0,70,0,0,0,180,0,0,0,35,180,65,0,0,0,0,0,60,0,5,0,0,0,0,0,0,0,0,5,0,2.6666666666666665,0.6666666666666666,0,4
20210605211493,4,1,2,31,1,100,1,4,1,1,1,1,1,1,1,2,2,2,1,5,1,375,0,375,0,0,375,0,0,0,0,0,0,0,0,0,0,0,0,0,0,0,0,0,165,105,60,0,0,0,0,0,0,0,0,0,0,0,0,0,0,0,0,0,0,0,0,0,0,0,0,900,0,20,0,880,0,0,0,0,0,0,0,0,0,0,0,0,0,0,0,0,0,0,0,0,0,0,0,0,0,0,0,0,0,0,5,0,2,0.3333333333333333,0.3333333333333333,6
20210605211499,5,1,3,36,1,100,1,1,1,1,1,1,1,1,1,1,2,2,1,8,1,230,0,190,0,0,190,40,0,0,0,0,0,0,0,0,0,0,0,0,0,0,0,0,75,75,0,0,0,0,0,0,0,0,0,0,0,0,60,0,0,0,0,60,60,0,0,0,0,30,0,500,0,80,0,420,0,30,0,10,0,0,0,0,0,0,0,20,0,0,0,0,0,0,0,0,0,0,0,0,545,0,0,60,485,0,6,0,2,0,0,5.333333333333333
20210605211507,2,1,1,26,2,100,6,4,1,1,1,1,1,1,1,1,2,2,2,5,1,30,0,30,0,0,30,0,0,0,0,0,0,0,0,0,0,0,0,0,0,0,0,0,40,40,0,182,0,182,0,0,0,0,0,0,0,0,306,0,0,0,0,120,300,180,180,0,6,120,0,882,0,30,0,852,0,0,0,0,0,0,0,0,0,0,0,0,0,0,0,0,0,0,0,0,0,0,0,0,0,0,0,0,0,0,6,0,2,1,0,4
20210605211527,5,1,3,33,2,100,1,3,1,1,1,1,1,1,1,3,2,2,2,10,1,75,0,40,0,0,40,35,0,0,0,0,0,0,0,0,0,0,0,0,0,0,0,0,50,40,10,270,0,165,15,90,0,0,0,0,0,0,15,0,0,0,0,0,15,15,15,0,0,0,0,435,0,150,0,285,0,0,0,0,0,0,0,0,0,0,0,0,0,0,0,0,0,0,0,0,0,0,0,0,595,0,0,25,570,0,3.6666666666666665,0,1.3333333333333333,1,0,4.666666666666667
20210605211531,5,1,3,34,2,100,1,2,1,1,1,1,1,1,1,4,2,2,3,9,1,570,0,570,0,0,570,0,0,0,0,0,0,0,25,25,20,5,0,0,0,0,0,0,15,15,0,310,0,100,0,120,0,30,60,0,0,0,0,0,0,0,0,0,0,0,0,0,0,0,0,480,0,0,0,480,0,40,0,20,0,20,0,0,0,0,0,20,0,0,0,0,0,0,0,0,0,0,0,0,0,0,0,0,0,0,4,0,4.333333333333333,1.3333333333333333,0.6666666666666666,4.333333333333333
20210605211535,3,1,1,31,2,100,1,2,1,1,1,1,1,1,1,1,2,2,2,8,1,212,0,212,0,0,212,0,0,0,0,0,0,0,0,0,0,0,0,0,0,0,0,0,45,45,0,368,0,65,0,60,45,120,78,0,0,0,258,0,0,0,0,258,258,0,0,0,0,198,0,555,0,0,0,555,0,0,0,0,0,0,0,0,0,0,0,0,0,0,0,0,0,0,0,0,0,0,0,0,2,2,0,0,0,0,5,0,1.6666666666666667,0,0,5.333333333333333
20210605211536,2,1,1,45,2,110,6,2,1,1,1,1,1,1,1,2,2,2,2,7,1,0,0,0,0,0,0,0,0,0,0,0,0,0,0,0,0,0,0,0,0,0,0,0,170,20,150,180,0,90,0,90,0,0,0,0,0,0,335,0,0,0,0,335,335,0,0,0,0,335,0,720,0,80,0,640,0,35,0,15,0,0,0,0,0,0,0,20,0,0,0,0,0,0,0,0,0,0,0,0,0,0,0,0,0,0,5,0,4,0,0.3333333333333333,5.666666666666667
20210605211543,7,1,5,69,2,132,5,4,1,1,1,1,1,1,1,2,2,1,2,8,1,0,0,0,0,0,0,0,0,0,0,0,0,0,0,0,0,0,0,0,0,0,0,0,45,45,0,250,0,100,0,150,0,0,0,0,0,0,0,0,0,0,0,0,0,0,0,0,0,0,60,585,0,20,0,565,0,0,0,0,0,0,0,0,0,0,0,0,0,0,0,0,0,0,0,0,0,0,0,0,500,0,0,35,465,0,2.3333333333333335,2,3,2.6666666666666665,3.6666666666666665,4.666666666666667
20210605211554,3,1,1,38,2,131,1,1,1,1,1,1,1,1,1,1,2,2,1,8,1,180,0,180,60,0,120,0,0,0,0,0,0,0,120,15,15,0,105,0,0,0,0,0,135,135,0,240,0,240,0,0,0,0,0,0,0,0,90,0,0,0,0,90,90,0,0,0,0,90,0,675,0,45,0,630,0,0,0,0,0,0,0,0,0,0,0,0,0,0,0,0,0,0,0,0,0,0,0,0,0,0,0,0,0,0,6,0,0,0,0,6
20210605211561,4,1,2,33,1,100,1,2,1,1,1,1,1,1,1,1,1,2,2,9,1,0,0,0,0,0,0,0,0,0,0,0,0,0,0,0,0,0,0,0,0,0,0,0,140,95,45,345,0,70,10,235,0,30,0,0,0,0,260,0,0,0,180,40,40,0,0,180,40,40,0,570,0,0,0,570,0,125,0,90,0,90,0,0,0,0,0,35,0,0,0,0,0,0,0,0,0,0,0,0,0,0,0,0,0,0,6,0,0,0,0,6
20210605211567,3,1,1,30,1,110,6,3,1,1,1,1,1,1,1,2,2,2,2,6,1,0,0,0,0,0,0,0,0,0,0,0,0,0,0,0,0,0,0,0,0,0,0,0,25,25,0,183,0,123,0,60,0,0,0,0,0,0,591,0,0,0,0,575,575,0,0,0,16,575,0,450,0,0,0,450,0,11,0,4,0,0,0,0,0,0,0,7,0,0,0,0,0,0,0,0,0,0,0,0,180,0,180,0,0,0,4.666666666666667,1.3333333333333333,2.3333333333333335,0.3333333333333333,0,4.666666666666667
20210605211588,6,1,4,37,1,100,1,3,1,1,1,1,1,1,1,1,2,2,2,10,1,40,0,40,0,0,40,0,0,0,0,0,0,0,0,0,0,0,0,0,0,0,0,0,60,60,0,305,0,145,20,125,0,15,0,0,0,0,240,0,0,0,0,180,240,60,60,0,0,180,0,683,0,42,0,641,0,110,0,60,0,60,0,0,0,0,0,50,0,2,0,0,0,0,0,2,0,0,0,0,0,0,0,0,0,0,6,0,0.6666666666666666,0,0,6
20210605211607,5,1,3,31,2,131,1,3,1,1,1,1,1,1,1,3,2,2,2,6,1,130,0,130,40,0,90,0,0,0,0,0,0,0,0,0,0,0,0,0,0,0,0,0,75,75,0,405,0,165,0,150,0,90,0,0,0,0,210,0,0,0,120,90,90,0,0,120,0,90,60,540,0,0,0,540,0,0,0,0,0,0,0,0,0,0,0,0,0,20,0,0,0,0,0,20,0,0,0,0,0,0,0,0,0,0,6,0,4,2.6666666666666665,2,5.666666666666667
20210605211615,3,1,1,45,2,100,1,2,1,1,1,1,1,1,1,2,2,2,2,6,1,0,0,0,0,0,0,0,0,0,0,0,0,0,0,0,0,0,0,0,0,0,0,0,225,225,0,195,0,60,0,60,0,15,60,0,0,0,420,0,0,0,60,360,360,0,0,60,0,120,0,600,0,60,0,540,0,0,0,0,0,0,0,0,0,0,0,0,0,0,0,0,0,0,0,0,0,0,0,0,0,0,0,0,0,0,4,0.6666666666666666,3,2.6666666666666665,0,3.6666666666666665
20210605211621,4,1,1,56,2,110,6,3,1,1,1,1,1,1,1,1,1,2,1,10,1,0,0,0,0,0,0,0,0,0,0,0,0,0,0,0,0,0,0,0,0,0,0,0,310,145,45,40,0,5,5,0,0,0,0,0,15,15,410,105,0,0,0,215,320,0,0,0,90,215,60,540,0,0,0,540,0,80,0,60,0,30,0,0,0,0,0,20,0,0,0,0,0,0,0,0,0,0,0,0,0,0,0,0,0,0,5,0,0,1,0,6
20210605211624,5,1,3,32,1,100,1,3,1,1,1,1,1,1,1,1,2,2,2,10,1,120,0,120,0,0,120,0,0,0,0,0,0,0,0,0,0,0,0,0,0,0,0,0,10,10,0,21,0,1,0,0,0,20,0,0,0,0,276,0,0,0,0,276,276,0,0,0,0,216,0,525,0,15,0,510,0,0,0,0,0,0,0,0,0,0,0,0,0,0,0,0,0,0,0,0,0,0,0,0,488,0,0,53,435,0,6,0.3333333333333333,1,0,1,6
20210605211628,4,1,2,44,2,100,1,1,1,1,1,1,1,1,1,2,2,2,2,8,1,15,0,15,0,0,15,0,0,0,0,0,0,0,0,0,0,0,0,0,0,0,0,0,60,60,0,351,0,170,0,180,0,0,1,0,0,0,165,0,0,0,0,165,165,0,0,0,0,150,0,724,0,75,0,649,0,125,0,0,0,0,0,0,0,0,90,35,0,0,0,0,0,0,0,0,0,0,0,0,0,0,0,0,0,0,4,1,3,3,0.3333333333333333,4
20210605211631,4,1,2,38,1,100,1,4,2,1,1,1,1,1,2,3,1,1,2,3,1,0,0,0,0,0,0,0,0,0,0,0,0,0,0,0,0,0,0,0,0,0,0,0,20,20,0,40,0,25,0,15,0,0,0,0,0,0,680,0,0,0,0,645,680,35,35,0,0,0,0,700,0,0,15,685,0,0,0,0,0,0,0,0,0,0,0,0,0,0,0,0,0,0,0,0,0,0,0,0,0,0,0,0,0,0,2.3333333333333335,2.6666666666666665,2.6666666666666665,2.6666666666666665,0,4.666666666666667
20210605211640,4,1,2,35,1,100,1,4,1,1,1,1,1,1,1,4,2,2,3,8,1,0,0,0,0,0,0,0,0,0,0,0,0,0,0,0,0,0,0,0,0,0,0,0,30,30,0,330,0,30,0,0,180,0,120,0,0,0,660,0,0,0,0,660,660,0,0,0,0,420,0,420,0,0,0,420,0,0,0,0,0,0,0,0,0,0,0,0,0,0,0,0,0,0,0,0,0,0,0,0,0,0,0,0,0,0,2,5,5,4,3,1
20210605211645,4,1,2,37,2,131,1,3,1,1,1,1,1,1,1,1,2,2,2,6,1,360,0,350,15,0,335,10,0,0,0,0,0,0,120,90,90,0,30,0,0,0,0,0,135,135,0,165,0,105,0,60,0,0,0,0,0,0,45,0,0,0,0,45,45,0,0,0,0,30,0,615,0,45,0,570,0,0,0,0,0,0,0,0,0,0,0,0,0,0,0,0,0,0,0,0,0,0,0,0,0,0,0,0,0,0,5,0,1.6666666666666667,1,0,5
20210605211658,3,1,1,40,2,100,5,3,1,1,1,1,1,1,1,1,2,2,2,9,1,0,0,0,0,0,0,0,0,0,0,0,0,0,0,0,0,0,0,0,0,0,0,0,60,60,0,243,0,63,0,180,0,0,0,0,0,0,240,0,0,0,0,240,240,0,0,0,0,180,0,857,0,80,0,777,0,40,0,30,0,30,0,0,0,0,0,10,0,0,0,0,0,0,0,0,0,0,0,0,0,0,0,0,0,0,4.666666666666667,0,3.3333333333333335,0,0,5.666666666666667
20210605211661,4,1,2,33,1,132,1,3,1,1,1,1,1,1,1,1,2,2,2,8,1,0,0,0,0,0,0,0,0,0,0,0,0,0,0,0,0,0,0,0,0,0,0,0,90,90,0,0,0,0,0,0,0,0,0,0,0,0,90,0,0,0,0,90,90,0,0,0,0,0,165,530,0,20,0,510,0,0,0,0,0,0,0,0,0,0,0,0,0,0,0,0,0,0,0,0,0,0,0,0,565,0,0,25,540,0,5.333333333333333,0,2.3333333333333335,0.6666666666666666,0.6666666666666666,5.666666666666667
20210605211673,4,1,2,52,1,100,1,3,1,1,1,1,1,1,1,2,1,2,1,8,1,10,0,10,0,0,10,0,0,0,0,0,0,0,45,0,0,0,45,0,0,0,0,0,70,70,0,261,0,51,0,0,0,210,0,0,0,0,377,0,0,0,50,262,307,45,45,50,20,232,0,497,0,77,0,420,0,0,0,0,0,0,0,0,0,0,0,0,0,0,0,0,0,0,0,0,0,0,0,0,180,0,0,60,120,0,5.666666666666667,0,4.333333333333333,0.6666666666666666,0,3.6666666666666665
20210605211696,4,1,3,38,2,110,2,1,1,1,1,1,1,1,1,3,2,1,2,10,1,217,0,187,0,0,187,30,0,0,0,0,0,0,0,0,0,0,0,0,0,0,0,0,50,50,0,165,0,105,0,60,0,0,0,0,0,0,710,0,0,0,0,710,710,0,0,0,0,650,0,298,0,0,0,298,0,0,0,0,0,0,0,0,0,0,0,0,0,0,0,0,0,0,0,0,0,0,0,0,0,0,0,0,0,0,6,0,6,2,0,4
20210605211699,5,1,3,48,1,100,1,2,1,1,1,1,1,1,1,2,2,2,2,3,1,120,0,120,0,0,120,0,0,0,0,0,0,0,0,0,0,0,0,0,0,0,0,0,45,45,0,405,0,165,0,30,0,120,90,0,0,0,270,0,0,0,30,240,240,0,0,30,0,180,0,600,0,30,0,570,0,0,0,0,0,0,0,0,0,0,0,0,0,0,0,0,0,0,0,0,0,0,0,0,0,0,0,0,0,0,4,5.333333333333333,3.6666666666666665,4,0,4
20210605211740,4,1,1,39,1,100,1,5,1,1,1,1,1,1,1,2,1,1,2,5,1,0,0,0,0,0,0,0,0,0,0,0,0,0,0,0,0,0,0,0,0,0,0,0,60,60,0,3,0,3,0,0,0,0,0,0,0,0,347,0,0,0,0,82,337,255,255,0,10,60,0,570,0,60,0,510,0,0,0,0,0,0,0,0,0,0,0,0,0,0,0,0,0,0,0,0,0,0,0,0,460,0,0,10,450,0,4.666666666666667,0,4.333333333333333,0.6666666666666666,1.3333333333333333,3.6666666666666665
20210605211742,4,1,2,46,1,100,1,1,1,1,1,1,1,1,1,2,2,2,2,8,1,240,0,220,0,0,220,20,0,0,0,0,0,0,0,0,0,0,0,0,0,0,0,0,90,90,0,0,0,0,0,0,0,0,0,0,0,0,120,0,0,0,40,80,80,0,0,40,0,80,0,510,0,30,0,480,0,0,0,0,0,0,0,0,0,0,0,0,0,0,0,0,0,0,0,0,0,0,0,0,480,0,0,0,480,0,4,0,2,0.6666666666666666,1,5
20210605211747,3,1,1,46,1,100,6,1,1,1,1,1,1,1,1,2,2,2,1,7,1,0,0,0,0,0,0,0,0,0,0,0,0,0,0,0,0,0,0,0,0,0,0,0,165,165,0,240,0,60,0,90,0,0,0,0,90,0,585,0,0,0,20,120,475,355,355,20,90,0,0,450,0,0,0,450,0,0,0,0,0,0,0,0,0,0,0,0,0,0,0,0,0,0,0,0,0,0,0,0,0,0,0,0,0,0,5.666666666666667,0.3333333333333333,3.3333333333333335,2,1,6
20210605211762,4,1,2,42,1,131,1,1,1,1,1,1,1,1,1,2,2,2,3,8,1,170,0,170,120,0,50,0,0,0,0,0,0,0,0,0,0,0,0,0,0,0,0,0,90,90,0,60,0,0,60,0,0,0,0,0,0,0,200,0,0,0,0,200,200,0,0,0,0,115,0,600,0,0,0,600,0,50,0,10,0,0,0,0,0,0,0,40,0,150,0,0,0,0,0,150,0,0,0,0,120,0,0,0,120,0,2.6666666666666665,1.3333333333333333,2,2.3333333333333335,1.6666666666666667,1.6666666666666667
20210605211766,4,1,2,48,2,131,1,1,1,1,1,1,1,1,1,1,2,2,2,10,1,241,0,196,0,0,196,45,0,0,0,0,0,0,0,0,0,0,0,0,0,0,0,0,80,80,0,73,0,43,0,0,0,0,30,0,0,0,110,0,0,0,0,110,110,0,0,0,0,95,0,515,0,35,0,480,0,55,0,30,0,0,0,0,0,0,0,25,0,0,0,0,0,0,0,0,0,0,0,0,366,0,0,0,366,0,5,0,1.6666666666666667,0,0,5.333333333333333
20210605211775,5,1,3,37,1,200,2,4,1,1,1,1,1,1,1,1,2,2,2,6,1,20,0,20,0,0,20,0,0,0,0,0,0,0,0,0,0,0,0,0,0,0,0,0,250,170,80,0,0,0,0,0,0,0,0,0,0,0,70,0,0,0,0,0,70,70,70,0,0,0,0,515,0,20,0,495,0,0,0,0,0,0,0,0,0,0,0,0,0,0,0,0,0,0,0,0,0,0,0,0,585,0,0,65,520,0,6,0,0.6666666666666666,0,0,3.6666666666666665
20210605211802,5,1,1,30,2,100,4,3,1,1,1,1,1,1,1,3,2,2,1,4,1,0,0,0,0,0,0,0,0,0,0,0,0,0,0,0,0,0,0,0,0,0,0,0,90,90,0,592,0,317,135,100,0,0,40,0,0,0,300,0,0,0,60,180,240,60,60,60,0,180,0,458,0,40,0,418,0,0,0,0,0,0,0,0,0,0,0,0,0,0,0,0,0,0,0,0,0,0,0,0,0,0,0,0,0,0,5.666666666666667,0,2.6666666666666665,0.6666666666666666,2,4
20210605211810,3,1,1,28,2,100,1,4,1,1,1,1,1,1,1,3,2,1,2,7,1,30,0,4,0,0,4,26,0,0,0,0,0,0,0,0,0,0,0,0,0,0,0,0,30,30,0,300,0,180,0,90,0,0,0,0,30,0,60,0,0,0,0,60,60,0,0,0,0,0,0,470,0,50,0,420,0,50,0,15,0,0,0,0,0,0,0,35,0,0,0,0,0,0,0,0,0,0,0,0,500,0,0,50,450,0,3.3333333333333335,3,5.333333333333333,5.666666666666667,5.333333333333333,6
20210605211811,4,1,2,55,1,100,1,3,1,1,1,1,1,1,1,2,1,2,2,7,1,0,0,0,0,0,0,0,0,0,0,0,0,0,0,0,0,0,0,0,0,0,0,0,350,270,80,90,0,30,0,60,0,0,0,0,0,0,180,0,0,0,0,180,180,0,0,0,0,180,0,640,0,60,0,580,0,180,0,30,0,0,0,0,0,0,90,60,0,0,0,0,0,0,0,0,0,0,0,0,0,0,0,0,0,0,5.333333333333333,0,0.6666666666666666,0.3333333333333333,0,5.666666666666667
20210605211815,2,1,1,46,2,100,4,3,1,1,1,1,1,1,1,2,2,2,2,8,1,0,0,0,0,0,0,0,0,0,0,0,0,0,0,0,0,0,0,0,0,0,0,0,39,30,9,72,0,0,2,0,0,0,70,0,0,0,586,0,0,0,15,221,562,341,341,15,9,81,0,460,0,90,0,370,0,36,0,30,0,0,0,0,0,0,0,6,0,0,0,0,0,0,0,0,0,0,0,0,247,0,0,18,229,0,5.333333333333333,0,2.3333333333333335,0,0,5.666666666666667
20210605211816,5,1,3,39,2,100,1,4,1,1,1,1,1,1,1,2,2,2,2,8,1,185,0,185,0,0,185,0,0,0,0,0,0,0,0,0,0,0,0,0,0,0,0,0,0,0,0,0,0,0,0,0,0,0,0,0,0,0,0,0,0,0,0,0,0,0,0,0,0,0,0,630,0,90,0,540,0,0,0,0,0,0,0,0,0,0,0,0,0,0,0,0,0,0,0,0,0,0,0,0,625,0,0,20,605,0,5,0,3,2,2,6
20210605211858,3,1,1,46,1,131,4,3,1,1,1,1,1,1,1,3,2,2,2,7,1,0,0,0,0,0,0,0,0,0,0,0,0,0,0,0,0,0,0,0,0,0,0,0,15,15,0,40,0,20,10,0,0,0,10,0,0,0,60,0,0,0,0,60,60,0,0,0,0,60,45,495,0,50,0,445,0,0,0,0,0,0,0,0,0,0,0,0,0,0,0,0,0,0,0,0,0,0,0,0,785,0,0,45,740,0,1.6666666666666667,0,3.6666666666666665,0,1.3333333333333333,2.3333333333333335
20210605211894,3,1,1,51,1,100,1,3,1,1,1,1,1,1,1,2,1,2,2,8,1,76,0,16,0,0,16,60,0,0,0,0,0,0,0,0,0,0,0,0,0,0,0,0,20,20,0,60,30,0,0,0,0,0,30,0,0,0,150,0,0,0,45,105,105,0,0,45,0,105,0,474,0,10,0,464,0,0,0,0,0,0,0,0,0,0,0,0,0,0,0,0,0,0,0,0,0,0,0,0,660,0,0,0,660,0,5,0,1,2,0,3
20210605211895,5,1,3,37,2,100,1,1,1,1,1,1,1,1,1,3,2,2,1,10,1,15,0,15,0,0,15,0,0,0,0,0,0,0,0,0,0,0,0,0,0,0,0,0,77,77,0,50,0,0,30,15,0,0,0,0,5,0,375,30,0,0,90,105,135,0,0,90,150,60,0,400,0,25,0,375,0,523,0,28,0,0,0,0,0,0,0,495,0,0,0,0,0,0,0,0,0,0,0,0,0,0,0,0,0,0,6,0,4.333333333333333,0,0,6
20210605211896,6,1,1,30,1,100,1,2,1,1,1,1,1,1,1,2,2,1,2,6,1,0,0,0,0,0,0,0,0,0,0,0,0,0,0,0,0,0,0,0,0,0,0,0,52,17,35,25,0,0,25,0,0,0,0,0,0,0,220,0,0,0,25,190,195,5,5,25,0,85,0,550,0,30,0,520,0,0,0,0,0,0,0,0,0,0,0,0,0,0,0,0,0,0,0,0,0,0,0,0,593,0,0,45,548,0,5.666666666666667,0.3333333333333333,2.3333333333333335,0.3333333333333333,3,4.333333333333333
20210605211908,4,1,2,32,2,100,1,1,1,1,1,1,1,1,1,1,2,2,2,10,1,20,0,5,0,0,5,15,0,0,0,0,0,0,0,0,0,0,0,0,0,0,0,0,20,20,0,0,0,0,0,0,0,0,0,0,0,0,10,0,0,0,0,10,10,0,0,0,0,10,0,855,0,15,0,840,0,0,0,0,0,0,0,0,0,0,0,0,0,0,0,0,0,0,0,0,0,0,0,0,535,0,0,55,480,0,2,0,0,0,0,2
20210605211910,4,1,1,44,1,100,1,4,1,1,1,1,1,1,1,2,1,2,1,9,1,0,0,0,0,0,0,0,0,0,0,0,0,0,0,0,0,0,0,0,0,0,0,0,55,55,0,15,0,15,0,0,0,0,0,0,0,0,285,0,0,0,0,270,285,15,15,0,0,0,0,440,0,95,0,345,0,60,0,5,0,0,0,0,0,0,0,55,0,0,0,0,0,0,0,0,0,0,0,0,585,0,0,45,540,0,4,0,1.3333333333333333,0.3333333333333333,0,4
20210605211932,3,1,1,46,1,100,1,2,1,1,1,1,1,1,1,2,2,1,2,8,1,0,0,0,0,0,0,0,0,0,0,0,0,0,0,0,0,0,0,0,0,0,0,0,210,190,20,0,0,0,0,0,0,0,0,0,0,0,535,0,0,0,0,535,535,0,0,0,0,325,0,660,0,60,0,600,0,35,0,5,0,0,0,0,0,0,0,30,0,0,0,0,0,0,0,0,0,0,0,0,0,0,0,0,0,0,4,0,2,0,3,3.3333333333333335
20210605211934,4,1,2,31,2,100,1,2,2,1,1,2,1,1,2,1,2,2,1,8,1,345,0,345,0,0,345,0,0,0,0,0,0,0,0,0,0,0,0,0,0,0,0,0,85,85,0,65,0,65,0,0,0,0,0,0,0,0,195,0,0,0,60,0,135,135,135,60,0,0,30,565,0,10,0,555,0,155,0,145,0,0,0,0,0,0,0,10,0,0,0,0,0,0,0,0,0,0,0,0,0,0,0,0,0,0,5.333333333333333,0,1.3333333333333333,3.3333333333333335,2,5.333333333333333
20210605211936,4,1,1,51,2,100,1,1,1,1,1,1,1,1,1,1,2,2,1,8,1,0,0,0,0,0,0,0,0,0,0,0,0,0,0,0,0,0,0,0,0,0,0,0,90,90,0,225,120,105,0,0,0,0,0,0,0,0,265,0,0,0,75,170,170,0,0,75,20,125,0,645,0,45,0,600,0,215,0,120,0,0,0,60,0,0,0,35,60,0,0,0,0,0,0,0,0,0,0,0,0,0,0,0,0,0,6,0,2.6666666666666665,0.6666666666666666,1,6
20210605211963,5,1,2,45,1,100,1,4,1,1,1,1,1,1,1,2,1,2,2,8,1,0,0,0,0,0,0,0,0,0,0,0,0,0,0,0,0,0,0,0,0,0,0,0,90,90,0,90,0,0,0,0,0,90,0,0,0,0,230,0,0,0,0,230,230,0,0,0,0,230,0,435,0,45,0,390,0,0,0,0,0,0,0,0,0,0,0,0,0,0,0,0,0,0,0,0,0,0,0,0,595,0,0,65,530,0,4,1.6666666666666667,3.6666666666666665,3,2.6666666666666665,4.333333333333333
20210605211970,5,1,3,45,1,100,1,3,1,1,1,1,1,1,1,3,1,1,2,7,1,30,0,30,0,0,30,0,0,0,0,0,0,0,0,0,0,0,0,0,240,0,240,0,105,85,20,60,0,60,0,0,0,0,0,0,0,0,135,0,0,0,0,135,135,0,0,0,0,120,45,760,0,30,0,730,0,65,0,45,0,45,0,0,0,0,0,20,0,0,0,0,0,0,0,0,0,0,0,0,0,0,0,0,0,0,4,0,1,1,3.6666666666666665,4.666666666666667
20210605211985,4,1,1,48,2,110,6,3,1,1,1,1,1,1,1,2,2,1,1,5,1,215,40,135,0,40,95,40,0,0,0,0,0,0,2,2,0,2,0,0,0,0,0,0,30,30,0,305,0,115,0,180,0,0,0,0,10,0,239,0,0,0,0,239,239,0,0,0,0,115,0,555,0,60,0,495,0,92,0,50,0,0,0,0,0,0,0,42,0,2,0,0,0,0,0,2,0,0,0,0,0,0,0,0,0,0,4,0.6666666666666666,0.6666666666666666,1.6666666666666667,0.3333333333333333,5.666666666666667
20210605212005,8,1,6,27,2,100,6,3,1,1,1,1,1,1,1,3,2,2,2,6,1,180,0,180,0,0,180,0,0,0,0,0,0,0,0,0,0,0,0,0,0,0,0,0,60,60,0,435,0,75,0,120,0,240,0,0,0,0,0,0,0,0,0,0,0,0,0,0,0,0,0,765,0,45,0,720,0,0,0,0,0,0,0,0,0,0,0,0,0,0,0,0,0,0,0,0,0,0,0,0,0,0,0,0,0,0,5.666666666666667,0,0.6666666666666666,3.6666666666666665,0,6
20210605212009,4,1,1,51,2,100,1,3,2,1,1,1,1,1,2,3,1,2,1,6,1,0,0,0,0,0,0,0,0,0,0,0,0,0,0,0,0,0,0,0,0,0,0,0,60,60,0,660,0,240,15,60,0,270,30,0,45,0,135,0,0,0,0,0,135,135,135,0,0,0,0,585,0,0,0,585,0,0,0,0,0,0,0,0,0,0,0,0,0,0,0,0,0,0,0,0,0,0,0,0,0,0,0,0,0,0,3,0,1,1.6666666666666667,3.3333333333333335,3.3333333333333335
20210605212011,5,1,2,43,1,100,1,2,1,1,1,1,1,1,1,2,2,2,1,8,1,29,0,6,0,0,6,23,0,0,0,0,0,0,0,0,0,0,0,0,0,0,0,0,55,45,10,30,30,0,0,0,0,0,0,0,0,0,110,0,0,0,0,110,110,0,0,0,0,110,0,498,0,27,0,471,0,218,0,1,0,0,0,3,0,0,60,154,3,0,0,0,0,0,0,0,0,0,0,0,500,0,0,20,480,0,2.6666666666666665,0,3,2.6666666666666665,0,2
20210605212048,5,1,2,54,1,100,1,3,1,1,1,1,1,1,1,2,2,1,2,8,1,0,0,0,0,0,0,0,0,0,0,0,0,0,0,0,0,0,0,0,0,0,0,0,80,75,5,80,0,20,0,0,0,0,0,0,0,60,150,0,0,0,0,150,150,0,0,0,0,150,0,545,0,5,0,540,0,0,0,0,0,0,0,0,0,0,0,0,0,0,0,0,0,0,0,0,0,0,0,0,585,0,0,15,570,0,4,0.3333333333333333,2.3333333333333335,0.3333333333333333,0,3
20210605212059,5,1,3,30,2,100,1,1,1,1,1,1,1,1,1,2,2,2,2,7,1,473,0,473,0,0,473,0,0,0,0,0,0,0,0,0,0,0,0,0,0,0,0,0,50,50,0,193,0,56,77,0,0,40,5,0,15,0,80,0,0,0,50,30,30,0,0,50,0,30,0,519,0,30,0,489,0,125,0,90,0,0,0,0,0,0,0,35,0,0,0,0,0,0,0,0,0,0,0,0,0,0,0,0,0,0,4.666666666666667,0,2.6666666666666665,1.6666666666666667,0,4
20210605212063,4,1,2,45,1,100,1,2,1,1,1,1,1,1,1,2,1,2,1,7,1,110,0,100,0,0,100,10,0,0,0,0,0,0,2,2,0,2,0,0,0,0,0,0,45,45,0,125,0,105,0,0,0,0,0,0,20,0,498,0,0,0,168,310,330,20,20,168,0,205,75,570,0,40,1,529,0,0,0,0,0,0,0,0,0,0,0,0,0,0,0,0,0,0,0,0,0,0,0,0,15,0,0,0,15,0,4,0.3333333333333333,1.3333333333333333,1,0,1.6666666666666667
20210605212065,3,1,1,38,2,100,1,1,1,1,1,1,1,1,1,1,2,2,1,8,1,130,0,130,0,0,130,0,0,0,0,0,0,0,0,0,0,0,0,0,0,0,0,0,150,150,0,40,0,40,0,0,0,0,0,0,0,0,240,0,0,0,0,240,240,0,0,0,0,240,0,880,0,0,0,880,0,0,0,0,0,0,0,0,0,0,0,0,0,0,0,0,0,0,0,0,0,0,0,0,0,0,0,0,0,0,6,0,2.3333333333333335,0,0,6
20210605212072,3,1,1,52,1,100,1,1,1,1,1,1,1,1,1,2,2,2,2,6,1,0,0,0,0,0,0,0,45,0,0,0,15,30,0,0,0,0,0,0,0,0,0,0,40,40,0,35,0,20,0,0,0,0,15,0,0,0,195,0,0,0,0,195,195,0,0,0,0,180,150,375,0,30,0,345,0,0,0,0,0,0,0,0,0,0,0,0,0,0,0,0,0,0,0,0,0,0,0,0,600,0,0,30,570,0,4.666666666666667,0.6666666666666666,2.3333333333333335,1.3333333333333333,1.3333333333333333,6
20210605212095,5,1,3,41,1,100,1,2,2,1,1,1,1,1,2,3,2,2,1,7,1,0,0,0,0,0,0,0,0,0,0,0,0,0,0,0,0,0,0,0,0,0,0,0,30,30,0,180,0,110,5,0,0,60,5,0,0,0,115,0,0,0,25,45,90,45,45,25,0,0,0,520,0,90,0,430,0,0,0,0,0,0,0,0,0,0,0,0,0,0,0,0,0,0,0,0,0,0,0,0,595,0,0,45,550,0,5.666666666666667,0,1,1,0.6666666666666666,4.666666666666667
20210605212096,3,1,1,40,1,100,1,2,1,1,1,1,1,1,1,1,2,2,2,10,1,45,0,45,0,0,45,0,0,0,0,0,0,0,0,0,0,0,0,0,0,0,0,0,105,105,0,0,0,0,0,0,0,0,0,0,0,0,40,0,0,0,0,40,40,0,0,0,0,40,0,555,0,0,0,555,0,0,0,0,0,0,0,0,0,0,0,0,0,0,0,0,0,0,0,0,0,0,0,0,695,0,0,35,660,0,6,0,1,0,0,5.666666666666667
20210605212129,3,1,1,32,1,100,1,2,1,1,1,1,1,1,1,2,2,2,2,7,1,0,0,0,0,0,0,0,0,0,0,0,0,0,0,0,0,0,0,0,0,0,0,0,70,70,0,35,0,0,0,0,0,35,0,0,0,0,375,0,0,0,120,90,255,165,165,120,0,75,60,495,0,75,0,420,0,0,0,0,0,0,0,0,0,0,0,0,0,0,0,0,0,0,0,0,0,0,0,0,405,0,0,30,375,0,5,0,2.6666666666666665,1.3333333333333333,0,2.3333333333333335
20210605212141,4,1,2,36,1,131,1,2,1,1,1,1,1,1,1,2,2,2,3,5,1,255,0,230,0,120,110,25,0,0,0,0,0,0,0,0,0,0,0,0,0,0,0,0,100,90,10,0,0,0,0,0,0,0,0,0,0,0,0,0,0,0,0,0,0,0,0,0,0,0,0,520,0,40,0,480,0,35,0,10,0,0,0,0,0,0,0,25,0,0,0,0,0,0,0,0,0,0,0,0,530,0,0,0,530,0,3,2,4.333333333333333,4.666666666666667,1,5.333333333333333
20210605212175,4,1,3,38,2,100,4,4,1,1,1,1,1,1,1,2,1,2,1,4,1,0,0,0,0,0,0,0,0,0,0,0,0,0,25,0,0,0,25,0,0,0,0,0,35,25,10,370,0,55,0,315,0,0,0,0,0,0,290,0,0,0,0,220,280,60,60,0,10,60,0,600,0,95,0,505,0,0,0,0,0,0,0,0,0,0,0,0,0,120,0,0,0,0,0,120,0,0,0,0,0,0,0,0,0,0,5.333333333333333,0,0,0,0,5.333333333333333
20210605212182,4,1,1,41,2,100,1,3,1,1,1,1,1,1,1,1,2,2,3,9,1,35,0,35,0,0,35,0,0,0,0,0,0,0,30,0,0,0,30,0,0,0,0,0,60,60,0,255,0,45,30,180,0,0,0,0,0,0,60,0,0,0,60,0,0,0,0,60,0,0,15,730,0,45,0,685,0,165,0,120,0,120,0,0,0,0,0,45,0,90,0,0,0,0,60,0,0,30,60,60,0,0,0,0,0,0,5.333333333333333,2.6666666666666665,2.6666666666666665,1.3333333333333333,0,5.666666666666667
20210605212194,3,1,2,30,1,100,6,2,1,1,1,1,1,1,1,1,2,1,2,4,1,190,0,150,0,0,150,40,0,0,0,0,0,0,0,0,0,0,0,0,0,0,0,0,35,35,0,50,0,50,0,0,0,0,0,0,0,0,120,0,0,0,0,120,120,0,0,0,0,90,15,515,0,20,0,495,0,15,0,6,0,0,0,0,0,0,0,9,0,0,0,0,0,0,0,0,0,0,0,0,500,0,0,10,490,0,5,0,2.6666666666666665,0,0.6666666666666666,6
20210605212214,4,1,1,58,1,100,1,2,1,1,1,1,1,1,1,4,1,2,2,10,1,0,0,0,0,0,0,0,0,0,0,0,0,0,15,15,0,15,0,0,0,0,0,0,115,115,0,110,0,0,0,0,0,90,20,0,0,0,130,0,0,0,0,130,130,0,0,0,0,115,0,540,0,60,0,480,0,0,0,0,0,0,0,0,0,0,0,0,0,0,0,0,0,0,0,0,0,0,0,0,530,0,0,60,470,0,4,0,1.6666666666666667,0.3333333333333333,0,0.3333333333333333
20210605212237,3,1,1,38,2,100,1,2,1,1,1,1,1,1,1,1,2,2,2,7,1,430,0,405,0,0,405,25,0,0,0,0,0,0,0,0,0,0,0,0,0,0,0,0,55,30,25,120,0,0,0,120,0,0,0,0,0,0,328,0,0,0,0,0,323,323,323,0,5,0,0,480,0,75,0,405,0,27,0,17,0,0,0,0,0,0,0,10,0,0,0,0,0,0,0,0,0,0,0,0,0,0,0,0,0,0,5,1.3333333333333333,3.3333333333333335,1.3333333333333333,0,4.666666666666667
20210605212238,5,1,3,45,1,100,1,3,1,1,1,1,1,1,1,3,2,2,2,8,1,280,0,263,0,0,263,17,0,0,0,0,0,0,0,0,0,0,0,0,0,0,0,0,60,60,0,185,0,16,2,82,0,0,30,0,40,15,410,0,0,0,0,410,410,0,0,0,0,410,5,500,0,20,0,480,0,0,0,0,0,0,0,0,0,0,0,0,0,0,0,0,0,0,0,0,0,0,0,0,0,0,0,0,0,0,4,0,0.3333333333333333,0.3333333333333333,0,1.3333333333333333
20210605212241,4,1,2,42,1,100,1,2,1,1,1,1,1,1,1,2,2,2,2,8,1,0,0,0,0,0,0,0,0,0,0,0,0,0,0,0,0,0,0,0,0,0,0,0,90,90,0,0,0,0,0,0,0,0,0,0,0,0,630,0,370,0,0,30,400,370,0,0,230,30,0,720,0,60,0,660,0,0,0,0,0,0,0,0,0,0,0,0,0,0,0,0,0,0,0,0,0,0,0,0,0,0,0,0,0,0,5.333333333333333,0.3333333333333333,2.6666666666666665,0,0.3333333333333333,6
20210605212246,4,1,1,60,2,100,3,3,1,1,1,1,1,1,1,2,1,2,2,7,1,115,0,115,0,0,115,0,0,0,0,0,0,0,0,0,0,0,0,0,0,0,0,0,95,95,0,290,0,80,0,210,0,0,0,0,0,0,30,0,0,0,0,30,30,0,0,0,0,30,0,740,0,110,0,630,0,40,0,20,0,0,0,0,0,0,0,20,0,130,0,0,0,0,0,120,0,10,0,0,0,0,0,0,0,0,4.666666666666667,2,4,3,0,5
20210605212263,4,1,1,39,1,100,1,4,1,1,1,1,1,1,1,2,2,1,2,9,1,10,0,10,0,0,10,0,0,0,0,0,0,0,0,0,0,0,0,0,0,0,0,0,80,80,0,270,0,0,0,200,0,40,0,0,30,0,110,0,0,0,0,110,110,0,0,0,0,50,120,565,0,30,0,535,0,50,0,15,0,15,0,0,0,0,0,35,0,5,0,0,0,0,0,5,0,0,0,0,230,0,0,50,180,0,5.333333333333333,0,2.3333333333333335,1,2.6666666666666665,5.666666666666667
20210605212264,3,1,1,40,2,100,1,1,1,1,1,1,1,1,1,1,2,2,2,7,1,71,0,61,0,0,61,10,0,0,0,0,0,0,0,0,0,0,0,0,0,0,0,0,20,20,0,35,0,5,0,0,0,0,30,0,0,0,284,0,0,0,0,284,284,0,0,0,0,254,0,530,0,20,0,510,0,0,0,0,0,0,0,0,0,0,0,0,0,0,0,0,0,0,0,0,0,0,0,0,500,0,0,20,480,0,4.666666666666667,0,1.6666666666666667,0.3333333333333333,0,4.333333333333333
20210605212288,6,1,4,32,2,100,6,2,1,1,1,1,1,1,1,4,2,2,1,8,1,277,0,277,0,0,277,0,0,0,0,0,0,0,0,0,0,0,0,0,0,0,0,0,90,90,0,165,0,100,0,65,0,0,0,0,0,0,170,0,0,0,20,150,150,0,0,20,0,120,120,618,0,80,0,538,0,0,0,0,0,0,0,0,0,0,0,0,0,0,0,0,0,0,0,0,0,0,0,0,0,0,0,0,0,0,4,0,1.3333333333333333,0,0,3.6666666666666665
20210605212291,2,1,1,40,2,100,6,3,1,1,1,1,1,1,1,2,2,2,1,8,1,0,0,0,0,0,0,0,0,0,0,0,0,0,0,0,0,0,0,0,0,0,0,0,120,120,0,498,498,0,0,0,0,0,0,0,0,0,105,0,0,0,90,0,0,0,0,90,15,0,0,690,0,60,0,630,0,27,0,10,0,0,0,0,0,0,0,17,0,0,0,0,0,0,0,0,0,0,0,0,0,0,0,0,0,0,5.666666666666667,0,1.6666666666666667,3,0.6666666666666666,5.666666666666667
20210605212299,3,1,1,32,1,100,1,3,1,1,1,1,1,1,1,1,1,2,1,10,1,0,0,0,0,0,0,0,0,0,0,0,0,0,0,0,0,0,0,0,0,0,0,0,52,30,22,220,0,0,40,0,0,0,0,0,180,0,488,0,0,0,0,488,488,0,0,0,0,488,50,630,0,0,0,630,0,0,0,0,0,0,0,0,0,0,0,0,0,0,0,0,0,0,0,0,0,0,0,0,0,0,0,0,0,0,6,0,2,0,0,4
20210605212317,4,1,2,35,2,100,4,3,1,1,1,1,1,1,1,3,2,2,2,10,1,10,0,10,0,0,10,0,0,0,0,0,0,0,0,0,0,0,0,0,60,0,60,0,20,20,0,20,0,0,0,0,0,20,0,0,0,0,480,0,0,0,0,480,480,0,0,0,0,480,0,850,0,30,0,820,0,0,0,0,0,0,0,0,0,0,0,0,0,0,0,0,0,0,0,0,0,0,0,0,0,0,0,0,0,0,3.6666666666666665,1.3333333333333333,3,5.666666666666667,3,5.333333333333333
20210606210162,2,1,1,24,2,100,6,3,1,1,1,1,1,1,1,2,2,2,2,6,1,44,0,25,0,0,25,19,30,30,0,30,0,0,0,0,0,0,0,0,453,213,220,20,20,20,0,60,0,10,0,50,0,0,0,0,0,0,130,0,0,0,100,30,30,0,0,100,0,30,0,680,0,20,0,645,15,23,0,4,0,0,0,0,0,0,0,19,0,0,0,0,0,0,0,0,0,0,0,0,0,0,0,0,0,0,3.3333333333333335,2,3.6666666666666665,3.3333333333333335,1.6666666666666667,4.666666666666667
20210606210296,4,1,1,21,1,131,6,3,1,1,1,1,1,1,1,2,2,2,1,7,1,180,0,180,180,0,0,0,0,0,0,0,0,0,30,0,0,0,30,0,0,0,0,0,90,90,0,0,0,0,0,0,0,0,0,0,0,0,215,0,0,0,0,215,215,0,0,0,0,215,0,740,0,80,0,660,0,185,0,130,0,120,0,0,0,0,0,55,0,0,0,0,0,0,0,0,0,0,0,0,0,0,0,0,0,0,4,0,1,2.6666666666666665,0,4
20210606210537,4,1,2,35,2,100,6,1,1,1,1,1,1,1,1,1,2,2,2,7,1,20,0,20,0,0,20,0,0,0,0,0,0,0,0,0,0,0,0,0,0,0,0,0,60,60,0,490,0,340,0,150,0,0,0,0,0,0,160,0,0,0,0,160,160,0,0,0,0,100,0,630,0,30,0,600,0,80,0,60,0,60,0,0,0,0,0,20,0,0,0,0,0,0,0,0,0,0,0,0,0,0,0,0,0,0,4,1.6666666666666667,4.666666666666667,0,0,5.666666666666667
20210606210595,5,1,3,35,2,100,5,3,1,1,1,1,1,1,1,2,2,1,2,8,1,0,0,0,0,0,0,0,0,0,0,0,0,0,0,0,0,0,0,0,0,0,0,0,60,60,0,200,0,110,0,90,0,0,0,0,0,0,420,0,0,0,0,420,420,0,0,0,0,420,0,630,0,0,0,630,0,130,0,90,0,0,0,0,0,0,0,40,0,0,0,0,0,0,0,0,0,0,0,0,0,0,0,0,0,0,6,0,3,0,0,6
20210606210861,4,1,2,37,1,100,1,3,1,1,1,1,1,1,1,2,1,2,3,8,1,0,0,0,0,0,0,0,0,0,0,0,0,0,0,0,0,0,0,0,0,0,0,0,120,100,20,15,0,0,0,0,0,0,15,0,0,0,180,0,0,0,0,180,180,0,0,0,0,180,0,605,0,12,0,593,0,0,0,0,0,0,0,0,0,0,0,0,0,100,0,0,0,0,0,0,0,10,90,90,420,0,0,0,420,0,5,0.3333333333333333,0.6666666666666666,1.6666666666666667,0,5.333333333333333
20210606210932,3,1,1,42,2,100,1,2,1,1,1,1,1,1,1,2,2,2,1,8,1,85,0,55,0,0,55,30,0,0,0,0,0,0,0,0,0,0,0,0,0,0,0,0,60,60,0,109,0,29,25,25,0,30,0,0,0,0,321,0,0,0,0,271,321,50,50,0,0,141,45,550,0,40,0,510,0,270,0,105,0,105,45,0,0,40,85,80,0,0,0,0,0,0,0,0,0,0,0,0,0,0,0,0,0,0,3,0.6666666666666666,1.3333333333333333,1.3333333333333333,0,2
20210606211049,6,1,4,33,1,100,1,3,1,1,1,1,1,1,1,2,2,2,2,6,1,165,0,155,0,0,155,10,0,0,0,0,0,0,0,0,0,0,0,0,0,0,0,0,60,60,0,60,0,0,60,0,0,0,0,0,0,0,465,0,0,0,0,440,455,15,15,0,10,405,0,480,0,0,0,480,0,15,0,5,0,0,0,0,0,0,0,10,0,0,0,0,0,0,0,0,0,0,0,0,195,0,0,0,195,0,0,0,0.6666666666666666,0,0,3
20210606211072,4,1,2,37,1,100,1,1,1,1,1,1,1,1,1,4,2,2,1,8,1,155,125,30,0,0,30,0,0,0,0,0,0,0,0,0,0,0,0,0,0,0,0,0,15,15,0,10,0,0,10,0,0,0,0,0,0,0,1225,0,0,0,0,90,1225,1135,1135,0,0,90,0,30,0,0,0,30,0,5,0,5,0,0,0,0,0,0,0,0,0,0,0,0,0,0,0,0,0,0,0,0,0,0,0,0,0,0,6,0,6,2.3333333333333335,0,6
20210606211267,3,1,1,38,1,202,1,3,1,1,1,1,1,1,1,2,1,2,2,9,1,70,0,70,0,0,70,0,0,0,0,0,0,0,0,0,0,0,0,0,0,0,0,0,195,180,15,75,0,60,0,15,0,0,0,0,0,0,520,0,0,0,30,410,475,65,65,30,15,260,0,580,0,90,10,480,0,0,0,0,0,0,0,0,0,0,0,0,0,0,0,0,0,0,0,0,0,0,0,0,0,0,0,0,0,0,4.666666666666667,0,2.6666666666666665,0.6666666666666666,1.3333333333333333,4
20210606211424,3,1,2,41,2,100,4,3,1,1,1,1,1,1,1,2,2,2,1,6,1,35,0,5,0,0,5,30,0,0,0,0,0,0,0,0,0,0,0,0,0,0,0,0,125,90,35,0,0,0,0,0,0,0,0,0,0,0,265,0,0,0,0,60,260,200,200,0,5,60,60,825,0,90,0,735,0,0,0,0,0,0,0,0,0,0,0,0,0,130,0,0,0,0,0,120,0,10,0,0,0,0,0,0,0,0,5,0.6666666666666666,4,1.6666666666666667,2,3.6666666666666665
20210606211543,3,1,2,27,2,110,6,3,1,1,1,1,1,1,1,1,2,1,2,10,1,120,0,120,0,0,120,0,0,0,0,0,0,0,60,0,0,0,60,0,0,0,0,0,120,120,0,150,0,110,0,40,0,0,0,0,0,0,330,0,0,0,0,190,310,120,120,0,20,100,0,655,0,30,0,625,0,0,0,0,0,0,0,0,0,0,0,0,0,5,0,0,0,0,0,5,0,0,0,0,0,0,0,0,0,0,6,0,3.3333333333333335,0,6,6
20210606211582,3,1,1,53,1,100,4,2,1,1,1,1,1,1,1,2,2,2,2,7,1,0,0,0,0,0,0,0,0,0,0,0,0,0,0,0,0,0,0,0,0,0,0,0,25,25,0,0,0,0,0,0,0,0,0,0,0,0,810,0,0,0,0,810,810,0,0,0,0,390,0,605,0,5,0,600,0,0,0,0,0,0,0,0,0,0,0,0,0,0,0,0,0,0,0,0,0,0,0,0,0,0,0,0,0,0,5,0.6666666666666666,5,3,0,2.3333333333333335
20210606211905,3,1,1,37,2,110,1,3,1,1,1,1,1,1,1,1,1,2,2,7,1,115,12,35,0,0,35,68,65,35,0,35,0,30,0,0,0,0,0,0,0,0,0,0,60,60,0,140,0,75,20,45,0,0,0,0,0,0,170,0,0,0,30,15,115,100,100,30,25,0,0,430,0,25,0,405,0,0,0,0,0,0,0,0,0,0,0,0,0,0,0,0,0,0,0,0,0,0,0,0,460,0,0,0,460,0,3,0,3.3333333333333335,2,0,4.333333333333333
20210606212215,4,1,2,35,2,100,1,2,1,1,1,1,1,1,1,1,2,2,1,9,1,0,0,0,0,0,0,0,0,0,0,0,0,0,0,0,0,0,0,0,0,0,0,0,50,50,0,75,0,75,0,0,0,0,0,0,0,0,35,0,0,0,0,0,35,35,35,0,0,0,0,625,0,65,0,560,0,0,0,0,0,0,0,0,0,0,0,0,0,150,0,0,0,0,0,140,0,10,0,0,505,0,0,30,475,0,6,0,4.666666666666667,0,4.333333333333333,6
20210606212310,5,1,1,25,1,100,6,2,1,1,1,1,1,1,1,2,2,2,2,8,1,0,0,0,0,0,0,0,0,0,0,0,0,0,30,0,0,0,30,0,0,0,0,0,200,140,60,45,0,15,0,0,0,0,30,0,0,0,295,0,0,0,15,90,205,115,115,15,75,60,60,630,0,30,0,600,0,0,0,0,0,0,0,0,0,0,0,0,0,120,0,0,0,0,0,80,0,10,30,30,60,0,0,0,60,0,3.6666666666666665,1.6666666666666667,2,2.3333333333333335,0.3333333333333333,1.6666666666666667
20210704211634,3,1,1,65,2,100,6,2,1,1,1,1,1,1,1,1,2,2,3,10,1,93,0,93,0,0,93,0,0,0,0,0,0,0,0,0,0,0,0,0,0,0,0,0,45,45,0,150,0,135,15,0,0,0,0,0,0,0,535,0,0,0,212,210,308,98,98,212,15,120,0,495,0,15,0,480,0,122,0,0,0,0,0,0,0,112,112,10,0,0,0,0,0,0,0,0,0,0,0,0,0,0,0,0,0,0,4,3,2.3333333333333335,3,0,5
20210705210059,2,1,1,46,2,100,4,3,1,1,1,1,1,1,1,2,2,2,2,9,1,0,0,0,0,0,0,0,0,0,0,0,0,0,0,0,0,0,0,0,0,0,0,0,30,30,0,435,360,45,0,0,0,0,30,0,0,0,420,0,0,0,0,420,420,0,0,0,0,360,0,555,0,15,0,540,0,0,0,0,0,0,0,0,0,0,0,0,0,0,0,0,0,0,0,0,0,0,0,0,0,0,0,0,0,0,6,0,3.6666666666666665,0.6666666666666666,1.6666666666666667,3.6666666666666665
20210705210099,6,1,4,41,2,100,1,1,1,1,1,1,1,1,1,2,2,2,1,8,1,65,10,55,0,0,55,0,0,0,0,0,0,0,0,0,0,0,0,0,0,0,0,0,145,145,0,250,0,150,40,30,0,0,30,0,0,0,455,0,0,0,0,35,305,270,270,0,150,35,0,465,0,0,0,465,0,60,0,40,0,40,0,0,0,0,0,20,0,0,0,0,0,0,0,0,0,0,0,0,0,0,0,0,0,0,4,0.3333333333333333,1,1,0,3
20210705210144,4,1,1,18,1,100,6,2,1,1,1,1,1,1,1,1,2,2,2,9,1,70,0,10,0,0,10,60,80,60,0,60,0,20,0,0,0,0,0,0,0,0,0,0,85,55,30,120,0,10,5,0,0,0,15,0,0,90,400,0,0,0,0,250,370,120,120,0,30,0,0,630,0,30,0,600,0,55,0,0,0,0,0,45,0,0,0,10,45,0,0,0,0,0,0,0,0,0,0,0,0,0,0,0,0,0,4,0,1.6666666666666667,0,0,3.3333333333333335
20210705210157,4,1,1,19,2,100,6,2,1,1,1,1,1,1,1,3,2,1,2,4,1,0,0,0,0,0,0,0,0,0,0,0,0,0,300,0,0,0,300,0,295,0,295,0,25,25,0,65,0,65,0,0,0,0,0,0,0,0,310,0,0,0,0,300,300,0,0,0,10,300,0,440,0,30,0,410,0,0,0,0,0,0,0,0,0,0,0,0,0,5,5,0,0,0,0,0,0,0,5,5,0,0,0,0,0,0,4,0,3.6666666666666665,2.6666666666666665,0,2
20210705210161,4,1,1,20,2,100,6,4,1,1,1,1,1,1,1,4,2,1,2,6,1,0,0,0,0,0,0,0,0,0,0,0,0,0,150,0,0,0,150,0,0,0,0,0,45,45,0,445,0,10,0,435,0,0,0,0,0,0,120,0,0,0,0,0,120,120,120,0,0,0,0,480,0,0,0,480,0,200,0,0,0,0,0,0,0,0,200,0,0,0,0,0,0,0,0,0,0,0,0,0,0,0,0,0,0,0,2,4,5,5,2.3333333333333335,4.666666666666667
20210705210242,3,1,1,20,2,110,6,1,1,1,1,1,1,1,1,1,2,2,1,10,1,0,0,0,0,0,0,0,0,0,0,0,0,0,0,0,0,0,0,0,60,60,0,0,5,5,0,30,0,0,0,0,0,0,30,0,0,0,270,0,0,0,0,270,270,0,0,0,0,270,0,1075,0,30,0,1045,0,0,0,0,0,0,0,0,0,0,0,0,0,0,0,0,0,0,0,0,0,0,0,0,0,0,0,0,0,0,6,0,0,0,0,6
20210705210291,4,1,1,19,2,100,6,1,1,1,1,1,1,1,1,2,2,2,2,5,1,0,0,0,0,0,0,0,0,0,0,0,0,0,0,0,0,0,0,0,0,0,0,0,95,95,0,0,0,0,0,0,0,0,0,0,0,0,15,0,0,0,0,15,15,0,0,0,0,0,0,805,0,60,0,745,0,0,0,0,0,0,0,0,0,0,0,0,0,0,0,0,0,0,0,0,0,0,0,0,525,0,0,40,485,0,3,0,1.6666666666666667,3,0,2.3333333333333335
20210705210526,5,1,3,37,1,100,1,2,1,1,1,1,1,1,1,1,2,1,1,9,1,105,0,105,0,0,105,0,0,0,0,0,0,0,0,0,0,0,0,0,0,0,0,0,80,80,0,125,0,80,30,0,0,0,15,0,0,0,340,0,0,0,0,330,340,10,10,0,0,180,0,540,0,75,0,465,0,30,0,20,0,20,0,0,0,0,0,10,0,0,0,0,0,0,0,0,0,0,0,0,220,0,0,0,220,0,4.666666666666667,0,2.3333333333333335,1.3333333333333333,0.6666666666666666,2.6666666666666665
20210705210546,4,1,2,43,2,131,1,2,1,1,1,1,1,1,1,1,2,2,1,10,1,10,0,10,0,0,10,0,0,0,0,0,0,0,0,0,0,0,0,0,0,0,0,0,180,180,0,340,0,310,0,30,0,0,0,0,0,0,280,0,0,0,30,190,250,60,60,30,0,190,0,630,0,30,0,600,0,0,0,0,0,0,0,0,0,0,0,0,0,0,0,0,0,0,0,0,0,0,0,0,0,0,0,0,0,0,6,0,0,0,0,6
20210705210647,2,1,1,36,2,100,5,3,1,1,1,1,1,1,1,3,2,2,3,5,1,0,0,0,0,0,0,0,0,0,0,0,0,0,0,0,0,0,0,0,0,0,0,0,40,40,0,435,0,0,0,90,0,0,345,0,0,0,210,0,0,0,0,210,210,0,0,0,0,120,0,755,0,75,0,680,0,0,0,0,0,0,0,0,0,0,0,0,0,0,0,0,0,0,0,0,0,0,0,0,0,0,0,0,0,0,3.3333333333333335,1.3333333333333333,3.3333333333333335,4,0,3.6666666666666665
20210705210661,4,1,2,53,2,100,1,2,1,1,1,1,1,1,1,1,2,2,2,4,1,0,0,0,0,0,0,0,0,0,0,0,0,0,20,20,0,20,0,0,0,0,0,0,80,80,0,380,60,90,30,90,0,60,50,0,0,0,435,0,0,0,210,225,225,0,0,210,0,90,0,525,0,0,0,525,0,0,0,0,0,0,0,0,0,0,0,0,0,0,0,0,0,0,0,0,0,0,0,0,0,0,0,0,0,0,5.666666666666667,0,2.6666666666666665,1,0,5.666666666666667
20210705210759,2,1,1,40,2,100,6,2,1,1,1,1,1,1,1,2,2,1,2,8,1,0,0,0,0,0,0,0,50,0,0,0,10,40,50,0,0,0,40,10,0,0,0,0,110,80,30,60,0,30,0,20,0,0,10,0,0,0,395,0,0,0,15,380,380,0,0,15,0,380,0,685,0,25,0,660,0,90,0,60,0,60,0,0,0,0,0,30,0,0,0,0,0,0,0,0,0,0,0,0,0,0,0,0,0,0,4.666666666666667,0,2.6666666666666665,2.3333333333333335,0,4
20210705210766,5,1,2,46,2,100,1,4,1,1,1,1,1,1,1,2,2,2,2,7,1,35,0,35,0,0,35,0,0,0,0,0,0,0,0,0,0,0,0,0,0,0,0,0,20,20,0,300,0,300,0,0,0,0,0,0,0,0,415,0,0,0,120,110,290,180,180,120,5,110,0,620,0,0,0,620,0,50,0,20,0,0,0,0,0,0,0,30,0,0,0,0,0,0,0,0,0,0,0,0,0,0,0,0,0,0,5.333333333333333,0,4.666666666666667,1.6666666666666667,3,6
20210705210771,4,1,1,27,1,100,6,3,1,1,1,1,1,1,1,2,2,2,1,5,1,0,0,0,0,0,0,0,0,0,0,0,0,0,0,0,0,0,0,0,0,0,0,0,17,15,2,25,0,0,10,0,0,0,15,0,0,0,166,0,0,0,0,0,156,156,156,0,10,0,0,930,0,15,0,915,0,32,0,30,0,0,0,0,0,0,0,2,0,0,0,0,0,0,0,0,0,0,0,0,270,0,0,30,240,0,5.666666666666667,0,1.3333333333333333,1.3333333333333333,0,5.666666666666667
20210705210774,3,1,1,42,1,131,1,2,1,1,1,1,1,1,1,2,2,2,1,8,1,0,0,0,0,0,0,0,0,0,0,0,0,0,0,0,0,0,0,0,0,0,0,0,205,205,0,30,0,30,0,0,0,0,0,0,0,0,395,0,0,0,60,145,265,120,120,60,70,145,0,810,0,0,0,810,0,0,0,0,0,0,0,0,0,0,0,0,0,0,0,0,0,0,0,0,0,0,0,0,0,0,0,0,0,0,5.333333333333333,0,2.6666666666666665,0,0,5.666666666666667
20210705210842,4,1,2,41,1,131,1,2,1,1,1,1,1,1,1,1,1,2,1,7,1,0,0,0,0,0,0,0,0,0,0,0,0,0,0,0,0,0,0,0,0,0,0,0,45,45,0,210,0,60,0,150,0,0,0,0,0,0,495,0,0,0,0,495,495,0,0,0,0,195,0,690,0,0,0,690,0,0,0,0,0,0,0,0,0,0,0,0,0,0,0,0,0,0,0,0,0,0,0,0,0,0,0,0,0,0,4.333333333333333,0.6666666666666666,2.6666666666666665,1.6666666666666667,1,4
20210705210844,4,1,2,48,1,100,1,2,1,1,1,1,1,1,1,3,2,2,1,6,1,60,0,60,0,0,60,0,0,0,0,0,0,0,0,0,0,0,0,0,0,0,0,0,10,10,0,10,0,10,0,0,0,0,0,0,0,0,180,0,0,0,0,180,180,0,0,0,0,120,0,520,0,40,0,480,0,0,0,0,0,0,0,0,0,0,0,0,0,0,0,0,0,0,0,0,0,0,0,0,660,0,0,0,660,0,3.3333333333333335,1,2,3.6666666666666665,0.6666666666666666,3.6666666666666665
20210705210917,4,1,3,31,2,100,6,1,1,1,1,1,1,1,1,3,2,2,2,5,1,315,0,315,0,0,315,0,0,0,0,0,0,0,30,30,30,0,0,0,0,0,0,0,95,95,0,315,0,145,20,150,0,0,0,0,0,0,60,0,0,0,0,60,60,0,0,0,0,60,0,545,0,0,0,545,0,80,0,60,0,60,0,0,0,0,0,20,0,0,0,0,0,0,0,0,0,0,0,0,0,0,0,0,0,0,3,0,3.6666666666666665,2.6666666666666665,0,2
20210705210923,3,1,1,49,1,100,1,2,1,1,1,1,1,1,1,1,2,2,2,5,1,20,0,20,0,0,20,0,0,0,0,0,0,0,0,0,0,0,0,0,0,0,0,0,60,60,0,0,0,0,0,0,0,0,0,0,0,0,100,0,0,0,0,100,100,0,0,0,0,100,0,660,0,0,0,660,0,0,0,0,0,0,0,0,0,0,0,0,0,0,0,0,0,0,0,0,0,0,0,0,600,0,0,60,540,0,4,0.3333333333333333,3,0,1.6666666666666667,4
20210705210927,3,1,1,57,1,100,4,1,1,1,1,1,1,1,1,2,2,1,2,9,1,0,0,0,0,0,0,0,0,0,0,0,0,0,0,0,0,0,0,0,0,0,0,0,95,95,0,150,0,60,0,90,0,0,0,0,0,0,600,0,0,0,90,420,510,90,90,90,0,120,0,505,0,0,0,505,0,90,0,90,0,0,0,0,0,0,0,0,0,0,0,0,0,0,0,0,0,0,0,0,0,0,0,0,0,0,4,1,2.3333333333333335,0.6666666666666666,0.3333333333333333,4.666666666666667
20210705210999,5,1,3,30,2,100,1,3,1,1,1,1,1,1,1,1,2,2,2,9,1,110,0,110,0,0,110,0,0,0,0,0,0,0,0,0,0,0,0,0,0,0,0,0,90,90,0,270,0,135,0,135,0,0,0,0,0,0,105,0,0,0,0,60,105,45,45,0,0,60,60,565,0,45,0,520,0,240,0,180,0,0,0,0,0,0,0,60,0,0,0,0,0,0,0,0,0,0,0,0,0,0,0,0,0,0,4.333333333333333,0,1.3333333333333333,0.3333333333333333,0,6
20210705211059,2,1,1,65,1,100,6,1,1,1,1,1,1,1,1,1,2,2,1,10,1,84,0,84,0,0,84,0,0,0,0,0,0,0,80,30,30,0,50,0,0,0,0,0,80,80,0,120,0,30,25,65,0,0,0,0,0,0,455,0,0,0,0,455,455,0,0,0,0,200,0,552,0,24,0,528,0,62,0,45,0,45,0,5,0,0,0,12,0,7,0,0,0,0,0,7,0,0,0,0,0,0,0,0,0,0,5.666666666666667,0.3333333333333333,0,0,0,6
20210705211091,6,1,3,36,1,201,6,2,1,1,1,1,1,1,1,1,2,2,2,7,1,0,0,0,0,0,0,0,0,0,0,0,0,0,0,0,0,0,0,0,0,0,0,0,70,70,0,490,0,0,0,0,0,490,0,0,0,0,0,0,0,0,0,0,0,0,0,0,0,0,0,600,0,60,0,540,0,40,0,10,0,0,0,0,0,0,0,30,0,0,0,0,0,0,0,0,0,0,0,0,240,0,0,25,215,0,3,0,1.6666666666666667,0,0.3333333333333333,5.333333333333333
20210705211138,3,1,1,36,1,100,1,1,1,1,1,1,1,1,1,2,2,2,2,6,1,40,0,40,0,0,40,0,0,0,0,0,0,0,0,0,0,0,0,0,0,0,0,0,60,60,0,0,0,0,0,0,0,0,0,0,0,0,110,0,0,0,0,110,110,0,0,0,0,15,0,570,0,30,0,540,0,0,0,0,0,0,0,0,0,0,0,0,0,0,0,0,0,0,0,0,0,0,0,0,660,0,0,0,660,0,3.3333333333333335,0,0.6666666666666666,3,0,2
20210705211185,9,1,5,35,1,100,6,3,1,1,1,1,1,1,1,2,2,2,2,7,1,0,0,0,0,0,0,0,0,0,0,0,0,0,0,0,0,0,0,0,0,0,0,0,40,40,0,0,0,0,0,0,0,0,0,0,0,0,145,0,0,0,20,90,125,35,35,20,0,30,0,590,0,30,0,560,0,0,0,0,0,0,0,0,0,0,0,0,0,0,0,0,0,0,0,0,0,0,0,0,665,0,0,170,495,0,4.666666666666667,0,2,2,0,5
20210705211341,6,1,4,30,2,100,1,3,1,1,1,1,1,1,1,2,2,2,2,7,1,510,0,440,0,15,425,70,0,0,0,0,0,0,0,0,0,0,0,0,0,0,0,0,120,120,0,30,0,15,15,0,0,0,0,0,0,0,0,0,0,0,0,0,0,0,0,0,0,0,60,510,0,0,0,510,0,30,0,10,0,0,0,0,0,0,0,20,0,180,0,0,0,0,0,0,180,0,180,180,0,0,0,0,0,0,5,0,5.666666666666667,2.3333333333333335,0,5
20210705211506,3,1,1,40,2,100,4,2,1,1,1,1,1,1,1,3,2,2,1,10,1,20,0,20,0,0,20,0,0,0,0,0,0,0,0,0,0,0,0,0,0,0,0,0,100,60,40,94,0,64,0,0,0,0,30,0,0,0,316,0,0,0,0,316,316,0,0,0,0,186,0,660,0,60,0,600,0,190,0,0,0,0,0,0,0,180,180,10,0,60,60,0,0,0,0,0,0,0,60,60,0,0,0,0,0,0,4.333333333333333,0,0.3333333333333333,0,0,4.666666666666667
20210705211520,5,1,2,28,1,100,6,3,1,1,1,1,1,1,1,2,2,2,2,7,1,0,0,0,0,0,0,0,0,0,0,0,0,0,0,0,0,0,0,0,360,60,300,0,30,30,0,0,0,0,0,0,0,0,0,0,0,0,260,0,0,0,0,260,260,0,0,0,0,60,0,730,0,0,0,730,0,60,0,25,0,20,0,0,0,0,0,35,0,0,0,0,0,0,0,0,0,0,0,0,0,0,0,0,0,0,5.666666666666667,0,5.333333333333333,1,0,6
20210705211586,6,1,4,40,1,100,1,3,1,1,1,1,1,1,1,3,1,2,2,7,1,15,0,15,0,0,15,0,0,0,0,0,0,0,0,0,0,0,0,0,0,0,0,0,50,50,0,215,0,30,0,0,0,175,10,0,0,0,200,0,0,0,0,130,200,70,70,0,0,120,0,480,0,37,0,443,0,0,0,0,0,0,0,0,0,0,0,0,0,5,0,0,0,0,0,5,0,0,0,0,475,0,0,23,452,0,5,1,4.666666666666667,2.6666666666666665,3,5.666666666666667
20210705211727,4,1,2,43,2,100,1,2,1,1,1,1,1,1,1,1,2,2,2,8,1,83,0,83,0,0,83,0,0,0,0,0,0,0,22,15,0,15,7,0,0,0,0,0,75,75,0,155,0,45,0,90,0,0,20,0,0,0,90,0,0,0,90,0,0,0,0,90,0,0,0,375,0,25,0,350,0,5,0,0,0,0,0,0,0,0,5,0,0,0,0,0,0,0,0,0,0,0,0,0,635,0,0,40,595,0,5,0,1.3333333333333333,1.3333333333333333,0,4.666666666666667
20210705211756,6,1,4,37,1,100,1,1,1,1,1,1,1,1,1,2,1,2,2,9,1,259,0,259,0,0,259,0,0,0,0,0,0,0,0,0,0,0,0,0,0,0,0,0,46,45,1,10,0,0,10,0,0,0,0,0,0,0,0,0,0,0,0,0,0,0,0,0,0,0,15,340,0,20,0,320,0,0,0,0,0,0,0,0,0,0,0,0,0,45,0,0,0,0,0,45,0,0,0,0,725,0,0,15,710,0,4.333333333333333,0,4.333333333333333,0,0,4.666666666666667
20210705211787,6,1,4,37,2,100,1,2,1,1,1,1,1,1,1,2,2,2,1,7,1,505,0,480,20,0,460,25,0,0,0,0,0,0,0,0,0,0,0,0,0,0,0,0,30,30,0,180,0,115,0,65,0,0,0,0,0,0,170,0,0,0,0,160,165,5,5,0,5,160,60,495,0,15,0,480,0,0,0,0,0,0,0,0,0,0,0,0,0,0,0,0,0,0,0,0,0,0,0,0,0,0,0,0,0,0,4.333333333333333,0,3,3.3333333333333335,0,4.333333333333333
20210705211909,5,1,4,36,2,100,4,4,2,1,1,1,2,2,1,3,1,2,1,5,1,370,0,305,0,0,305,65,0,0,0,0,0,0,0,0,0,0,0,0,0,0,0,0,60,45,15,15,0,15,0,0,0,0,0,0,0,0,240,0,115,0,0,125,240,115,0,0,0,125,0,490,0,10,0,480,0,25,0,10,0,0,0,0,0,0,0,15,0,75,0,0,0,0,0,0,60,15,60,60,165,0,0,15,150,0,4,0,3.6666666666666665,0.3333333333333333,3.3333333333333335,3.6666666666666665
20210705211997,3,1,1,37,1,100,1,3,2,1,1,1,2,1,2,2,1,1,2,7,1,345,0,345,0,0,345,0,0,0,0,0,0,0,0,0,0,0,0,0,0,0,0,0,45,45,0,225,0,0,90,120,0,15,0,0,0,0,75,0,0,0,45,30,30,0,0,45,0,0,0,390,0,2,0,388,0,0,0,0,0,0,0,0,0,0,0,0,0,0,0,0,0,0,0,0,0,0,0,0,360,0,0,0,360,0,5,0,3,1.3333333333333333,1,6
20210705212046,4,1,2,34,1,100,1,1,1,1,1,1,1,1,1,2,2,2,2,9,1,415,0,415,0,0,415,0,0,0,0,0,0,0,0,0,0,0,0,0,0,0,0,0,130,105,25,65,0,45,0,0,0,0,20,0,0,0,275,0,0,0,0,275,275,0,0,0,0,155,0,495,0,0,0,495,0,60,0,20,0,0,0,0,0,0,0,40,0,0,0,0,0,0,0,0,0,0,0,0,0,0,0,0,0,0,4,0,3,0.3333333333333333,0,6
20210705212080,4,1,2,39,2,100,1,2,1,1,1,1,1,1,1,3,2,1,1,8,1,610,0,480,0,0,480,130,0,0,0,0,0,0,0,0,0,0,0,0,0,0,0,0,100,60,40,205,0,60,10,120,0,0,15,0,0,0,55,0,0,0,0,55,55,0,0,0,0,0,0,470,0,20,0,450,0,0,0,0,0,0,0,0,0,0,0,0,0,0,0,0,0,0,0,0,0,0,0,0,0,0,0,0,0,0,3,0,3.6666666666666665,1.6666666666666667,0,2.6666666666666665
20210705212259,3,1,1,53,2,100,3,2,1,1,1,1,1,1,1,1,1,1,2,9,1,0,0,0,0,0,0,0,0,0,0,0,0,0,90,0,0,0,90,0,0,0,0,0,90,90,0,120,0,0,0,120,0,0,0,0,0,0,226,0,0,0,0,226,226,0,0,0,0,106,0,780,0,0,0,780,0,0,0,0,0,0,0,0,0,0,0,0,0,0,0,0,0,0,0,0,0,0,0,0,134,120,0,14,0,0,6,0,3.6666666666666665,0,4.333333333333333,6
20210705212304,4,1,2,31,2,100,1,2,1,1,1,1,1,1,1,3,1,2,2,5,1,60,0,60,0,0,60,0,0,0,0,0,0,0,30,0,0,0,30,0,0,0,0,0,10,10,0,745,0,300,0,445,0,0,0,0,0,0,0,0,0,0,0,0,0,0,0,0,0,0,120,225,0,0,0,225,0,100,0,60,0,60,0,0,0,0,0,40,0,0,0,0,0,0,0,0,0,0,0,0,150,0,0,0,150,0,0,3.5,5.5,6,2.5,2
20210706210001,3,1,1,35,2,100,1,2,1,1,1,1,1,1,1,2,2,2,1,9,1,150,0,120,0,0,120,30,0,0,0,0,0,0,0,0,0,0,0,0,0,0,0,0,298,298,0,5,0,0,5,0,0,0,0,0,0,0,250,0,0,0,240,0,0,0,0,240,10,0,0,660,0,60,0,600,0,77,0,65,0,0,0,0,0,0,0,12,0,0,0,0,0,0,0,0,0,0,0,0,0,0,0,0,0,0,5.333333333333333,1,2.3333333333333335,1.6666666666666667,1,5.666666666666667
20210706210040,3,1,1,44,1,100,6,3,1,1,1,1,1,1,1,2,2,2,2,8,1,100,0,40,0,0,40,60,0,0,0,0,0,0,0,0,0,0,0,0,0,0,0,0,120,120,0,110,0,80,0,0,0,0,30,0,0,0,120,0,0,0,0,120,120,0,0,0,0,60,30,450,0,30,0,420,0,0,0,0,0,0,0,0,0,0,0,0,0,0,0,0,0,0,0,0,0,0,0,0,510,0,0,30,480,0,5.333333333333333,0,4,0.3333333333333333,3,5.666666666666667
20210706210090,3,1,1,33,2,100,1,2,1,1,1,1,1,1,1,2,2,2,2,9,1,120,0,120,0,0,120,0,0,0,0,0,0,0,0,0,0,0,0,0,0,0,0,0,60,60,0,70,0,20,0,10,0,0,40,0,0,0,150,0,0,0,0,120,150,30,30,0,0,120,30,440,0,20,0,420,0,0,0,0,0,0,0,0,0,0,0,0,0,0,0,0,0,0,0,0,0,0,0,0,570,0,0,0,570,0,4.333333333333333,0,2.6666666666666665,1,2,4.666666666666667
20210706210182,5,1,1,20,2,100,6,2,1,1,1,1,1,1,1,1,2,2,2,6,1,0,0,0,0,0,0,0,0,0,0,0,0,0,0,0,0,0,0,0,60,0,60,0,35,35,0,0,0,0,0,0,0,0,0,0,0,0,660,0,0,0,0,420,660,240,240,0,0,240,0,621,0,0,0,621,0,0,0,0,0,0,0,0,0,0,0,0,0,64,0,0,0,0,0,60,0,4,0,0,0,0,0,0,0,0,3,2,2.6666666666666665,2,0,3
20210706210235,4,1,2,24,1,100,6,2,1,1,1,1,1,1,1,2,2,1,2,4,1,90,0,80,0,0,80,10,0,0,0,0,0,0,0,0,0,0,0,0,0,0,0,0,60,60,0,0,0,0,0,0,0,0,0,0,0,0,199,0,0,0,45,150,150,0,0,45,4,60,120,556,0,45,0,511,0,0,0,0,0,0,0,0,0,0,0,0,0,0,0,0,0,0,0,0,0,0,0,0,415,0,0,25,390,0,5.666666666666667,0,3,0.6666666666666666,2,6
20210706210253,4,1,2,18,1,100,6,2,1,1,1,1,1,1,1,2,2,2,1,7,1,15,0,15,0,0,15,0,0,0,0,0,0,0,20,20,20,0,0,0,0,0,0,0,55,55,0,20,0,0,20,0,0,0,0,0,0,0,330,0,0,0,240,30,30,0,0,240,60,0,0,630,0,90,0,540,0,0,0,0,0,0,0,0,0,0,0,0,0,0,0,0,0,0,0,0,0,0,0,0,370,0,0,10,360,0,4.666666666666667,0,2.3333333333333335,1.3333333333333333,0,4
20210706210276,4,1,1,19,2,110,6,2,1,1,1,1,1,1,1,2,2,1,1,6,1,0,0,0,0,0,0,0,0,0,0,0,0,0,0,0,0,0,0,0,0,0,0,0,120,117,3,30,0,0,0,30,0,0,0,0,0,0,60,0,0,0,0,60,60,0,0,0,0,60,0,742,0,60,0,682,0,15,0,5,0,0,0,0,0,0,0,10,0,0,0,0,0,0,0,0,0,0,0,0,473,0,0,77,396,0,3,0,1,0,0.6666666666666666,2.6666666666666665
20210706210278,7,1,5,22,2,100,4,3,1,1,1,1,1,1,1,4,1,1,2,6,1,235,0,235,0,0,235,0,0,0,0,0,0,0,0,0,0,0,0,0,0,0,0,0,10,10,0,332,0,267,0,65,0,0,0,0,0,0,105,0,0,0,0,105,105,0,0,0,0,105,0,758,0,20,0,738,0,0,0,0,0,0,0,0,0,0,0,0,0,0,0,0,0,0,0,0,0,0,0,0,0,0,0,0,0,0,3,0,6,3.3333333333333335,2,4
20210706210505,6,1,4,43,2,100,1,4,2,1,1,1,1,2,1,3,2,1,1,9,1,75,0,75,0,0,75,0,0,0,0,0,0,0,0,0,0,0,0,0,0,0,0,0,120,120,0,345,0,85,0,260,0,0,0,0,0,0,210,0,0,0,0,210,210,0,0,0,0,210,0,690,0,25,0,665,0,0,0,0,0,0,0,0,0,0,0,0,0,0,0,0,0,0,0,0,0,0,0,0,0,0,0,0,0,0,2,0,3,2.3333333333333335,3,1.6666666666666667
20210706210522,6,1,2,65,2,100,1,3,1,1,1,1,1,1,1,1,2,2,2,10,1,0,0,0,0,0,0,0,0,0,0,0,0,0,30,0,0,0,30,0,0,0,0,0,35,35,0,375,0,150,90,105,0,30,0,0,0,0,400,0,0,0,0,400,400,0,0,0,0,340,0,600,0,0,0,600,0,0,0,0,0,0,0,0,0,0,0,0,0,0,0,0,0,0,0,0,0,0,0,0,0,0,0,0,0,0,5.666666666666667,0,0.3333333333333333,0,0,3.6666666666666665
20210706210523,4,1,2,41,1,100,1,2,2,1,1,2,1,1,1,3,2,2,2,7,1,150,0,150,0,0,150,0,100,0,0,0,20,80,0,0,0,0,0,0,0,0,0,0,85,85,0,20,0,20,0,0,0,0,0,0,0,0,110,0,0,0,0,80,110,30,30,0,0,30,75,450,0,60,0,390,0,0,0,0,0,0,0,0,0,0,0,0,0,0,0,0,0,0,0,0,0,0,0,0,450,0,0,0,450,0,4.666666666666667,1.3333333333333333,5.333333333333333,3.3333333333333335,0.3333333333333333,5
20210706210528,5,1,2,25,1,100,1,3,1,1,1,1,1,1,1,2,2,2,2,7,1,0,0,0,0,0,0,0,0,0,0,0,0,0,0,0,0,0,0,0,0,0,0,0,160,120,40,15,0,10,5,0,0,0,0,0,0,0,245,0,0,0,102,140,140,0,0,102,3,140,0,375,0,40,0,335,0,90,0,60,0,60,0,0,0,0,0,30,0,0,0,0,0,0,0,0,0,0,0,0,555,0,0,20,535,0,4,0,4.5,4,3,3.5
20210706210532,3,1,1,32,1,100,1,3,1,1,1,1,1,1,1,1,2,2,1,10,1,0,0,0,0,0,0,0,0,0,0,0,0,0,0,0,0,0,0,0,0,0,0,0,15,15,0,0,0,0,0,0,0,0,0,0,0,0,60,0,0,0,0,60,60,0,0,0,0,0,0,660,0,0,0,660,0,0,0,0,0,0,0,0,0,0,0,0,0,0,0,0,0,0,0,0,0,0,0,0,705,0,0,0,705,0,5,0,1,1,0,2.6666666666666665
20210706210542,4,1,2,45,2,100,1,2,1,1,1,1,1,1,1,2,2,2,1,6,1,0,0,0,0,0,0,0,0,0,0,0,0,0,0,0,0,0,0,0,0,0,0,0,75,75,0,52,0,42,0,0,0,0,10,0,0,0,185,0,0,0,0,65,185,120,120,0,0,0,0,365,0,30,0,335,0,0,0,0,0,0,0,0,0,0,0,0,0,0,0,0,0,0,0,0,0,0,0,0,763,0,0,60,703,0,2.6666666666666665,0,4.333333333333333,4.333333333333333,0,4
20210706210548,4,1,2,36,2,100,1,3,1,1,1,1,1,1,1,2,1,2,2,8,1,150,0,150,0,0,150,0,0,0,0,0,0,0,0,0,0,0,0,0,0,0,0,0,60,60,0,90,0,30,0,60,0,0,0,0,0,0,0,0,0,0,0,0,0,0,0,0,0,0,0,570,0,30,0,540,0,0,0,0,0,0,0,0,0,0,0,0,0,0,0,0,0,0,0,0,0,0,0,0,570,0,0,120,450,0,2.6666666666666665,0.3333333333333333,3.3333333333333335,1.6666666666666667,0,5.333333333333333
20210706210552,4,1,2,35,2,131,1,4,1,1,1,1,1,1,1,2,2,1,2,5,1,238,0,228,0,0,228,10,60,0,0,0,60,0,17,0,0,0,17,0,0,0,0,0,180,180,0,330,0,210,0,120,0,0,0,0,0,0,0,0,0,0,0,0,0,0,0,0,0,0,0,435,0,30,0,405,0,60,0,30,0,30,0,0,0,0,0,30,0,0,0,0,0,0,0,0,0,0,0,0,120,0,120,0,0,0,2,1.6666666666666667,5.666666666666667,4,3.3333333333333335,3.6666666666666665
20210706210553,3,1,1,38,1,100,1,3,1,1,1,1,1,1,1,2,2,2,2,8,1,75,0,75,0,0,75,0,0,0,0,0,0,0,15,0,0,0,15,0,0,0,0,0,120,120,0,105,0,65,0,10,0,0,30,0,0,0,65,0,0,0,0,65,65,0,0,0,0,35,0,500,0,10,0,490,0,65,0,5,0,5,0,0,0,30,30,30,0,0,0,0,0,0,0,0,0,0,0,0,495,0,0,0,495,0,3.6666666666666665,0,3,0,0,0
20210706210629,4,1,3,46,2,100,4,3,1,1,1,1,1,1,1,3,1,2,2,7,1,0,0,0,0,0,0,0,0,0,0,0,0,0,0,0,0,0,0,0,0,0,0,0,30,30,0,0,0,0,0,0,0,0,0,0,0,0,0,0,0,0,0,0,0,0,0,0,0,0,0,300,0,45,0,255,0,0,0,0,0,0,0,0,0,0,0,0,0,0,0,0,0,0,0,0,0,0,0,0,1110,0,0,15,1095,0,3,0,2,3.3333333333333335,0,4.666666666666667
20210706210634,4,1,2,40,2,100,1,2,1,1,1,1,1,1,1,2,2,2,2,10,1,0,0,0,0,0,0,0,195,0,0,0,180,15,0,0,0,0,0,0,0,0,0,0,120,120,0,0,0,0,0,0,0,0,0,0,0,0,565,0,0,0,0,60,545,485,485,0,20,60,0,480,0,0,0,480,0,80,0,60,0,0,0,0,0,0,0,20,0,0,0,0,0,0,0,0,0,0,0,0,0,0,0,0,0,0,6,0,0,0,0,6
20210706210666,4,1,2,30,2,100,1,3,1,1,1,1,1,1,1,1,2,2,3,10,1,70,0,40,0,0,40,30,0,0,0,0,0,0,0,0,0,0,0,0,0,0,0,0,90,60,30,315,0,60,0,255,0,0,0,0,0,0,270,0,0,0,0,180,270,90,90,0,0,180,0,660,0,90,0,570,0,35,0,5,0,0,0,0,0,0,0,30,0,0,0,0,0,0,0,0,0,0,0,0,0,0,0,0,0,0,6,0,0.3333333333333333,0,0,6
20210706210668,2,1,1,33,2,100,5,1,1,1,1,1,1,1,1,2,2,2,1,7,1,20,0,20,0,0,20,0,0,0,0,0,0,0,0,0,0,0,0,0,0,0,0,0,0,0,0,5,0,5,0,0,0,0,0,0,0,0,215,0,0,0,0,0,180,180,180,0,35,0,0,576,0,153,0,423,0,112,0,27,0,0,0,0,0,0,0,85,0,0,0,0,0,0,0,0,0,0,0,0,512,0,0,32,480,0,4.333333333333333,0,5.333333333333333,0,4,4
20210706210680,3,1,1,36,2,131,1,1,1,1,1,1,1,1,1,2,2,2,1,10,1,85,0,85,0,0,85,0,0,0,0,0,0,0,60,0,0,0,60,0,0,0,0,0,167,120,47,105,0,105,0,0,0,0,0,0,0,0,120,0,0,0,60,60,60,0,0,60,0,60,0,738,0,62,0,676,0,165,0,120,0,0,0,0,0,0,0,45,0,0,0,0,0,0,0,0,0,0,0,0,0,0,0,0,0,0,6,2,0,0,0,6
20210706210689,3,1,1,58,2,100,6,4,1,1,1,1,1,1,1,3,2,1,2,7,1,0,0,0,0,0,0,0,0,0,0,0,0,0,10,0,0,0,10,0,0,0,0,0,55,55,0,0,0,0,0,0,0,0,0,0,0,0,255,0,0,0,0,255,255,0,0,0,0,255,0,570,0,90,0,480,0,0,0,0,0,0,0,0,0,0,0,0,0,0,0,0,0,0,0,0,0,0,0,0,550,0,0,50,500,0,3.3333333333333335,3,5,4,4,4.666666666666667
20210706210703,4,1,2,42,1,100,1,1,1,1,1,1,1,1,1,1,2,2,1,10,1,0,0,0,0,0,0,0,0,0,0,0,0,0,0,0,0,0,0,0,0,0,0,0,80,80,0,0,0,0,0,0,0,0,0,0,0,0,375,0,0,0,0,235,375,140,140,0,0,235,0,520,0,40,0,480,0,35,0,10,0,0,0,0,0,0,0,25,0,0,0,0,0,0,0,0,0,0,0,0,430,0,0,20,410,0,6,0,1,0,0,6
20210706210709,3,1,1,53,1,100,4,2,1,1,1,1,1,1,1,2,2,2,2,10,1,0,0,0,0,0,0,0,0,0,0,0,0,0,30,0,0,0,30,0,0,0,0,0,70,45,25,0,0,0,0,0,0,0,0,0,0,0,165,0,0,0,0,165,165,0,0,0,0,135,0,623,0,40,0,583,0,42,0,12,0,0,0,0,0,0,0,30,0,0,0,0,0,0,0,0,0,0,0,0,510,0,0,30,480,0,2.6666666666666665,2,6,2,5,1.6666666666666667
20210706210713,4,1,2,36,1,100,1,2,1,1,1,1,1,1,1,2,2,2,2,8,1,540,0,520,0,0,520,20,0,0,0,0,0,0,0,0,0,0,0,0,0,0,0,0,55,55,0,238,0,53,35,0,0,150,0,0,0,0,57,0,0,0,0,57,57,0,0,0,0,57,30,505,0,0,0,505,0,0,0,0,0,0,0,0,0,0,0,0,0,0,0,0,0,0,0,0,0,0,0,0,15,0,0,0,15,0,5.333333333333333,0,3,0,0.3333333333333333,5
20210706210726,5,1,3,36,2,100,1,4,1,1,1,1,1,1,1,1,2,2,2,7,1,86,0,86,0,0,86,0,0,0,0,0,0,0,15,15,0,15,0,0,0,0,0,0,20,20,0,41,0,20,1,20,0,0,0,0,0,0,390,0,0,0,0,345,390,45,45,0,0,255,90,532,0,37,0,495,0,86,0,60,0,0,0,0,0,0,0,26,0,180,0,0,0,0,0,150,0,30,0,0,0,0,0,0,0,0,4.333333333333333,3.3333333333333335,2.6666666666666665,1.6666666666666667,0,4.333333333333333
20210706210733,5,1,3,41,2,100,1,1,1,1,1,1,1,1,1,4,2,2,3,7,1,375,0,375,0,0,375,0,0,0,0,0,0,0,0,0,0,0,0,0,0,0,0,0,30,30,0,95,0,80,0,0,0,0,15,0,0,0,285,0,0,0,0,285,285,0,0,0,0,285,0,640,0,30,0,610,0,0,0,0,0,0,0,0,0,0,0,0,0,0,0,0,0,0,0,0,0,0,0,0,15,0,0,0,15,0,4,2.3333333333333335,4,4.333333333333333,0.3333333333333333,3
20210706210744,3,1,1,37,2,110,1,3,1,1,1,1,1,1,1,2,2,2,2,4,1,60,0,20,0,0,20,40,0,0,0,0,0,0,0,0,0,0,0,0,0,0,0,0,50,50,0,0,0,0,0,0,0,0,0,0,0,0,230,0,0,0,0,230,230,0,0,0,0,230,45,480,0,45,0,435,0,65,0,5,0,0,0,0,0,0,0,60,0,0,0,0,0,0,0,0,0,0,0,0,510,0,0,15,495,0,4,0,3.6666666666666665,1,0,5.333333333333333
20210706210758,4,1,2,36,1,100,1,3,1,1,1,1,1,1,1,2,2,2,2,5,1,50,0,20,0,0,20,30,0,0,0,0,0,0,0,0,0,0,0,0,0,0,0,0,5,5,0,0,0,0,0,0,0,0,0,0,0,0,60,0,0,0,0,60,60,0,0,0,0,60,0,400,0,45,0,355,0,80,0,10,0,0,0,0,0,0,0,70,0,0,0,0,0,0,0,0,0,0,0,0,845,0,0,30,815,0,2.6666666666666665,0,1,1.3333333333333333,0,2
20210706210804,4,1,3,40,2,110,4,4,1,1,1,1,1,1,1,1,1,1,1,3,1,115,0,110,0,0,110,5,0,0,0,0,0,0,0,0,0,0,0,0,0,0,0,0,0,0,0,0,0,0,0,0,0,0,0,0,0,0,555,0,0,0,0,540,540,0,0,0,15,540,0,746,0,30,0,716,0,24,0,5,0,0,0,0,0,0,0,19,0,0,0,0,0,0,0,0,0,0,0,0,0,0,0,0,0,0,2.6666666666666665,4,4,2.6666666666666665,5,6
20210706210818,3,1,1,37,1,100,1,3,1,1,1,1,1,1,1,3,2,2,2,8,1,90,0,90,0,0,90,0,0,0,0,0,0,0,0,0,0,0,0,0,0,0,0,0,155,155,0,103,0,83,0,0,0,0,20,0,0,0,212,0,0,0,0,195,212,17,17,0,0,180,0,405,0,15,0,390,0,25,0,15,0,0,0,0,0,0,0,10,0,0,0,0,0,0,0,0,0,0,0,0,450,0,0,0,450,0,5,0,3.6666666666666665,3,0,3.3333333333333335
20210706210829,5,1,3,34,1,100,1,1,1,1,1,1,1,1,1,2,2,1,2,9,1,0,0,0,0,0,0,0,0,0,0,0,0,0,0,0,0,0,0,0,0,0,0,0,45,45,0,380,0,90,0,0,0,210,80,0,0,0,430,0,0,0,0,240,430,190,190,0,0,240,0,480,0,30,0,450,0,105,0,60,0,60,0,10,0,0,0,35,10,0,0,0,0,0,0,0,0,0,0,0,0,0,0,0,0,0,4.666666666666667,0,3.3333333333333335,0,1.3333333333333333,5.333333333333333
20210706210844,3,1,1,35,1,131,1,3,1,1,1,1,1,1,1,1,2,2,1,8,1,180,0,165,0,0,165,15,0,0,0,0,0,0,0,0,0,0,0,0,0,0,0,0,30,30,0,0,0,0,0,0,0,0,0,0,0,0,140,0,0,0,0,140,140,0,0,0,0,140,30,600,0,30,60,510,0,0,0,0,0,0,0,0,0,0,0,0,0,0,0,0,0,0,0,0,0,0,0,0,460,0,0,0,460,0,4.5,1,2,2,0,5
20210706210846,5,1,2,74,1,100,1,3,1,1,1,1,1,1,1,1,2,2,2,7,1,0,0,0,0,0,0,0,0,0,0,0,0,0,0,0,0,0,0,0,0,0,0,0,150,150,0,250,0,250,0,0,0,0,0,0,0,0,560,0,0,0,0,560,560,0,0,0,0,260,0,480,0,0,0,480,0,0,0,0,0,0,0,0,0,0,0,0,0,0,0,0,0,0,0,0,0,0,0,0,0,0,0,0,0,0,2,0.6666666666666666,2,0,0,0
20210706210850,3,1,1,72,1,100,1,3,1,1,1,1,1,1,1,4,1,1,2,4,1,0,0,0,0,0,0,0,0,0,0,0,0,0,0,0,0,0,0,0,0,0,0,0,10,10,0,0,0,0,0,0,0,0,0,0,0,0,110,0,0,0,0,110,110,0,0,0,0,110,0,1320,0,0,50,1270,0,0,0,0,0,0,0,0,0,0,0,0,0,0,0,0,0,0,0,0,0,0,0,0,0,0,0,0,0,0,0,4,6,2.5,4,0
20210706210866,4,1,2,38,1,100,1,3,1,1,1,1,1,1,1,2,1,2,1,8,1,450,0,450,0,0,450,0,0,0,0,0,0,0,0,0,0,0,0,0,0,0,0,0,150,150,0,240,0,120,0,0,0,120,0,0,0,0,90,0,0,0,0,90,90,0,0,0,0,0,0,510,0,30,0,480,0,0,0,0,0,0,0,0,0,0,0,0,0,0,0,0,0,0,0,0,0,0,0,0,0,0,0,0,0,0,4.666666666666667,0,3,1.3333333333333333,0,4.666666666666667
20210706210868,4,1,2,43,1,100,1,1,2,1,1,1,1,1,2,1,2,2,2,8,1,30,0,30,0,0,30,0,0,0,0,0,0,0,0,0,0,0,0,0,0,0,0,0,45,45,0,105,0,45,15,45,0,0,0,0,0,0,90,0,0,0,0,90,90,0,0,0,0,90,0,540,0,30,0,510,0,150,0,90,0,90,0,0,0,0,0,60,0,0,0,0,0,0,0,0,0,0,0,0,480,0,0,45,435,0,3.3333333333333335,0,3,1,0,5.666666666666667
20210706210869,3,1,1,51,1,100,1,3,1,1,1,1,1,1,1,2,2,2,2,8,1,30,0,30,0,0,30,0,60,60,0,60,0,0,0,0,0,0,0,0,0,0,0,0,70,60,10,120,0,120,0,0,0,0,0,0,0,0,570,0,0,0,300,270,270,0,0,300,0,120,70,520,0,0,0,505,15,0,0,0,0,0,0,0,0,0,0,0,0,0,0,0,0,0,0,0,0,0,0,0,0,0,0,0,0,0,6,0,1.3333333333333333,0,0,0
20210706210871,3,1,1,35,2,131,1,2,1,1,1,1,1,1,1,1,2,2,1,6,1,30,0,30,0,0,30,0,0,0,0,0,0,0,0,0,0,0,0,0,0,0,0,0,150,150,0,190,0,40,0,120,0,30,0,0,0,0,440,0,0,0,0,260,380,120,120,0,60,0,0,630,0,30,0,600,0,0,0,0,0,0,0,0,0,0,0,0,0,0,0,0,0,0,0,0,0,0,0,0,0,0,0,0,0,0,4.666666666666667,0,6,2,1.6666666666666667,0
20210706210876,4,1,2,39,2,100,1,3,1,1,1,1,1,1,1,3,2,2,1,6,1,225,0,205,0,15,190,20,0,0,0,0,0,0,0,0,0,0,0,0,0,0,0,0,45,45,0,90,0,30,0,0,0,0,60,0,0,0,0,0,0,0,0,0,0,0,0,0,0,0,0,475,0,30,0,445,0,75,0,35,0,0,0,0,0,0,0,40,0,0,0,0,0,0,0,0,0,0,0,0,530,0,0,75,455,0,4,1,3,2,0,3.3333333333333335
20210706210906,7,1,4,80,2,100,3,4,2,1,1,1,2,2,1,2,1,1,2,6,1,0,0,0,0,0,0,0,0,0,0,0,0,0,30,30,30,0,0,0,0,0,0,0,91,91,0,84,0,19,0,5,0,0,60,0,0,0,560,0,0,0,0,560,560,0,0,0,0,500,0,675,0,45,0,630,0,0,0,0,0,0,0,0,0,0,0,0,0,0,0,0,0,0,0,0,0,0,0,0,0,0,0,0,0,0,3.3333333333333335,3,3.6666666666666665,2,3,4
20210706210951,4,1,2,44,1,100,1,1,2,1,1,1,1,1,2,4,2,1,1,8,1,0,0,0,0,0,0,0,0,0,0,0,0,0,0,0,0,0,0,0,0,0,0,0,120,95,0,210,0,45,45,0,90,0,0,0,30,0,290,0,0,0,90,30,195,165,165,90,5,0,0,720,0,50,0,660,10,100,0,45,0,0,0,0,0,0,0,55,0,0,0,0,0,0,0,0,0,0,0,0,0,0,0,0,0,0,4.333333333333333,1,4.333333333333333,1.6666666666666667,2.6666666666666665,2.3333333333333335
20210706210987,2,1,1,34,2,110,6,2,1,1,1,1,1,1,1,1,2,2,1,7,1,0,0,0,0,0,0,0,0,0,0,0,0,0,0,0,0,0,0,0,0,0,0,0,30,30,0,400,0,150,0,60,0,180,0,0,10,0,255,0,0,0,45,210,210,0,0,45,0,60,0,525,0,80,0,445,0,0,0,0,0,0,0,0,0,0,0,0,0,230,0,0,0,0,0,230,0,0,0,0,0,0,0,0,0,0,6,0,1,0,0.3333333333333333,5.666666666666667
20210706210995,4,1,2,48,1,100,1,2,1,1,1,1,1,1,1,1,2,2,2,9,1,0,0,0,0,0,0,0,0,0,0,0,0,0,0,0,0,0,0,0,0,0,0,0,90,90,0,30,0,0,30,0,0,0,0,0,0,0,255,0,0,0,15,120,220,100,100,15,20,90,0,450,0,90,0,360,0,0,0,0,0,0,0,0,0,0,0,0,0,0,0,0,0,0,0,0,0,0,0,0,615,0,0,20,595,0,6,0,0.6666666666666666,0,0,6
20210706211007,7,1,4,44,1,100,1,2,1,1,1,1,1,1,1,1,2,1,2,10,1,181,0,151,0,0,151,30,0,0,0,0,0,0,0,0,0,0,0,0,0,0,0,0,5,5,0,0,0,0,0,0,0,0,0,0,0,0,93,0,0,0,0,0,93,93,93,0,0,0,0,527,0,32,0,495,0,27,0,10,0,0,0,0,0,0,0,17,0,0,0,0,0,0,0,0,0,0,0,0,607,0,0,30,577,0,6,0,1.6666666666666667,0,0,5.666666666666667
20210706211016,4,1,2,47,1,100,1,2,1,1,1,1,1,1,1,1,2,2,2,8,1,0,0,0,0,0,0,0,0,0,0,0,0,0,0,0,0,0,0,0,0,0,0,0,75,75,0,10,0,10,0,0,0,0,0,0,0,0,190,0,0,0,60,45,130,85,85,60,0,45,0,510,0,30,0,480,0,0,0,0,0,0,0,0,0,0,0,0,0,0,0,0,0,0,0,0,0,0,0,0,655,0,0,10,645,0,5,0.3333333333333333,2.3333333333333335,0.6666666666666666,0.6666666666666666,4.666666666666667
20210706211032,5,1,3,35,2,100,1,2,1,1,1,1,1,1,1,1,2,2,2,10,1,219,0,219,0,0,219,0,0,0,0,0,0,0,0,0,0,0,0,0,0,0,0,0,30,30,0,155,0,105,0,50,0,0,0,0,0,0,391,0,0,0,60,331,331,0,0,60,0,331,0,525,0,0,0,525,0,120,0,70,0,60,0,0,0,0,0,50,0,0,0,0,0,0,0,0,0,0,0,0,0,0,0,0,0,0,4,1,3,2.6666666666666665,0,3.3333333333333335
20210706211044,3,1,1,37,2,100,1,2,1,1,1,1,1,1,1,2,2,1,2,8,1,290,0,290,0,0,290,0,0,0,0,0,0,0,0,0,0,0,0,0,0,0,0,0,85,85,0,210,0,80,0,130,0,0,0,0,0,0,175,0,0,0,0,155,155,0,0,0,20,115,0,600,0,0,0,600,0,50,0,25,0,0,0,0,0,0,0,25,0,30,0,0,0,0,0,30,0,0,0,0,0,0,0,0,0,0,4.666666666666667,0,2.3333333333333335,1.3333333333333333,4,5.333333333333333
20210706211057,5,1,3,33,2,100,1,3,1,1,1,1,1,1,1,2,2,1,2,4,1,120,0,120,0,0,120,0,0,0,0,0,0,0,40,10,10,0,30,0,0,0,0,0,80,80,0,180,0,105,0,75,0,0,0,0,0,0,465,0,0,0,149,104,314,210,210,149,2,30,0,455,0,50,0,405,0,100,0,60,0,0,0,0,0,0,0,40,0,0,0,0,0,0,0,0,0,0,0,0,0,0,0,0,0,0,3,2.6666666666666665,4,4,0,3.6666666666666665
20210706211059,3,1,1,38,1,100,6,3,1,1,1,1,1,1,1,1,2,2,2,8,1,0,0,0,0,0,0,0,0,0,0,0,0,0,0,0,0,0,0,0,0,0,0,0,75,75,0,200,0,0,0,200,0,0,0,0,0,0,445,0,0,0,120,245,245,0,0,120,80,120,0,720,0,0,0,720,0,0,0,0,0,0,0,0,0,0,0,0,0,0,0,0,0,0,0,0,0,0,0,0,0,0,0,0,0,0,5.333333333333333,0,1.3333333333333333,0,0.6666666666666666,5.666666666666667
20210706211074,3,1,1,33,1,110,6,2,1,1,1,1,1,1,1,3,2,2,2,6,1,30,0,30,0,0,30,0,0,0,0,0,0,0,0,0,0,0,0,0,0,0,0,0,80,80,0,230,0,60,0,160,0,0,0,0,0,10,435,0,0,0,181,237,237,0,0,181,17,117,0,530,0,21,0,509,0,15,0,10,0,0,0,0,0,0,0,5,0,0,0,0,0,0,0,0,0,0,0,0,120,0,0,0,120,0,5,0,3,1,0,3.6666666666666665
20210706211082,4,1,2,45,2,100,6,3,1,1,1,1,1,1,1,4,1,1,3,5,1,10,0,10,0,0,10,0,0,0,0,0,0,0,20,0,0,0,20,0,0,0,0,0,90,90,0,120,0,80,0,15,0,25,0,0,0,0,30,0,0,0,0,30,30,0,0,0,0,0,0,535,0,45,0,490,0,70,5,25,0,25,0,0,0,0,5,40,0,0,0,0,0,0,0,0,0,0,0,0,565,0,0,30,535,0,4.666666666666667,2,0,1.3333333333333333,4,2
20210706211103,6,1,2,41,2,100,1,3,2,1,1,1,1,1,2,2,2,1,1,9,1,100,30,70,0,0,70,0,0,0,0,0,0,0,45,0,0,0,45,0,0,0,0,0,105,105,0,150,0,150,0,0,0,0,0,0,0,0,165,0,0,0,35,130,130,0,0,35,0,70,0,495,0,0,0,495,0,0,0,0,0,0,0,0,0,0,0,0,0,0,0,0,0,0,0,0,0,0,0,0,380,0,0,0,380,0,4.666666666666667,0,1.6666666666666667,1.3333333333333333,0,4.333333333333333
20210706211105,6,1,3,46,1,100,1,2,1,1,1,1,1,1,1,2,2,2,1,8,1,0,0,0,0,0,0,0,0,0,0,0,0,0,0,0,0,0,0,0,0,0,0,0,111,111,0,60,0,0,0,60,0,0,0,0,0,0,240,0,0,0,0,240,240,0,0,0,0,240,0,929,0,0,0,929,0,0,0,0,0,0,0,0,0,0,0,0,0,100,0,0,0,0,0,90,0,10,0,0,0,0,0,0,0,0,6,2,1.6666666666666667,2,1,4.666666666666667
20210706211129,4,1,1,35,1,100,6,3,1,1,1,1,1,1,1,2,2,2,2,6,1,0,0,0,0,0,0,0,0,0,0,0,0,0,0,0,0,0,0,0,0,0,0,0,70,70,0,0,0,0,0,0,0,0,0,0,0,0,270,0,0,0,0,270,270,0,0,0,0,240,0,665,0,122,0,543,0,0,0,0,0,0,0,0,0,0,0,0,0,0,0,0,0,0,0,0,0,0,0,0,435,0,0,30,405,0,4.666666666666667,1,2,3.6666666666666665,1,4.666666666666667
20210706211130,3,1,1,46,2,110,1,2,1,1,1,1,1,1,1,1,2,2,1,9,1,0,0,0,0,0,0,0,1,1,0,1,0,0,15,15,15,0,0,0,0,0,0,0,105,105,0,390,30,65,45,250,0,0,0,0,0,0,60,0,0,0,60,0,0,0,0,60,0,0,0,715,0,120,0,595,0,154,0,95,0,0,0,0,0,0,0,59,0,0,0,0,0,0,0,0,0,0,0,0,0,0,0,0,0,0,4,0,1.3333333333333333,0,0,4.333333333333333
20210706211147,6,1,4,37,2,100,1,3,1,1,1,1,1,1,1,2,2,2,1,6,1,260,0,260,0,0,260,0,0,0,0,0,0,0,0,0,0,0,0,0,0,0,0,0,30,30,0,380,0,225,0,135,0,0,20,0,0,0,120,0,0,0,0,120,120,0,0,0,0,90,0,530,0,0,0,530,0,120,0,0,0,0,0,0,0,75,75,45,0,0,0,0,0,0,0,0,0,0,0,0,0,0,0,0,0,0,3.6666666666666665,0,3,1.3333333333333333,0,2.3333333333333335
20210706211166,4,1,2,31,2,100,1,3,1,1,1,1,1,1,1,2,2,1,1,7,1,593,0,593,0,0,593,0,0,0,0,0,0,0,32,0,0,0,32,0,0,0,0,0,20,20,0,55,0,45,0,10,0,0,0,0,0,0,230,0,0,0,0,210,230,20,20,0,0,210,0,470,0,5,0,465,0,40,0,20,0,20,0,0,0,0,0,20,0,0,0,0,0,0,0,0,0,0,0,0,0,0,0,0,0,0,3,1.3333333333333333,3.3333333333333335,3,0,2
20210706211198,4,1,2,39,1,131,1,3,1,1,1,1,1,1,1,2,1,2,3,5,1,0,0,0,0,0,0,0,0,0,0,0,0,0,0,0,0,0,0,0,0,0,0,0,150,150,0,295,0,60,0,235,0,0,0,0,0,0,285,0,0,0,0,120,240,120,120,0,45,120,0,570,0,0,0,570,0,140,0,120,0,0,0,0,0,0,0,20,0,0,0,0,0,0,0,0,0,0,0,0,0,0,0,0,0,0,4.333333333333333,0,3,3,0,4
20210706211199,4,1,2,42,1,110,1,2,1,1,1,1,1,1,1,1,1,2,2,10,1,277,0,262,0,0,262,15,0,0,0,0,0,0,20,20,20,0,0,0,0,0,0,0,40,40,0,90,0,50,0,0,0,40,0,0,0,0,580,0,0,0,0,500,580,80,80,0,0,460,0,430,0,70,0,360,0,0,0,0,0,0,0,0,0,0,0,0,0,3,0,0,0,0,0,3,0,0,0,0,0,0,0,0,0,0,6,0,1,1.3333333333333333,0,6
20210706211227,4,1,1,46,1,110,1,2,1,1,1,1,1,1,1,3,2,1,2,7,1,0,0,0,0,0,0,0,35,15,0,15,0,20,0,0,0,0,0,0,0,0,0,0,105,105,0,45,0,45,0,0,0,0,0,0,0,0,50,0,0,0,0,50,50,0,0,0,0,50,75,290,0,20,0,270,0,0,0,0,0,0,0,0,0,0,0,0,0,0,0,0,0,0,0,0,0,0,0,0,840,0,0,45,795,0,3.6666666666666665,0,4,0.6666666666666666,0.3333333333333333,3.3333333333333335
20210706211232,5,1,2,40,2,100,1,1,1,1,1,1,1,1,1,1,2,2,1,10,1,120,0,105,0,10,95,15,0,0,0,0,0,0,0,0,0,0,0,0,0,0,0,0,120,120,0,140,0,70,10,60,0,0,0,0,0,0,235,0,0,0,20,120,215,95,95,20,0,60,0,631,0,50,0,581,0,129,0,65,0,30,0,0,0,0,0,64,0,65,0,0,0,0,0,65,0,0,0,0,0,0,0,0,0,0,6,0,0,0,0,6
20210706211243,4,1,2,25,2,100,6,2,1,1,1,1,1,1,1,3,2,1,2,7,1,175,0,135,0,0,135,40,0,0,0,0,0,0,60,0,0,0,60,0,0,0,0,0,0,0,0,80,0,40,0,0,0,10,0,0,0,30,290,135,0,0,0,55,190,0,0,0,100,55,0,595,0,135,0,460,0,240,10,55,0,0,35,0,0,0,45,140,0,0,0,0,0,0,0,0,0,0,0,0,0,0,0,0,0,0,3.3333333333333335,0,0.6666666666666666,5,4.666666666666667,5.666666666666667
20210706211255,4,1,3,33,2,100,4,2,1,1,1,1,1,1,1,3,2,2,2,9,1,0,0,0,0,0,0,0,345,185,0,185,0,160,0,0,0,0,0,0,0,0,0,0,90,70,20,65,0,0,65,0,0,0,0,0,0,0,60,0,0,0,0,60,60,0,0,0,0,60,0,875,0,60,0,815,0,5,0,5,0,0,0,0,0,0,0,0,0,0,0,0,0,0,0,0,0,0,0,0,0,0,0,0,0,0,5,0,3,0,0,4.666666666666667
20210706211259,3,1,1,64,1,100,1,3,1,1,1,1,1,1,1,4,1,2,2,5,1,0,0,0,0,0,0,0,0,0,0,0,0,0,0,0,0,0,0,0,0,0,0,0,75,75,0,690,0,0,0,0,690,0,0,0,0,0,210,0,0,0,0,210,210,0,0,0,0,90,0,420,0,5,1,414,0,0,0,0,0,0,0,0,0,0,0,0,0,0,0,0,0,0,0,0,0,0,0,0,45,0,0,0,45,0,3,0,2.6666666666666665,0,0,2.6666666666666665
20210706211287,3,1,1,38,2,100,1,2,1,1,1,1,1,1,1,1,2,2,1,5,1,115,0,95,0,0,95,20,0,0,0,0,0,0,10,0,0,0,10,0,0,0,0,0,130,130,0,0,0,0,0,0,0,0,0,0,0,0,0,0,0,0,0,0,0,0,0,0,0,0,0,645,0,60,0,585,0,0,0,0,0,0,0,0,0,0,0,0,0,90,0,0,0,0,0,90,0,0,0,0,450,0,0,0,450,0,4.666666666666667,0,2,3,0,5
20210706211329,5,1,2,80,1,110,1,5,1,1,1,1,1,1,1,4,1,1,2,8,1,0,0,0,0,0,0,0,0,0,0,0,0,0,0,0,0,0,0,0,0,0,0,0,5,5,0,5,0,5,0,0,0,0,0,0,0,0,830,0,0,0,0,830,830,0,0,0,0,0,0,600,0,0,0,600,0,0,0,0,0,0,0,0,0,0,0,0,0,0,0,0,0,0,0,0,0,0,0,0,0,0,0,0,0,0,6,6,6,6,6,6
20210706211343,5,1,3,37,2,100,1,3,1,1,1,1,1,1,1,2,1,2,2,6,1,0,0,0,0,0,0,0,0,0,0,0,0,0,0,0,0,0,0,0,0,0,0,0,120,95,25,155,0,95,0,60,0,0,0,0,0,0,220,0,0,0,0,220,220,0,0,0,0,50,0,610,0,60,0,550,0,335,0,190,0,120,40,0,0,0,40,105,0,0,0,0,0,0,0,0,0,0,0,0,0,0,0,0,0,0,6,0,0.6666666666666666,1.6666666666666667,0,1.6666666666666667
20210706211359,2,1,1,53,2,100,3,2,1,1,1,1,1,1,1,2,2,1,2,5,1,1,0,1,0,0,1,0,0,0,0,0,0,0,0,0,0,0,0,0,0,0,0,0,83,83,0,120,0,5,0,110,5,0,0,0,0,0,617,0,0,0,0,617,617,0,0,0,0,0,115,459,0,10,0,449,0,45,0,25,0,0,0,0,0,0,0,20,0,0,0,0,0,0,0,0,0,0,0,0,0,0,0,0,0,0,4.333333333333333,4,4.333333333333333,2,0,3
20210706211361,4,1,1,41,2,300,1,2,1,1,1,1,1,1,1,2,2,2,2,9,1,165,0,165,0,0,165,0,0,0,0,0,0,0,25,25,25,0,0,0,0,0,0,0,50,50,0,80,0,65,5,10,0,0,0,0,0,0,183,0,0,0,0,148,183,35,35,0,0,133,0,585,0,65,0,520,0,127,0,105,0,90,0,0,0,0,0,22,0,0,0,0,0,0,0,0,0,0,0,0,225,0,0,0,225,0,0.3333333333333333,2,2.3333333333333335,0,0,6
20210706211383,3,1,1,53,2,100,4,2,1,1,1,1,1,1,1,1,1,1,2,5,1,80,0,15,0,0,15,65,0,0,0,0,0,0,0,0,0,0,0,0,0,0,0,0,35,35,0,0,0,0,0,0,0,0,0,0,0,0,0,0,0,0,0,0,0,0,0,0,0,0,0,732,0,90,7,635,0,60,0,60,0,0,0,0,0,0,0,0,0,0,0,0,0,0,0,0,0,0,0,0,533,0,0,20,513,0,4.333333333333333,0,2,2.3333333333333335,0,5
20210706211401,4,1,1,46,2,100,1,3,1,1,1,1,1,1,1,3,2,1,2,7,1,0,0,0,0,0,0,0,60,0,0,0,60,0,0,0,0,0,0,0,0,0,0,0,120,120,0,510,0,210,30,180,0,0,60,0,30,0,330,0,0,0,0,90,300,210,210,0,30,60,0,420,0,60,0,360,0,0,0,0,0,0,0,0,0,0,0,0,0,0,0,0,0,0,0,0,0,0,0,0,0,0,0,0,0,0,3.6666666666666665,0.6666666666666666,4.333333333333333,0.3333333333333333,2,1.3333333333333333
20210706211406,2,1,1,33,2,200,6,3,1,1,1,1,1,1,1,1,1,2,1,10,1,230,0,210,0,0,210,20,0,0,0,0,0,0,0,0,0,0,0,0,0,0,0,0,80,80,0,80,0,80,0,0,0,0,0,0,0,0,275,0,175,0,0,90,265,175,0,0,10,35,40,735,0,20,5,710,0,0,0,0,0,0,0,0,0,0,0,0,0,0,0,0,0,0,0,0,0,0,0,0,0,0,0,0,0,0,4,0,0,3.3333333333333335,0,6
20210706211423,3,1,1,40,1,100,1,3,1,1,1,1,1,1,1,1,2,2,1,7,1,0,0,0,0,0,0,0,0,0,0,0,0,0,0,0,0,0,0,0,0,0,0,0,262,190,72,0,0,0,0,0,0,0,0,0,0,0,300,0,180,0,0,0,180,180,0,0,120,0,0,768,0,55,0,713,0,110,0,90,0,0,0,0,0,0,0,20,0,0,0,0,0,0,0,0,0,0,0,0,0,0,0,0,0,0,6,0,0,0,0,6
20210706211438,4,1,2,52,1,100,1,3,1,1,1,1,1,1,1,2,2,1,2,7,1,20,0,20,0,0,20,0,0,0,0,0,0,0,0,0,0,0,0,0,0,0,0,0,75,75,0,0,0,0,0,0,0,0,0,0,0,0,820,120,0,0,60,195,690,375,375,60,70,0,0,525,0,75,0,450,0,0,0,0,0,0,0,0,0,0,0,0,0,0,0,0,0,0,0,0,0,0,0,0,0,0,0,0,0,0,4,1,2.6666666666666665,2.3333333333333335,0.6666666666666666,4
20210706211455,6,1,3,42,2,100,1,3,1,1,1,1,1,1,1,1,2,2,2,6,1,0,0,0,0,0,0,0,0,0,0,0,0,0,0,0,0,0,0,0,0,0,0,0,0,0,0,60,0,60,0,0,0,0,0,0,0,0,150,0,0,0,0,0,150,150,150,0,0,0,0,630,0,120,0,510,0,0,0,0,0,0,0,0,0,0,0,0,0,0,0,0,0,0,0,0,0,0,0,0,600,0,0,0,600,0,6,0,0,1.6666666666666667,0,5.333333333333333
20210706211474,3,1,1,74,2,100,3,2,1,1,1,1,1,1,1,1,1,2,2,9,1,30,0,30,0,0,30,0,0,0,0,0,0,0,95,30,30,0,65,0,0,0,0,0,70,70,0,194,0,79,0,55,0,60,0,0,0,0,446,0,0,0,0,336,446,110,110,0,0,242,0,600,0,65,0,535,0,0,0,0,0,0,0,0,0,0,0,0,0,5,0,0,0,0,0,5,0,0,0,0,0,0,0,0,0,0,6,0,1,0,0,5.666666666666667
20210706211479,4,1,2,32,2,100,1,3,1,1,1,1,1,1,1,2,2,2,2,6,1,325,0,305,0,0,305,20,0,0,0,0,0,0,30,0,0,0,30,0,0,0,0,0,30,30,0,275,0,135,10,40,0,0,90,0,0,0,190,0,0,0,0,150,150,0,0,0,40,90,60,420,0,15,0,405,0,110,0,90,0,0,0,0,0,0,0,20,0,0,0,0,0,0,0,0,0,0,0,0,0,0,0,0,0,0,5,0,2.3333333333333335,2.3333333333333335,0,4.333333333333333
20210706211499,3,1,2,40,2,100,6,3,1,1,1,1,1,1,1,1,2,2,2,8,1,100,0,95,0,0,95,5,0,0,0,0,0,0,5,0,0,0,5,0,0,0,0,0,40,40,0,215,0,10,0,40,0,0,105,0,0,60,275,0,0,0,180,0,30,30,30,180,65,0,30,600,0,60,0,540,0,50,0,20,0,0,0,0,0,0,0,30,0,0,0,0,0,0,0,0,0,0,0,0,125,0,0,10,115,0,6,0,0,0,0,6
20210706211500,4,1,2,35,1,100,1,2,1,1,1,1,1,1,1,1,2,2,1,8,1,0,0,0,0,0,0,0,80,15,0,15,0,65,0,0,0,0,0,0,0,0,0,0,293,225,68,0,0,0,0,0,0,0,0,0,0,0,255,0,0,0,0,240,240,0,0,0,15,0,0,782,0,217,0,565,0,0,0,0,0,0,0,0,0,0,0,0,0,0,0,0,0,0,0,0,0,0,0,0,30,0,0,0,30,0,3,0.6666666666666666,1.6666666666666667,0.6666666666666666,0,3
20210706211501,3,1,1,32,1,100,1,2,1,1,1,1,1,1,1,3,2,2,1,8,1,165,0,165,0,0,165,0,0,0,0,0,0,0,0,0,0,0,0,0,0,0,0,0,20,20,0,65,0,30,35,0,0,0,0,0,0,0,250,0,0,0,0,210,210,0,0,0,40,125,0,495,0,60,0,435,0,60,0,15,0,10,0,0,0,0,0,45,0,0,0,0,0,0,0,0,0,0,0,0,385,0,0,0,385,0,5,0,3,1.3333333333333333,0,2.3333333333333335
20210706211508,3,1,1,35,2,100,1,1,1,1,1,1,1,1,1,2,2,2,1,8,1,135,0,135,0,0,135,0,0,0,0,0,0,0,0,0,0,0,0,0,0,0,0,0,160,120,40,100,0,65,35,0,0,0,0,0,0,0,513,0,0,0,180,130,323,193,193,180,10,0,0,485,0,20,0,465,0,47,0,30,0,0,0,0,0,0,0,17,0,0,0,0,0,0,0,0,0,0,0,0,0,0,0,0,0,0,5.333333333333333,0,1,2,0,5.333333333333333
20210706211518,4,1,1,47,2,100,1,2,1,1,1,1,1,1,1,1,2,2,1,9,1,22,2,0,0,0,0,20,0,0,0,0,0,0,0,0,0,0,0,0,0,0,0,0,90,90,0,55,0,45,10,0,0,0,0,0,0,0,694,0,0,0,30,254,614,360,360,30,50,254,0,510,0,30,0,480,0,69,0,44,0,29,0,0,0,0,0,25,0,0,0,0,0,0,0,0,0,0,0,0,0,0,0,0,0,0,6,0,0,0,0,4.666666666666667
20210706211520,5,1,2,47,1,100,6,3,1,1,1,1,1,1,1,2,1,2,2,5,1,0,0,0,0,0,0,0,0,0,0,0,0,0,0,0,0,0,0,0,0,0,0,0,30,30,0,0,0,0,0,0,0,0,0,0,0,0,320,0,0,0,0,280,310,30,30,0,10,255,25,520,0,40,1,479,0,0,0,0,0,0,0,0,0,0,0,0,0,0,0,0,0,0,0,0,0,0,0,0,545,0,0,10,535,0,5,0,5.333333333333333,0,0,5
20210706211561,7,1,4,70,2,110,4,2,1,1,1,1,1,1,1,1,1,2,2,8,1,0,0,0,0,0,0,0,120,0,0,0,120,0,0,0,0,0,0,0,0,0,0,0,120,120,0,0,0,0,0,0,0,0,0,0,0,0,315,0,0,0,0,315,315,0,0,0,0,315,0,675,0,15,0,660,0,0,0,0,0,0,0,0,0,0,0,0,0,210,0,0,0,0,0,180,0,30,0,0,0,0,0,0,0,0,6,0,0.6666666666666666,0,0,4.666666666666667
20210706211566,5,1,2,41,2,100,5,1,1,1,1,1,1,1,1,3,2,1,1,8,1,25,0,25,0,0,25,0,0,0,0,0,0,0,0,0,0,0,0,0,0,0,0,0,65,65,0,305,0,160,45,60,0,0,0,0,40,0,50,0,0,0,0,50,50,0,0,0,0,0,0,385,0,70,0,295,20,0,0,0,0,0,0,0,0,0,0,0,0,15,0,0,0,0,0,15,0,0,0,0,595,60,0,65,470,0,4.666666666666667,1.6666666666666667,4.333333333333333,3.3333333333333335,3.3333333333333335,6
20210706211578,6,1,4,37,2,100,1,2,1,1,1,1,1,1,1,1,2,2,2,10,1,610,0,550,0,0,550,60,0,0,0,0,0,0,0,0,0,0,0,0,0,0,0,0,80,80,0,120,0,0,60,60,0,0,0,0,0,0,0,0,0,0,0,0,0,0,0,0,0,0,0,610,0,15,0,545,50,20,0,10,0,0,0,0,0,0,0,10,0,0,0,0,0,0,0,0,0,0,0,0,0,0,0,0,0,0,4,0,2,2.3333333333333335,0,4
20210706211593,4,1,2,38,1,100,1,1,1,1,1,1,1,1,1,1,2,2,2,10,1,230,0,230,0,0,230,0,0,0,0,0,0,0,0,0,0,0,0,0,0,0,0,0,110,110,0,0,0,0,0,0,0,0,0,0,0,0,60,0,0,0,60,0,0,0,0,60,0,0,0,610,0,130,0,480,0,0,0,0,0,0,0,0,0,0,0,0,0,0,0,0,0,0,0,0,0,0,0,0,430,0,0,20,410,0,6,0,0,1,0,6
20210706211594,3,1,1,37,2,100,1,1,1,1,1,1,1,1,1,3,2,2,1,9,1,32,0,32,0,0,32,0,0,0,0,0,0,0,0,0,0,0,0,0,0,0,0,0,35,35,0,15,0,15,0,0,0,0,0,0,0,0,610,0,590,0,0,0,590,590,0,0,20,0,88,660,0,40,0,620,0,0,0,0,0,0,0,0,0,0,0,0,0,0,0,0,0,0,0,0,0,0,0,0,0,0,0,0,0,0,5,0,1.3333333333333333,0.3333333333333333,0,5
20210706211609,5,1,1,46,2,100,1,4,1,1,1,1,1,1,1,4,2,2,2,10,1,332,50,10,0,0,10,272,0,0,0,0,0,0,0,0,0,0,0,0,0,0,0,0,16,16,0,245,0,1,96,0,0,0,3,0,145,0,150,0,0,0,0,150,150,0,0,0,0,140,127,415,0,0,0,415,0,155,0,90,0,0,0,0,0,0,0,65,0,0,0,0,0,0,0,0,0,0,0,0,0,0,0,0,0,0,4,0,4,1,2.6666666666666665,0.6666666666666666
20210706211621,4,1,2,34,1,100,1,4,1,1,1,1,1,1,1,2,2,1,2,4,1,0,0,0,0,0,0,0,0,0,0,0,0,0,0,0,0,0,0,0,0,0,0,0,15,15,0,30,0,30,0,0,0,0,0,0,0,0,105,0,0,0,45,60,60,0,0,45,0,0,0,555,0,60,0,495,0,0,0,0,0,0,0,0,0,0,0,0,0,0,0,0,0,0,0,0,0,0,0,0,735,0,0,120,615,0,3,1,3.3333333333333335,3.3333333333333335,2.6666666666666665,4
20210706211631,5,1,2,37,1,100,1,1,1,1,1,1,1,1,1,1,2,2,2,9,1,480,0,480,0,0,480,0,0,0,0,0,0,0,0,0,0,0,0,0,0,0,0,0,115,95,20,115,0,115,0,0,0,0,0,0,0,0,165,0,0,0,0,165,165,0,0,0,0,120,15,525,0,15,0,510,0,0,0,0,0,0,0,0,0,0,0,0,0,0,0,0,0,0,0,0,0,0,0,0,25,0,0,0,25,0,6,0,0,0.3333333333333333,0,6
20210706211661,2,1,1,49,2,100,6,3,1,1,1,1,1,1,1,2,1,1,1,5,1,0,0,0,0,0,0,0,0,0,0,0,0,0,0,0,0,0,0,0,0,0,0,0,30,30,0,20,0,20,0,0,0,0,0,0,0,0,670,0,0,0,0,170,650,480,480,0,20,170,0,720,0,30,0,690,0,0,0,0,0,0,0,0,0,0,0,0,0,0,0,0,0,0,0,0,0,0,0,0,0,0,0,0,0,0,6,0,0.3333333333333333,0,0,6
20210706211670,3,1,2,43,2,110,6,1,1,1,1,1,1,1,1,2,2,2,2,10,1,30,0,10,0,0,10,20,0,0,0,0,0,0,0,0,0,0,0,0,0,0,0,0,15,15,0,345,0,30,0,315,0,0,0,0,0,0,510,0,0,0,0,270,475,205,205,0,35,270,0,420,0,0,0,420,0,0,0,0,0,0,0,0,0,0,0,0,0,0,0,0,0,0,0,0,0,0,0,0,120,0,0,0,120,0,5.666666666666667,0,0.6666666666666666,0,0,5.666666666666667
20210706211671,5,1,3,39,2,100,1,2,1,1,1,1,1,1,1,2,2,2,1,9,1,365,0,365,0,0,365,0,0,0,0,0,0,0,30,0,0,0,30,0,0,0,0,0,60,60,0,270,0,90,0,180,0,0,0,0,0,0,85,0,0,0,0,85,85,0,0,0,0,85,0,600,0,45,0,555,0,30,0,30,0,0,0,0,0,0,0,0,0,0,0,0,0,0,0,0,0,0,0,0,0,0,0,0,0,0,5.333333333333333,0,3.3333333333333335,2,0,4.666666666666667
20210706211691,3,1,1,46,1,100,1,3,1,1,1,1,1,1,1,1,2,1,2,8,1,0,0,0,0,0,0,0,0,0,0,0,0,0,0,0,0,0,0,0,0,0,0,0,50,50,0,480,0,90,0,330,0,60,0,0,0,0,280,0,0,0,0,280,280,0,0,0,0,280,0,630,0,0,0,630,0,0,0,0,0,0,0,0,0,0,0,0,0,0,0,0,0,0,0,0,0,0,0,0,0,0,0,0,0,0,4.333333333333333,0,1.6666666666666667,0.3333333333333333,0,2.6666666666666665
20210706211693,5,1,3,33,1,100,1,2,1,1,1,1,1,1,1,2,1,2,2,8,1,105,0,105,0,0,105,0,0,0,0,0,0,0,0,0,0,0,0,0,0,0,0,0,80,80,0,490,0,160,0,120,0,210,0,0,0,0,255,0,0,0,0,255,255,0,0,0,0,165,0,510,0,15,0,495,0,0,0,0,0,0,0,0,0,0,0,0,0,0,0,0,0,0,0,0,0,0,0,0,0,0,0,0,0,0,3.6666666666666665,0,1.3333333333333333,1,0,3.6666666666666665
20210706211715,4,1,3,46,2,110,4,4,1,1,1,1,1,1,1,2,1,2,2,7,1,70,0,60,60,0,0,10,0,0,0,0,0,0,137,0,0,0,117,20,60,60,0,0,0,0,0,0,0,0,0,0,0,0,0,0,0,0,65,0,0,0,0,15,45,30,30,0,20,0,0,525,0,120,120,285,0,133,0,30,0,0,0,0,0,90,90,13,0,90,0,0,0,0,0,90,0,0,0,0,360,0,0,7,353,0,1.3333333333333333,4.666666666666667,4,6,6,5.666666666666667
20210706211721,4,1,2,48,2,131,1,1,1,1,1,1,1,1,1,1,2,2,1,9,1,204,0,180,0,0,180,24,0,0,0,0,0,0,0,0,0,0,0,0,0,0,0,0,55,55,0,105,0,105,0,0,0,0,0,0,0,0,486,0,0,0,120,216,336,120,120,120,30,156,0,515,0,60,0,455,0,0,0,0,0,0,0,0,0,0,0,0,0,75,45,0,0,0,0,0,0,30,45,45,0,0,0,0,0,0,4.333333333333333,0,0,0,0,3.6666666666666665
20210706211749,4,1,2,38,1,100,1,2,1,1,1,1,1,1,1,2,2,2,1,7,1,20,10,0,0,0,0,10,0,0,0,0,0,0,0,0,0,0,0,0,0,0,0,0,70,70,0,90,0,0,0,0,0,90,0,0,0,0,630,190,0,0,0,140,450,120,120,0,180,110,0,630,0,60,0,570,0,0,0,0,0,0,0,0,0,0,0,0,0,0,0,0,0,0,0,0,0,0,0,0,0,0,0,0,0,0,4,0,1.6666666666666667,1.3333333333333333,0,4.666666666666667
20210706211750,4,1,2,52,1,100,1,2,1,1,1,1,1,1,1,1,2,1,2,8,1,0,0,0,0,0,0,0,0,0,0,0,0,0,0,0,0,0,0,0,0,0,0,0,90,90,0,385,0,0,0,0,0,385,0,0,0,0,150,0,0,0,0,150,150,0,0,0,0,150,0,630,0,30,0,600,0,185,0,120,0,0,0,30,0,0,0,35,30,0,0,0,0,0,0,0,0,0,0,0,0,0,0,0,0,0,5.333333333333333,0,1,0,0,4
20210706211755,5,1,2,42,2,100,1,3,1,1,1,1,1,1,1,1,2,2,2,8,1,15,0,15,0,0,15,0,0,0,0,0,0,0,0,0,0,0,0,0,0,0,0,0,60,60,0,415,0,140,0,250,0,0,25,0,0,0,155,0,0,0,0,155,155,0,0,0,0,55,0,605,0,35,0,570,0,190,0,150,0,0,0,0,0,0,0,40,0,0,0,0,0,0,0,0,0,0,0,0,0,0,0,0,0,0,4.666666666666667,0.3333333333333333,3.6666666666666665,1,3.3333333333333335,5.333333333333333
20210706211762,4,1,2,43,2,100,1,3,1,1,1,1,1,1,1,3,2,1,2,8,1,0,0,0,0,0,0,0,14,0,0,0,1,13,0,0,0,0,0,0,0,0,0,0,65,65,0,255,0,45,0,120,0,0,90,0,0,0,216,0,0,0,0,216,216,0,0,0,0,136,0,640,0,45,0,595,0,145,0,100,0,0,0,0,0,0,0,45,0,105,0,90,0,0,0,0,0,15,90,90,0,0,0,0,0,0,4.666666666666667,0,4,1.6666666666666667,0,2.3333333333333335
20210706211802,4,1,2,40,1,131,1,3,1,1,1,1,1,1,1,2,2,2,2,7,1,50,0,50,0,0,50,0,0,0,0,0,0,0,0,0,0,0,0,0,0,0,0,0,40,40,0,90,0,90,0,0,0,0,0,0,0,0,210,0,0,0,0,210,210,0,0,0,0,210,0,600,0,60,0,540,0,0,0,0,0,0,0,0,0,0,0,0,0,0,0,0,0,0,0,0,0,0,0,0,450,0,0,0,450,0,5.666666666666667,0,0.3333333333333333,0,0,6
20210706211824,5,1,1,65,1,100,1,4,2,1,2,1,1,1,1,1,1,1,2,2,1,120,120,0,0,0,0,0,0,0,0,0,0,0,0,0,0,0,0,0,0,0,0,0,120,120,0,360,0,120,0,180,0,60,0,0,0,0,240,0,0,0,0,240,240,0,0,0,0,240,60,540,0,60,0,480,0,0,0,0,0,0,0,0,0,0,0,0,0,0,0,0,0,0,0,0,0,0,0,0,0,0,0,0,0,0,5,1,1,2,3,6
20210706211837,5,1,3,46,2,100,1,5,1,1,1,1,1,1,1,3,2,2,2,6,1,0,0,0,0,0,0,0,0,0,0,0,0,0,0,0,0,0,0,0,0,0,0,0,45,45,0,90,0,60,0,30,0,0,0,0,0,0,575,0,0,0,0,575,575,0,0,0,0,575,0,630,0,0,0,630,0,100,0,60,0,60,0,0,0,0,0,40,0,0,0,0,0,0,0,0,0,0,0,0,0,0,0,0,0,0,4,0,2.3333333333333335,1,0,3
20210706211843,3,1,1,47,1,100,1,3,1,1,1,1,1,1,1,1,2,2,2,6,1,0,0,0,0,0,0,0,0,0,0,0,0,0,0,0,0,0,0,0,0,0,0,0,75,75,0,0,0,0,0,0,0,0,0,0,0,0,200,0,0,0,0,0,200,200,200,0,0,0,10,380,0,30,0,350,0,0,0,0,0,0,0,0,0,0,0,0,0,0,0,0,0,0,0,0,0,0,0,0,775,0,0,80,695,0,2.3333333333333335,0,2,2.6666666666666665,0,2.6666666666666665
20210706211858,5,1,3,38,2,100,1,1,1,1,1,1,1,1,1,1,2,1,1,8,1,108,0,108,0,2,106,0,0,0,0,0,0,0,0,0,0,0,0,0,0,0,0,0,160,145,15,180,0,60,0,120,0,0,0,0,0,0,393,0,0,0,30,285,363,78,78,30,0,225,0,513,0,63,0,450,0,83,0,58,0,0,0,0,0,0,0,25,0,0,0,0,0,0,0,0,0,0,0,0,3,0,0,0,3,0,5,0,3,0.6666666666666666,0,5.333333333333333
20210706211860,2,1,1,39,2,100,4,2,1,1,1,1,1,1,1,1,2,2,1,7,1,0,0,0,0,0,0,0,0,0,0,0,0,0,16,0,0,0,16,0,0,0,0,0,110,110,0,225,0,70,20,130,0,0,0,0,5,0,260,0,0,0,205,45,50,5,5,205,5,45,0,789,0,70,0,719,0,40,0,30,0,30,0,0,0,0,0,10,0,0,0,0,0,0,0,0,0,0,0,0,0,0,0,0,0,0,5.333333333333333,0,1.3333333333333333,0.3333333333333333,0,4.666666666666667
20210706211868,3,1,1,44,2,100,1,3,1,1,1,1,1,1,1,1,1,2,2,6,1,252,0,12,0,0,12,240,0,0,0,0,0,0,0,0,0,0,0,0,0,0,0,0,30,30,0,5,0,0,0,0,0,0,5,0,0,0,418,0,0,0,0,233,263,30,30,0,155,233,0,720,0,60,0,660,0,15,0,5,0,0,0,0,0,0,0,10,0,0,0,0,0,0,0,0,0,0,0,0,0,0,0,0,0,0,3.6666666666666665,0.3333333333333333,3,0,0,2
20210706211879,3,1,2,24,2,100,4,3,1,1,1,1,1,1,1,1,2,2,1,7,1,0,0,0,0,0,0,0,0,0,0,0,0,0,60,0,0,0,60,0,0,0,0,0,50,50,0,150,0,60,0,90,0,0,0,0,0,0,270,0,0,0,90,180,180,0,0,90,0,0,0,850,0,0,0,850,0,60,0,0,0,0,20,0,0,0,20,40,0,0,0,0,0,0,0,0,0,0,0,0,0,0,0,0,0,0,4.666666666666667,0.3333333333333333,1.6666666666666667,1.6666666666666667,3,4.666666666666667
20210706211899,3,1,1,36,1,131,1,1,1,1,1,1,1,1,1,1,2,2,2,10,1,195,0,195,0,0,195,0,0,0,0,0,0,0,0,0,0,0,0,0,0,0,0,0,85,85,0,292,0,100,0,192,0,0,0,0,0,0,180,0,0,0,0,120,180,60,60,0,0,120,0,540,0,60,0,480,0,148,0,120,0,120,0,0,0,0,0,28,0,0,0,0,0,0,0,0,0,0,0,0,0,0,0,0,0,0,6,0,0.3333333333333333,0,0,6
20210706211900,4,1,2,55,1,100,1,2,1,1,1,1,1,1,1,1,2,2,1,8,1,285,0,235,0,0,235,50,15,0,0,0,15,0,0,0,0,0,0,0,0,0,0,0,60,60,0,45,0,0,0,0,0,0,45,0,0,0,330,0,0,0,0,330,330,0,0,0,0,195,0,705,0,30,0,675,0,0,0,0,0,0,0,0,0,0,0,0,0,0,0,0,0,0,0,0,0,0,0,0,0,0,0,0,0,0,6,0,0,0,0,6
20210706211901,5,1,2,44,1,100,1,4,1,1,1,1,1,1,1,2,2,2,2,7,1,0,0,0,0,0,0,0,0,0,0,0,0,0,0,0,0,0,0,0,0,0,0,0,105,105,0,445,0,105,0,320,0,20,0,0,0,0,410,0,0,0,0,410,410,0,0,0,0,410,0,480,0,0,0,480,0,0,0,0,0,0,0,0,0,0,0,0,0,0,0,0,0,0,0,0,0,0,0,0,0,0,0,0,0,0,3.3333333333333335,1,4,3.6666666666666665,5,3
20210706211909,2,1,1,51,2,110,2,5,2,2,1,1,1,2,1,4,2,2,1,4,1,0,0,0,0,0,0,0,0,0,0,0,0,0,180,0,0,0,180,0,0,0,0,0,105,105,0,45,0,45,0,0,0,0,0,0,0,0,434,0,0,0,0,434,434,0,0,0,0,374,0,676,0,0,16,660,0,0,0,0,0,0,0,0,0,0,0,0,0,0,0,0,0,0,0,0,0,0,0,0,0,0,0,0,0,0,4,3.6666666666666665,3.6666666666666665,2,6,5
20210706211911,5,1,3,38,1,100,1,2,1,1,1,1,1,1,1,1,1,2,2,9,1,0,0,0,0,0,0,0,0,0,0,0,0,0,0,0,0,0,0,0,0,0,0,0,40,40,0,0,0,0,0,0,0,0,0,0,0,0,210,0,0,0,0,210,210,0,0,0,0,120,0,610,0,100,0,510,0,0,0,0,0,0,0,0,0,0,0,0,0,0,0,0,0,0,0,0,0,0,0,0,580,0,0,80,500,0,4.333333333333333,0,3,0.6666666666666666,0,5
20210706211919,4,1,2,27,2,100,1,3,1,1,1,1,1,1,1,2,2,2,2,8,1,660,0,660,0,0,660,0,0,0,0,0,0,0,0,0,0,0,0,0,0,0,0,0,65,30,15,120,0,0,120,0,0,0,0,0,0,0,90,0,0,0,0,90,90,0,0,0,0,0,0,450,0,0,0,450,0,55,0,30,0,0,0,0,0,0,0,25,0,0,0,0,0,0,0,0,0,0,0,0,0,0,0,0,0,0,4.666666666666667,0,4,3.3333333333333335,0,5
20210706211935,3,1,1,26,1,100,1,2,1,1,1,1,1,1,1,2,2,2,2,6,1,215,0,215,0,0,215,0,0,0,0,0,0,0,0,0,0,0,0,0,0,0,0,0,120,120,0,0,0,0,0,0,0,0,0,0,0,0,85,0,0,0,0,85,85,0,0,0,0,85,0,450,0,0,0,450,0,35,0,10,0,0,0,0,0,0,0,25,0,0,0,0,0,0,0,0,0,0,0,0,535,0,0,20,515,0,6,0,3.3333333333333335,0,0,5.333333333333333
20210706211940,4,1,2,50,2,100,1,3,1,1,1,1,1,1,1,2,1,2,3,6,1,0,0,0,0,0,0,0,0,0,0,0,0,0,30,0,0,0,30,0,0,0,0,0,60,60,0,170,0,95,15,60,0,0,0,0,0,0,120,0,0,0,0,120,120,0,0,0,0,120,0,525,0,70,0,455,0,0,0,0,0,0,0,0,0,0,0,0,0,0,0,0,0,0,0,0,0,0,0,0,535,0,0,40,495,0,2,3,3.6666666666666665,2.6666666666666665,0,3.6666666666666665
20210706211989,5,1,3,28,2,100,1,4,1,1,1,1,1,1,1,3,2,2,2,7,1,200,0,200,0,0,200,0,0,0,0,0,0,0,0,0,0,0,0,0,0,0,0,0,140,140,0,370,0,280,0,90,0,0,0,0,0,0,60,0,0,0,0,60,60,0,0,0,0,60,0,670,0,0,0,670,0,0,0,0,0,0,0,0,0,0,0,0,0,0,0,0,0,0,0,0,0,0,0,0,0,0,0,0,0,0,4.333333333333333,2,5,5,2.6666666666666665,4.333333333333333
20210706211990,3,1,2,36,1,100,5,3,1,1,1,1,1,1,1,4,2,2,1,6,1,65,0,65,0,0,65,0,0,0,0,0,0,0,0,0,0,0,0,0,0,0,0,0,90,90,0,75,0,75,0,0,0,0,0,0,0,0,140,0,0,0,15,125,125,0,0,15,0,105,0,500,0,15,0,485,0,0,0,0,0,0,0,0,0,0,0,0,0,0,0,0,0,0,0,0,0,0,0,0,570,0,0,0,570,0,5,0,5.333333333333333,4.666666666666667,0,6
20210706211992,4,1,2,40,2,100,1,2,1,1,1,1,1,1,1,2,2,1,1,7,1,65,0,65,0,0,65,0,0,0,0,0,0,0,0,0,0,0,0,0,0,0,0,0,90,90,0,215,0,105,10,70,0,30,0,0,0,0,240,0,0,0,20,220,220,0,0,20,0,85,0,695,0,65,0,630,0,125,0,75,0,15,0,0,0,0,0,50,0,0,0,0,0,0,0,0,0,0,0,0,10,0,0,0,10,0,5.333333333333333,0,2.3333333333333335,1,1.3333333333333333,2.6666666666666665
20210706211994,3,1,1,31,2,100,1,3,1,1,1,1,1,1,1,2,1,2,2,8,1,225,0,225,60,0,165,0,0,0,0,0,0,0,0,0,0,0,0,0,0,0,0,0,0,0,0,315,90,65,0,160,0,0,0,0,0,0,60,0,0,0,0,60,60,0,0,0,0,60,0,682,0,65,0,617,0,128,0,120,0,120,0,0,0,0,0,8,0,0,0,0,0,0,0,0,0,0,0,0,30,0,0,0,30,0,3.3333333333333335,0.6666666666666666,2,2.3333333333333335,1,4.666666666666667
20210706211997,2,1,1,37,2,110,6,3,1,1,1,1,1,1,1,1,2,2,2,8,1,59,0,35,0,0,35,24,0,0,0,0,0,0,0,0,0,0,0,0,0,0,0,0,85,85,0,0,0,0,0,0,0,0,0,0,0,0,0,0,0,0,0,0,0,0,0,0,0,0,0,530,0,100,0,430,0,0,0,0,0,0,0,0,0,0,0,0,0,0,0,0,0,0,0,0,0,0,0,0,766,0,0,42,724,0,2.6666666666666665,0,4.666666666666667,1.3333333333333333,0,6
20210706212028,3,1,1,34,2,131,1,2,1,1,1,1,1,1,1,2,2,2,2,7,1,175,0,175,0,0,175,0,0,0,0,0,0,0,0,0,0,0,0,0,0,0,0,0,120,120,0,120,0,120,0,0,0,0,0,0,0,0,60,0,0,0,0,60,60,0,0,0,0,60,0,515,0,30,0,485,0,450,0,360,0,0,0,0,0,0,0,90,0,0,0,0,0,0,0,0,0,0,0,0,0,0,0,0,0,0,4,1.6666666666666667,4.333333333333333,1.6666666666666667,1.6666666666666667,4
20210706212087,6,1,4,48,1,131,1,3,1,1,1,1,1,1,1,1,2,2,1,9,1,0,0,0,0,0,0,0,0,0,0,0,0,0,0,0,0,0,0,0,0,0,0,0,75,75,0,395,180,75,20,0,0,120,0,0,0,0,350,0,0,0,240,60,60,0,0,240,50,60,0,620,0,20,0,600,0,0,0,0,0,0,0,0,0,0,0,0,0,0,0,0,0,0,0,0,0,0,0,0,0,0,0,0,0,0,6,0,4,0,0,6
20210706212093,2,1,1,42,2,100,4,3,1,1,1,1,1,1,1,2,2,1,2,7,1,144,0,99,0,20,79,45,0,0,0,0,0,0,0,0,0,0,0,0,0,0,0,0,35,35,0,50,0,50,0,0,0,0,0,0,0,0,90,0,0,0,0,90,90,0,0,0,0,90,0,608,0,0,0,608,0,0,0,0,0,0,0,0,0,0,0,0,0,0,0,0,0,0,0,0,0,0,0,0,513,0,0,0,513,0,4,0,3.3333333333333335,0.6666666666666666,4,4
20210706212104,3,1,2,37,2,110,6,3,1,1,1,1,1,1,1,3,2,2,2,5,1,50,0,25,0,0,25,25,0,0,0,0,0,0,0,0,0,0,0,0,0,0,0,0,45,40,5,45,0,45,0,0,0,0,0,0,0,0,145,0,0,0,0,145,145,0,0,0,0,145,0,530,0,80,0,450,0,10,0,5,0,0,0,0,0,0,0,5,0,0,0,0,0,0,0,0,0,0,0,0,615,0,0,15,600,0,4.666666666666667,0,5,1.3333333333333333,1.6666666666666667,3.3333333333333335
20210706212113,3,1,2,45,1,100,4,3,1,1,1,1,1,1,1,2,1,1,2,6,1,0,0,0,0,0,0,0,0,0,0,0,0,0,0,0,0,0,0,0,0,0,0,0,10,10,0,47,0,15,0,10,0,0,20,0,2,0,158,0,0,0,0,158,158,0,0,0,0,158,0,575,0,65,0,510,0,0,0,0,0,0,0,0,0,0,0,0,0,0,0,0,0,0,0,0,0,0,0,0,650,0,0,62,588,0,4,0,1.6666666666666667,1.3333333333333333,2,3.6666666666666665
20210706212121,4,1,1,53,2,100,1,3,1,1,1,1,1,1,1,1,2,2,1,7,1,75,0,75,10,0,65,0,0,0,0,0,0,0,5,5,5,0,0,0,0,0,0,0,65,40,25,85,0,40,0,40,0,0,5,0,0,0,530,150,0,0,20,265,500,85,85,20,10,140,0,585,0,60,0,525,0,35,0,10,0,0,0,0,0,0,0,25,0,0,0,0,0,0,0,0,0,0,0,0,60,0,0,0,60,0,4.666666666666667,0.3333333333333333,0,1.3333333333333333,0.3333333333333333,6
20210706212131,5,1,2,44,1,100,1,3,1,1,1,1,1,1,1,1,1,2,2,7,1,120,0,120,0,0,120,0,0,0,0,0,0,0,0,0,0,0,0,0,0,0,0,0,90,90,0,270,0,0,0,90,0,180,0,0,0,0,205,0,0,0,0,205,205,0,0,0,0,205,0,645,0,30,0,615,0,65,0,45,0,45,0,0,0,0,0,20,0,0,0,0,0,0,0,0,0,0,0,0,45,0,45,0,0,0,3,0,0,0,0,3
20210706212148,5,1,2,44,1,131,1,2,1,1,1,1,1,1,1,2,2,2,2,10,1,30,0,30,0,0,30,0,0,0,0,0,0,0,0,0,0,0,0,0,0,0,0,0,230,210,20,0,0,0,0,0,0,0,0,0,0,0,75,0,0,0,0,75,75,0,0,0,0,0,35,450,0,60,0,390,0,0,0,0,0,0,0,0,0,0,0,0,0,60,0,0,0,0,0,60,0,0,0,0,560,0,0,30,530,0,6,0,1.3333333333333333,2.3333333333333335,1.3333333333333333,6
20210706212149,6,1,3,63,1,110,1,2,1,1,1,1,1,1,1,1,2,1,2,10,1,0,0,0,0,0,0,0,0,0,0,0,0,0,0,0,0,0,0,0,0,0,0,0,30,30,0,120,0,120,0,0,0,0,0,0,0,0,720,0,0,0,0,720,720,0,0,0,0,300,0,570,0,0,0,570,0,0,0,0,0,0,0,0,0,0,0,0,0,0,0,0,0,0,0,0,0,0,0,0,0,0,0,0,0,0,6,0,0,0,0,6
20210706212179,5,1,2,44,1,100,1,3,1,1,1,1,1,1,1,2,2,2,1,6,1,45,0,45,0,0,45,0,0,0,0,0,0,0,0,0,0,0,0,0,0,0,0,0,60,60,0,110,0,50,0,0,0,0,0,0,60,0,515,30,0,0,230,0,225,195,195,230,60,0,0,670,0,40,0,630,0,0,0,0,0,0,0,0,0,0,0,0,0,0,0,0,0,0,0,0,0,0,0,0,40,0,0,0,40,0,3,0,1.6666666666666667,0,0,1.6666666666666667
20210706212183,4,1,3,32,2,100,6,2,1,1,1,1,1,1,1,1,1,2,1,8,1,8,0,1,0,0,1,7,0,0,0,0,0,0,0,0,0,0,0,0,0,0,0,0,100,80,20,0,0,0,0,0,0,0,0,0,0,0,22,0,0,0,0,22,22,0,0,0,0,0,0,632,0,210,0,422,0,23,0,10,0,0,0,0,0,0,0,13,0,0,0,0,0,0,0,0,0,0,0,0,655,0,0,17,638,0,4.666666666666667,0.6666666666666666,3.6666666666666665,0.6666666666666666,0,4
20210706212187,5,1,4,30,2,100,6,2,1,1,1,1,1,1,1,3,2,2,2,3,1,45,0,45,0,0,45,0,0,0,0,0,0,0,0,0,0,0,0,0,0,0,0,0,50,50,0,220,0,100,0,120,0,0,0,0,0,0,440,0,0,0,210,230,230,0,0,210,0,45,10,675,0,15,0,660,0,0,0,0,0,0,0,0,0,0,0,0,0,0,0,0,0,0,0,0,0,0,0,0,0,0,0,0,0,0,4.333333333333333,2,5.333333333333333,5,0,0
20210706212190,2,1,1,38,2,100,6,2,1,1,1,1,1,1,1,2,2,2,3,6,1,0,0,0,0,0,0,0,0,0,0,0,0,0,0,0,0,0,0,0,0,0,0,0,30,30,0,20,0,0,0,0,0,0,20,0,0,0,240,0,0,0,0,240,240,0,0,0,0,240,0,450,0,30,0,420,0,35,0,20,0,0,0,0,0,0,0,15,0,0,0,0,0,0,0,0,0,0,0,0,665,0,0,45,620,0,4.666666666666667,2.3333333333333335,4.333333333333333,4.333333333333333,1,5.333333333333333
20210706212194,2,1,1,26,2,100,6,3,1,1,1,1,1,1,1,3,2,1,1,6,1,60,0,30,0,0,30,30,0,0,0,0,0,0,0,0,0,0,0,0,0,0,0,0,10,10,0,80,0,50,0,10,0,0,20,0,0,0,280,0,0,0,0,180,240,60,60,0,40,0,32,463,0,40,0,423,0,10,0,5,0,0,0,0,0,0,0,5,0,0,0,0,0,0,0,0,0,0,0,0,505,0,0,20,485,0,3,0,4.333333333333333,1.3333333333333333,1.6666666666666667,6
20210706212204,4,1,2,31,2,131,1,1,1,1,1,1,1,1,1,1,2,2,2,10,1,600,0,600,0,0,600,0,0,0,0,0,0,0,0,0,0,0,0,0,0,0,0,0,0,0,0,120,0,60,0,60,0,0,0,0,0,0,0,0,0,0,0,0,0,0,0,0,0,0,0,720,0,0,0,720,0,0,0,0,0,0,0,0,0,0,0,0,0,0,0,0,0,0,0,0,0,0,0,0,0,0,0,0,0,0,6,0,2.3333333333333335,0.3333333333333333,0,6
20210706212211,3,1,1,40,1,100,1,1,1,1,1,1,1,1,1,2,2,2,1,9,1,75,0,75,0,0,75,0,0,0,0,0,0,0,0,0,0,0,0,0,0,0,0,0,125,125,0,135,0,15,0,120,0,0,0,0,0,0,530,0,0,0,20,180,450,270,270,20,60,0,0,529,0,30,0,499,0,46,0,1,0,0,0,0,0,0,0,45,0,0,0,0,0,0,0,0,0,0,0,0,0,0,0,0,0,0,4.333333333333333,0,0.6666666666666666,1,0,4.333333333333333
20210706212251,3,1,1,31,2,100,1,2,1,1,1,1,1,1,1,2,1,2,2,6,1,66,0,66,0,0,66,0,30,30,30,0,0,0,0,0,0,0,0,0,0,0,0,0,20,20,0,120,0,0,0,0,0,0,0,120,0,0,430,0,0,0,0,340,430,90,90,0,0,340,0,595,0,60,0,535,0,0,0,0,0,0,0,0,0,0,0,0,0,0,0,0,0,0,0,0,0,0,0,0,179,0,0,0,179,0,5.666666666666667,0,2.6666666666666665,0.6666666666666666,0.6666666666666666,5.666666666666667
20210706212256,2,1,1,33,1,100,4,3,1,1,1,1,1,1,1,2,2,2,2,7,1,0,0,0,0,0,0,0,0,0,0,0,0,0,0,0,0,0,0,0,0,0,0,0,20,20,0,125,0,80,0,0,0,0,45,0,0,0,110,0,0,0,80,30,30,0,0,80,0,30,0,655,0,30,0,625,0,0,0,0,0,0,0,0,0,0,0,0,0,0,0,0,0,0,0,0,0,0,0,0,530,0,0,40,490,0,2.6666666666666665,2,2.6666666666666665,0.6666666666666666,2,1.6666666666666667
20210706212259,3,1,1,42,1,100,1,4,1,1,1,1,1,1,1,3,2,2,2,6,1,0,0,0,0,0,0,0,0,0,0,0,0,0,0,0,0,0,0,0,0,0,0,0,125,125,0,0,0,0,0,0,0,0,0,0,0,0,155,0,0,0,0,155,155,0,0,0,0,125,0,670,0,120,0,540,10,0,0,0,0,0,0,0,0,0,0,0,0,0,0,0,0,0,0,0,0,0,0,0,490,0,0,10,480,0,6,0,4,2.6666666666666665,0,6
20210706212269,4,1,2,35,1,100,1,2,1,1,1,1,1,1,1,2,2,1,2,8,1,30,0,30,0,0,30,0,55,10,0,10,0,45,0,0,0,0,0,0,0,0,0,0,105,75,0,0,0,0,0,0,0,0,0,0,0,0,405,0,0,0,0,405,405,0,0,0,0,300,0,630,0,30,0,600,0,185,0,65,0,0,0,0,0,0,0,120,0,0,0,0,0,0,0,0,0,0,0,0,30,0,0,0,30,0,4.333333333333333,0,2.6666666666666665,1.3333333333333333,0,2
20210706212271,6,1,4,37,1,100,1,2,1,1,1,1,1,1,1,3,2,1,1,9,1,225,0,225,0,0,225,0,0,0,0,0,0,0,0,0,0,0,0,0,0,0,0,0,120,120,0,145,0,55,0,90,0,0,0,0,0,0,350,0,0,0,0,45,350,305,305,0,0,45,0,500,0,20,0,480,0,0,0,0,0,0,0,0,0,0,0,0,0,0,0,0,0,0,0,0,0,0,0,0,100,0,0,40,60,0,4,0,2.6666666666666665,2.3333333333333335,3,3
20210706212281,6,1,4,37,1,100,1,2,1,1,1,1,1,1,1,1,1,2,1,8,1,0,0,0,0,0,0,0,0,0,0,0,0,0,0,0,0,0,0,0,0,0,0,0,90,90,0,0,0,0,0,0,0,0,0,0,0,0,0,0,0,0,0,0,0,0,0,0,0,0,0,540,0,15,0,525,0,0,0,0,0,0,0,0,0,0,0,0,0,0,0,0,0,0,0,0,0,0,0,0,810,0,0,30,315,465,4.666666666666667,1,2,0.6666666666666666,0,4.333333333333333
20210706212284,4,1,2,46,2,100,1,2,1,1,1,1,1,1,1,2,2,1,2,5,1,0,0,0,0,0,0,0,0,0,0,0,0,0,0,0,0,0,0,0,0,0,0,0,100,100,0,60,0,60,0,0,0,0,0,0,0,0,230,0,0,0,0,230,230,0,0,0,0,0,0,540,0,90,0,450,0,0,0,0,0,0,0,0,0,0,0,0,0,0,0,0,0,0,0,0,0,0,0,0,510,0,0,30,480,0,3.3333333333333335,1.3333333333333333,4.333333333333333,1.6666666666666667,0,4.666666666666667
20210706212296,4,1,2,35,2,100,1,2,1,1,1,1,1,1,1,1,2,2,3,9,1,212,0,187,0,0,187,25,0,0,0,0,0,0,0,0,0,0,0,0,0,0,0,0,75,75,0,40,0,40,0,0,0,0,0,0,0,0,45,0,0,0,0,45,45,0,0,0,0,15,0,488,0,30,0,458,0,0,0,0,0,0,0,0,0,0,0,0,0,0,0,0,0,0,0,0,0,0,0,0,580,0,0,0,580,0,3.3333333333333335,2.6666666666666665,4.333333333333333,4.666666666666667,0.3333333333333333,4
20210706212309,6,1,4,36,2,100,1,2,1,1,1,1,1,1,1,2,2,2,2,10,1,0,0,0,0,0,0,0,0,0,0,0,0,0,0,0,0,0,0,0,0,0,0,0,65,65,0,165,0,60,0,80,0,0,25,0,0,0,90,0,0,0,0,90,90,0,0,0,0,90,0,625,0,80,0,545,0,0,0,0,0,0,0,0,0,0,0,0,0,0,0,0,0,0,0,0,0,0,0,0,495,0,0,30,465,0,6,0,4,1,0,6
20210706212316,3,1,1,43,1,131,1,2,1,1,1,1,1,1,1,1,2,2,2,7,1,0,0,0,0,0,0,0,0,0,0,0,0,0,60,0,0,0,60,0,0,0,0,0,80,80,0,60,0,60,0,0,0,0,0,0,0,0,60,0,0,0,0,60,60,0,0,0,0,60,0,480,0,0,0,480,0,0,0,0,0,0,0,0,0,0,0,0,0,0,0,0,0,0,0,0,0,0,0,0,700,0,0,120,580,0,5.666666666666667,0,4.333333333333333,0.6666666666666666,0,6
20210706212321,2,1,1,29,2,100,6,2,1,1,1,1,1,1,1,1,2,2,1,8,1,0,0,0,0,0,0,0,0,0,0,0,0,0,0,0,0,0,0,0,0,0,0,0,135,105,30,90,0,0,0,90,0,0,0,0,0,0,420,0,0,0,0,285,405,120,120,0,15,150,0,735,0,150,0,585,0,60,0,20,0,0,0,0,0,0,0,40,0,0,0,0,0,0,0,0,0,0,0,0,0,0,0,0,0,0,6,0,0,0,0,0
20210706212325,4,1,2,40,1,100,1,2,1,1,1,1,1,1,1,4,2,2,2,7,1,0,0,0,0,0,0,0,0,0,0,0,0,0,0,0,0,0,0,0,0,0,0,0,30,30,0,0,0,0,0,0,0,0,0,0,0,0,0,0,0,0,0,0,0,0,0,0,0,0,30,200,0,20,0,180,0,0,0,0,0,0,0,0,0,0,0,0,0,0,0,0,0,0,0,0,0,0,0,0,1180,0,0,40,1140,0,4,0,3.6666666666666665,1,0,3.3333333333333335
20210706212328,4,1,2,67,2,100,1,3,1,1,1,1,1,1,1,2,2,2,1,6,1,155,55,60,0,60,0,40,0,0,0,0,0,0,30,0,0,0,30,0,0,0,0,0,135,135,0,265,0,265,0,0,0,0,0,0,0,0,210,0,0,0,0,210,210,0,0,0,0,165,0,525,0,0,0,525,0,120,0,65,0,5,0,0,0,0,0,55,0,0,0,0,0,0,0,0,0,0,0,0,0,0,0,0,0,0,4,0,0.3333333333333333,0.6666666666666666,0,5.666666666666667
20210706212347,4,1,2,51,2,100,2,2,1,1,1,1,1,1,1,2,2,2,2,7,1,214,0,54,0,0,54,160,0,0,0,0,0,0,0,0,0,0,0,0,0,0,0,0,75,75,0,480,0,255,0,195,0,30,0,0,0,0,75,0,0,0,45,30,30,0,0,45,0,0,0,486,0,70,0,416,0,110,0,70,0,70,0,0,0,0,0,40,0,0,0,0,0,0,0,0,0,0,0,0,0,0,0,0,0,0,4.666666666666667,0,3,1.3333333333333333,0.6666666666666666,5
20210707210176,4,1,1,24,1,100,6,4,1,1,1,1,1,1,1,1,2,2,1,8,1,0,0,0,0,0,0,0,0,0,0,0,0,0,0,0,0,0,0,0,0,0,0,0,195,165,30,0,0,0,0,0,0,0,0,0,0,0,150,0,0,0,0,59,135,76,76,0,15,0,0,590,0,65,0,525,0,0,0,0,0,0,0,0,0,0,0,0,0,25,0,0,0,0,0,25,0,0,0,0,480,0,0,15,465,0,4.666666666666667,0,2.3333333333333335,0.6666666666666666,0,4.333333333333333
20210707210277,4,1,1,20,1,100,6,2,1,1,1,1,1,1,1,1,2,1,2,6,1,0,0,0,0,0,0,0,0,0,0,0,0,0,0,0,0,0,0,0,30,0,30,0,60,60,0,60,0,0,0,0,0,60,0,0,0,0,360,0,0,0,0,240,240,0,0,0,120,240,0,930,0,0,0,930,0,0,0,0,0,0,0,0,0,0,0,0,0,0,0,0,0,0,0,0,0,0,0,0,0,0,0,0,0,0,3.6666666666666665,0.6666666666666666,1.3333333333333333,1,0,3.3333333333333335
20210707210643,5,1,2,43,1,100,1,3,1,1,1,1,1,1,1,1,2,2,2,9,1,0,0,0,0,0,0,0,0,0,0,0,0,0,0,0,0,0,0,0,0,0,0,0,90,90,0,0,0,0,0,0,0,0,0,0,0,0,300,0,0,0,0,0,300,300,300,0,0,0,0,810,0,0,0,810,0,0,0,0,0,0,0,0,0,0,0,0,0,0,0,0,0,0,0,0,0,0,0,0,240,0,0,180,60,0,5.333333333333333,0,2.6666666666666665,0,0,5.666666666666667
20210707210654,4,1,2,41,1,100,1,1,1,1,1,1,1,1,1,1,2,2,2,7,1,145,0,105,0,0,105,40,0,0,0,0,0,0,0,0,0,0,0,0,0,0,0,0,35,35,0,50,0,10,20,0,0,0,20,0,0,0,160,0,0,0,60,100,100,0,0,60,0,50,15,430,0,70,0,360,0,0,0,0,0,0,0,0,0,0,0,0,0,0,0,0,0,0,0,0,0,0,0,0,605,0,0,20,585,0,6,0,0,0,0,4
20210707210696,3,1,1,40,2,100,1,2,1,1,1,1,1,1,1,1,2,2,2,8,1,210,0,210,0,0,210,0,0,0,0,0,0,0,30,30,0,30,0,0,0,0,0,0,105,105,0,295,0,105,120,60,0,0,0,0,10,0,140,0,0,0,0,120,120,0,0,0,20,90,0,660,0,30,0,630,0,0,0,0,0,0,0,0,0,0,0,0,0,0,0,0,0,0,0,0,0,0,0,0,0,0,0,0,0,0,4.333333333333333,0.3333333333333333,0,0,0,5.333333333333333
20210707210748,4,1,2,34,1,100,1,3,1,1,1,1,1,1,1,2,2,2,2,10,1,30,0,30,0,0,30,0,0,0,0,0,0,0,0,0,0,0,0,0,0,0,0,0,60,60,0,0,0,0,0,0,0,0,0,0,0,0,350,0,0,0,120,15,226,211,211,120,4,0,0,461,0,0,0,461,0,0,0,0,0,0,0,0,0,0,0,0,0,0,0,0,0,0,0,0,0,0,0,0,539,0,0,14,525,0,3.6666666666666665,2.3333333333333335,2,2,2,2
20210707210821,4,1,2,49,2,100,1,2,1,1,1,1,1,1,1,1,2,2,1,8,1,0,0,0,0,0,0,0,0,0,0,0,0,0,0,0,0,0,0,0,0,0,0,0,40,40,0,240,0,0,0,210,0,0,30,0,0,0,570,0,0,0,0,570,570,0,0,0,0,570,0,590,0,0,0,590,0,0,0,0,0,0,0,0,0,0,0,0,0,0,0,0,0,0,0,0,0,0,0,0,0,0,0,0,0,0,3.6666666666666665,0,4.333333333333333,0.6666666666666666,0,4
20210707210893,2,1,1,33,2,110,5,3,1,1,1,1,1,1,1,2,2,2,1,6,1,40,0,15,0,0,15,25,0,0,0,0,0,0,0,0,0,0,0,0,0,0,0,0,30,30,0,185,0,30,0,155,0,0,0,0,0,0,425,0,0,45,90,120,280,160,160,135,10,120,60,535,0,55,0,480,0,165,0,60,0,0,0,0,0,90,90,15,0,0,0,0,0,0,0,0,0,0,0,0,0,0,0,0,0,0,4.333333333333333,1.3333333333333333,2,1.3333333333333333,0,4
20210707210926,7,1,3,45,2,100,1,2,1,1,1,1,1,1,1,2,2,2,2,7,1,155,0,50,0,0,50,105,0,0,0,0,0,0,0,0,0,0,0,0,0,0,0,0,95,90,5,65,0,65,0,0,0,0,0,0,0,0,0,0,0,0,0,0,0,0,0,0,0,0,0,552,0,97,65,390,0,8,0,3,0,0,0,0,0,0,0,5,0,0,0,0,0,0,0,0,0,0,0,0,565,0,0,25,540,0,4,0,2,0,0,3
20210707210994,4,1,2,38,1,110,1,3,1,1,1,1,1,1,1,3,2,2,2,8,1,0,0,0,0,0,0,0,0,0,0,0,0,0,0,0,0,0,0,0,0,0,0,0,75,75,0,0,0,0,0,0,0,0,0,0,0,0,120,0,0,0,0,120,120,0,0,0,0,120,0,500,0,45,0,455,0,205,0,155,0,0,0,0,0,0,0,50,0,0,0,0,0,0,0,0,0,0,0,0,540,0,0,75,465,0,4.666666666666667,0,3.6666666666666665,1.3333333333333333,0,4.333333333333333
20210707211074,4,1,2,45,1,100,1,3,1,1,1,1,1,1,1,1,2,2,1,8,1,30,15,15,0,0,15,0,0,0,0,0,0,0,0,0,0,0,0,0,0,0,0,0,165,125,40,30,0,5,25,0,0,0,0,0,0,0,516,285,0,0,0,130,441,26,26,0,75,40,0,530,0,50,0,480,0,169,0,70,0,0,0,0,0,0,0,99,0,0,0,0,0,0,0,0,0,0,0,0,0,0,0,0,0,0,5.333333333333333,0,1.3333333333333333,0.3333333333333333,0,5.666666666666667
20210707211078,3,1,1,36,2,100,1,2,1,1,1,1,1,1,1,3,2,2,2,7,1,430,0,410,0,0,410,20,0,0,0,0,0,0,0,0,0,0,0,0,0,0,0,0,90,90,0,70,0,70,0,0,0,0,0,0,0,0,180,0,0,0,0,180,180,0,0,0,0,180,45,625,0,0,0,625,0,0,0,0,0,0,0,0,0,0,0,0,0,0,0,0,0,0,0,0,0,0,0,0,0,0,0,0,0,0,3.3333333333333335,0,3.3333333333333335,2,0.6666666666666666,4.333333333333333
20210707211119,6,1,4,43,2,100,1,3,1,1,1,1,1,1,1,1,2,2,1,8,1,0,0,0,0,0,0,0,0,0,0,0,0,0,0,0,0,0,0,0,0,0,0,0,60,60,0,0,0,0,0,0,0,0,0,0,0,0,720,390,0,0,0,60,450,0,0,0,270,60,0,660,0,120,0,540,0,0,0,0,0,0,0,0,0,0,0,0,0,0,0,0,0,0,0,0,0,0,0,0,0,0,0,0,0,0,4,0,2,1.3333333333333333,1.3333333333333333,5
20210707211383,4,1,2,41,2,100,1,3,1,1,1,1,1,1,1,3,2,1,2,10,1,150,0,150,0,0,150,0,0,0,0,0,0,0,0,0,0,0,0,0,0,0,0,0,145,145,0,20,0,20,0,0,0,0,0,0,0,0,395,0,0,0,335,0,0,0,0,335,60,0,0,730,0,10,0,720,0,0,0,0,0,0,0,0,0,0,0,0,0,0,0,0,0,0,0,0,0,0,0,0,0,0,0,0,0,0,6,0,1,0.6666666666666666,2,6
20210707211463,3,1,1,44,1,100,1,1,1,1,1,1,1,1,1,2,2,2,1,8,1,250,0,220,0,0,220,30,0,0,0,0,0,0,0,0,0,0,0,0,0,0,0,0,90,90,0,290,0,120,20,0,0,30,90,0,30,0,305,0,0,0,175,60,120,60,60,175,10,60,0,505,0,20,0,485,0,0,0,0,0,0,0,0,0,0,0,0,0,0,0,0,0,0,0,0,0,0,0,0,0,0,0,0,0,0,4.333333333333333,0,4,0.3333333333333333,1,3.3333333333333335
20210707211485,4,1,2,45,1,110,1,1,1,1,1,1,1,1,1,1,2,2,1,7,1,30,0,20,0,0,20,10,0,0,0,0,0,0,0,0,0,0,0,0,0,0,0,0,77,70,7,20,0,20,0,0,0,0,0,0,0,0,90,0,0,0,0,90,90,0,0,0,0,90,13,520,0,40,0,480,0,0,0,0,0,0,0,0,0,0,0,0,0,45,0,0,0,0,0,45,0,0,0,0,645,0,0,87,558,0,5.666666666666667,0,2,0,0,5.666666666666667
20210707211498,4,1,2,40,1,110,1,3,2,1,1,1,1,1,2,4,2,2,2,1,1,165,0,165,45,0,120,0,0,0,0,0,0,0,0,0,0,0,0,0,0,0,0,0,70,70,0,100,0,60,20,20,0,0,0,0,0,0,430,0,0,0,0,410,430,20,20,0,0,180,0,330,0,0,0,330,0,255,0,160,0,40,0,0,0,0,0,95,0,90,0,0,0,0,0,90,0,0,0,0,0,0,0,0,0,0,3,2.3333333333333335,6,4,2,5.333333333333333
20210707211504,3,1,2,41,1,100,4,1,1,1,1,1,1,1,1,1,2,2,2,9,1,0,0,0,0,0,0,0,0,0,0,0,0,0,0,0,0,0,0,0,0,0,0,0,115,115,0,0,0,0,0,0,0,0,0,0,0,0,165,0,0,0,0,165,165,0,0,0,0,45,0,587,0,60,0,527,0,70,0,60,0,0,0,0,0,0,0,10,0,0,0,0,0,0,0,0,0,0,0,0,503,0,0,6,497,0,5.333333333333333,0,3.6666666666666665,2.3333333333333335,0,0
20210707211607,5,1,2,35,1,131,1,2,1,1,1,1,1,1,1,2,2,2,1,7,1,0,0,0,0,0,0,0,0,0,0,0,0,0,0,0,0,0,0,0,0,0,0,0,135,135,0,0,0,0,0,0,0,0,0,0,0,0,285,0,0,0,0,180,285,105,105,0,0,180,0,600,0,0,0,600,0,0,0,0,0,0,0,0,0,0,0,0,0,0,0,0,0,0,0,0,0,0,0,0,420,0,0,30,390,0,6,0,1.3333333333333333,0.6666666666666666,0,5.333333333333333
20210707211612,4,1,2,52,1,100,1,3,1,1,1,1,1,1,1,2,2,2,1,7,1,259,0,210,0,0,210,49,0,0,0,0,0,0,0,0,0,0,0,0,0,0,0,0,140,105,10,216,0,0,211,0,0,0,0,0,5,0,290,0,0,0,0,65,290,225,225,0,0,65,0,440,0,0,0,440,0,35,0,15,0,0,0,0,0,0,0,20,0,30,30,0,0,0,0,0,0,0,30,30,30,0,0,0,30,0,2.3333333333333335,0,1.6666666666666667,1,0,2.6666666666666665
20210707211622,5,1,3,34,1,100,1,4,1,1,1,1,1,1,1,2,2,2,2,8,1,240,0,240,0,0,240,0,0,0,0,0,0,0,0,0,0,0,0,0,0,0,0,0,60,60,0,0,0,0,0,0,0,0,0,0,0,0,360,0,0,0,0,360,360,0,0,0,0,300,0,720,0,0,0,720,0,60,0,0,0,0,0,0,0,30,30,30,0,0,0,0,0,0,0,0,0,0,0,0,0,0,0,0,0,0,6,0,1,1,0,6
20210707211660,3,1,1,49,2,202,1,3,1,1,1,1,1,1,1,3,2,1,2,8,1,15,0,15,0,0,15,0,70,70,0,70,0,0,5,0,0,0,5,0,0,0,0,0,67,67,0,185,0,5,140,0,0,0,0,0,40,0,273,0,0,0,118,60,155,95,95,118,0,0,15,741,0,69,0,639,33,69,0,45,0,0,0,0,0,0,0,24,0,0,0,0,0,0,0,0,0,0,0,0,0,0,0,0,0,0,3,0,3.3333333333333335,1,2.6666666666666665,4.333333333333333
20210707211783,3,1,1,32,2,100,1,1,1,1,1,1,1,1,1,3,1,2,2,8,1,70,0,70,0,0,70,0,0,0,0,0,0,0,0,0,0,0,0,0,0,0,0,0,50,50,0,65,0,40,20,0,0,0,5,0,0,0,60,0,0,0,0,60,60,0,0,0,0,60,0,845,0,90,0,755,0,350,0,90,115,90,0,0,0,0,20,125,0,0,0,0,0,0,0,0,0,0,0,0,0,0,0,0,0,0,4.333333333333333,0,3,2,0,4
20210707211810,4,1,2,48,1,100,1,2,1,1,1,1,1,1,1,1,2,2,1,9,1,0,0,0,0,0,0,0,0,0,0,0,0,0,0,0,0,0,0,0,0,0,0,0,120,120,0,330,0,150,120,0,0,0,60,0,0,0,345,0,0,0,0,345,345,0,0,0,0,225,0,390,0,0,0,390,0,165,0,15,0,0,0,0,0,0,0,150,0,0,0,0,0,0,0,0,0,0,0,0,90,0,0,0,90,0,6,0,1,0.6666666666666666,0,4.666666666666667
20210707211943,6,1,4,31,2,100,1,2,1,1,1,1,1,1,1,3,2,1,2,6,1,10,0,10,0,0,10,0,0,0,0,0,0,0,0,0,0,0,0,0,0,0,0,0,30,30,0,105,0,55,0,50,0,0,0,0,0,0,545,0,0,0,380,105,105,0,0,380,60,105,0,597,0,25,0,572,0,0,0,0,0,0,0,0,0,0,0,0,0,0,0,0,0,0,0,0,0,0,0,0,153,0,0,3,150,0,4.666666666666667,0.6666666666666666,5.333333333333333,2.3333333333333335,0.6666666666666666,3.6666666666666665
20210707212010,3,1,1,27,2,100,1,2,1,1,1,1,1,1,1,2,2,1,2,9,1,437,0,437,0,0,437,0,0,0,0,0,0,0,0,0,0,0,0,0,0,0,0,0,40,40,0,413,0,90,60,248,0,0,15,0,0,0,55,0,0,0,0,55,55,0,0,0,0,0,0,475,0,0,0,475,0,0,0,0,0,0,0,0,0,0,0,0,0,0,0,0,0,0,0,0,0,0,0,0,20,0,0,0,20,0,5,0,1.6666666666666667,0,3.3333333333333335,3.6666666666666665
20210707212053,4,1,2,43,2,100,1,2,1,1,1,1,1,1,1,3,2,2,1,7,1,0,0,0,0,0,0,0,0,0,0,0,0,0,0,0,0,0,0,0,0,0,0,0,90,90,0,300,0,210,45,0,0,0,0,0,45,0,495,0,480,0,0,15,495,480,0,0,0,0,0,555,0,90,0,465,0,0,0,0,0,0,0,0,0,0,0,0,0,0,0,0,0,0,0,0,0,0,0,0,0,0,0,0,0,0,4.333333333333333,0,4.666666666666667,1.3333333333333333,0,4
20210707212349,2,1,1,60,2,100,4,3,1,1,1,1,1,1,1,1,1,2,2,9,1,43,0,33,0,0,33,10,0,0,0,0,0,0,30,30,30,0,0,0,0,0,0,0,30,30,0,105,0,30,10,45,0,0,0,0,20,0,90,0,0,0,0,90,90,0,0,0,0,80,50,530,0,50,0,480,0,174,0,30,0,0,74,0,0,0,74,70,0,0,0,0,0,0,0,0,0,0,0,0,388,0,0,0,388,0,1,0,0,0.3333333333333333,0,6
20210805211371,5,1,1,55,2,100,1,2,1,1,1,1,1,1,1,2,2,1,2,5,1,90,0,90,0,0,90,0,0,0,0,0,0,0,0,0,0,0,0,0,0,0,0,0,75,75,0,605,0,225,0,380,0,0,0,0,0,0,160,0,0,0,70,90,90,0,0,70,0,60,0,510,0,0,0,510,0,0,0,0,0,0,0,0,0,0,0,0,0,0,0,0,0,0,0,0,0,0,0,0,0,0,0,0,0,0,6,1.6666666666666667,3.3333333333333335,1.3333333333333333,4,6
20210806210206,4,1,2,21,2,100,6,3,2,1,1,1,1,1,2,2,2,2,2,6,1,0,0,0,0,0,0,0,0,0,0,0,0,0,120,0,0,0,120,0,0,0,0,0,30,30,0,60,0,0,0,60,0,0,0,0,0,0,435,0,0,0,0,435,435,0,0,0,0,0,0,795,0,15,0,780,0,0,0,0,0,0,0,0,0,0,0,0,0,0,0,0,0,0,0,0,0,0,0,0,0,0,0,0,0,0,4.333333333333333,0,2,1,0,3.6666666666666665
20210806210209,6,1,4,20,2,100,6,2,1,1,1,1,1,1,1,3,2,2,1,7,1,0,0,0,0,0,0,0,0,0,0,0,0,0,0,0,0,0,0,0,0,0,0,0,50,45,5,0,0,0,0,0,0,0,0,0,0,0,672,0,0,0,120,390,513,123,123,120,39,180,0,538,0,0,0,538,0,180,0,155,0,0,0,0,0,0,0,25,0,0,0,0,0,0,0,0,0,0,0,0,0,0,0,0,0,0,6,0,2,0.3333333333333333,0,2
20210806210261,3,1,1,23,1,110,6,5,1,1,1,1,1,1,1,3,1,2,2,2,1,132,37,0,0,0,0,95,202,27,0,27,0,175,0,0,0,0,0,0,0,0,0,0,5,5,0,277,0,90,30,60,0,0,0,90,7,0,200,0,0,0,0,105,165,60,60,0,35,0,0,479,0,18,5,456,0,145,0,84,0,64,0,0,0,0,0,61,0,0,0,0,0,0,0,0,0,0,0,0,0,0,0,0,0,0,3.3333333333333335,3,3.6666666666666665,3.3333333333333335,0.3333333333333333,5
20210806210292,4,1,1,19,2,100,6,1,1,1,1,1,1,1,1,2,2,1,2,5,1,0,0,0,0,0,0,0,0,0,0,0,0,0,0,0,0,0,0,0,0,0,0,0,30,30,0,0,0,0,0,0,0,0,0,0,0,0,0,0,0,0,0,0,0,0,0,0,0,0,0,580,0,40,0,540,0,50,0,5,0,0,0,0,0,0,0,45,0,0,0,0,0,0,0,0,0,0,0,0,780,0,0,45,735,0,3.3333333333333335,0.3333333333333333,5.666666666666667,0.6666666666666666,0.6666666666666666,3.3333333333333335
20210806210550,3,1,1,33,2,100,1,3,1,1,1,1,1,1,1,3,2,1,1,7,1,125,0,115,0,0,115,10,45,15,0,15,0,30,0,0,0,0,0,0,0,0,0,0,55,55,0,65,0,65,0,0,0,0,0,0,0,0,130,0,0,0,30,100,100,0,0,30,0,100,0,470,0,20,0,450,0,0,0,0,0,0,0,0,0,0,0,0,0,0,0,0,0,0,0,0,0,0,0,0,550,0,0,0,550,0,6,0,4,2.6666666666666665,4,4.666666666666667
20210806210570,4,1,2,47,2,100,1,3,1,1,1,1,1,1,1,1,2,2,2,7,1,147,0,87,0,25,62,60,0,0,0,0,0,0,0,0,0,0,0,0,0,0,0,0,50,50,0,225,0,115,20,90,0,0,0,0,0,0,350,0,0,0,0,285,350,65,65,0,0,150,0,558,0,0,0,558,0,110,0,90,0,0,0,0,0,0,0,20,0,0,0,0,0,0,0,0,0,0,0,0,0,0,0,0,0,0,4,1,2,2.3333333333333335,0,3
20210806210618,7,1,3,66,2,100,3,4,1,1,1,1,1,1,1,2,2,1,1,6,1,0,0,0,0,0,0,0,0,0,0,0,0,0,0,0,0,0,0,0,0,0,0,0,240,240,0,360,0,330,0,30,0,0,0,0,0,0,270,0,0,0,120,150,150,0,0,120,0,0,0,450,0,30,0,420,0,120,0,60,0,60,0,0,0,0,0,60,0,0,0,0,0,0,0,0,0,0,0,0,0,0,0,0,0,0,5,2.6666666666666665,6,3,2.6666666666666665,6
20210806210623,5,1,3,32,2,131,1,2,1,1,1,1,1,1,1,3,2,1,2,9,1,215,0,140,0,0,140,75,0,0,0,0,0,0,0,0,0,0,0,0,0,0,0,0,60,60,0,20,0,20,0,0,0,0,0,0,0,0,225,0,0,0,0,80,224,144,144,0,1,80,55,420,0,40,0,380,0,65,0,10,0,0,0,0,0,0,0,55,0,0,0,0,0,0,0,0,0,0,0,0,380,0,0,35,345,0,4.333333333333333,0,3.3333333333333335,1.3333333333333333,3.6666666666666665,4.666666666666667
20210806210628,4,1,2,75,1,100,5,2,1,1,1,1,1,1,1,2,1,2,2,9,1,0,0,0,0,0,0,0,0,0,0,0,0,0,0,0,0,0,0,0,0,0,0,0,75,75,0,30,0,30,0,0,0,0,0,0,0,0,30,0,0,0,0,30,30,0,0,0,0,30,0,750,0,30,0,720,0,75,0,5,0,0,0,0,0,0,0,70,0,0,0,0,0,0,0,0,0,0,0,0,480,0,0,60,420,0,2,0.6666666666666666,4.333333333333333,3.3333333333333335,0.3333333333333333,4.666666666666667
20210806210663,5,1,3,39,1,100,1,2,1,1,1,1,1,1,1,3,2,1,2,4,1,115,0,115,0,0,115,0,0,0,0,0,0,0,0,0,0,0,0,0,0,0,0,0,40,40,0,180,0,145,5,30,0,0,0,0,0,0,676,0,0,0,0,581,676,95,95,0,0,341,0,405,0,30,0,375,0,24,0,10,0,10,0,0,0,0,0,14,0,0,0,0,0,0,0,0,0,0,0,0,0,0,0,0,0,0,3.3333333333333335,1,3.6666666666666665,0.6666666666666666,0.3333333333333333,3.3333333333333335
20210806210738,4,1,2,31,2,100,6,2,1,1,1,1,1,1,1,2,1,2,3,7,1,0,0,0,0,0,0,0,0,0,0,0,0,0,0,0,0,0,0,0,0,0,0,0,20,20,0,7,0,0,7,0,0,0,0,0,0,0,122,0,0,0,0,122,122,0,0,0,0,0,0,335,0,97,0,238,0,0,0,0,0,0,0,0,0,0,0,0,0,0,0,0,0,0,0,0,0,0,0,0,956,0,0,29,927,0,2.6666666666666665,0,3.6666666666666665,3.6666666666666665,1.6666666666666667,3.6666666666666665
20210806210743,3,1,2,47,2,100,4,1,1,1,1,1,1,1,1,2,2,2,2,1,1,155,0,155,0,0,155,0,0,0,0,0,0,0,0,0,0,0,0,0,0,0,0,0,30,30,0,145,0,120,0,25,0,0,0,0,0,0,390,0,240,0,0,140,380,240,0,0,10,140,15,705,0,60,0,645,0,0,0,0,0,0,0,0,0,0,0,0,0,0,0,0,0,0,0,0,0,0,0,0,0,0,0,0,0,0,1,6,5,5,3,3.6666666666666665
20210806210761,4,1,2,34,2,100,6,4,1,1,1,1,1,1,1,3,2,1,1,8,1,125,0,50,0,0,50,75,0,0,0,0,0,0,0,0,0,0,0,0,90,0,90,0,30,30,0,145,0,85,0,0,0,60,0,0,0,0,80,0,0,0,0,80,80,0,0,0,0,80,0,630,0,100,0,530,0,340,0,260,0,0,0,0,0,0,0,80,0,0,0,0,0,0,0,0,0,0,0,0,0,0,0,0,0,0,4.666666666666667,0,3.3333333333333335,1.3333333333333333,3.3333333333333335,5.666666666666667
20210806210766,4,1,2,46,1,110,1,3,1,1,1,1,1,1,1,1,2,2,2,10,1,0,0,0,0,0,0,0,0,0,0,0,0,0,0,0,0,0,0,0,0,0,0,0,30,30,0,15,0,15,0,0,0,0,0,0,0,0,325,0,0,0,0,325,325,0,0,0,0,45,0,630,0,100,0,530,0,0,0,0,0,0,0,0,0,0,0,0,0,15,0,0,0,0,0,15,0,0,0,0,425,0,0,40,385,0,0,0,1.3333333333333333,1.3333333333333333,0,6
20210806210854,3,1,1,49,2,100,1,1,1,1,1,1,1,1,1,2,2,2,1,6,1,295,0,295,0,0,295,0,0,0,0,0,0,0,0,0,0,0,0,0,0,0,0,0,60,60,0,395,0,155,0,120,0,120,0,0,0,0,0,0,0,0,0,0,0,0,0,0,0,0,0,690,0,20,0,670,0,0,0,0,0,0,0,0,0,0,0,0,0,0,0,0,0,0,0,0,0,0,0,0,0,0,0,0,0,0,3.6666666666666665,0,1.6666666666666667,0,0,5.333333333333333
20210806210899,4,1,2,43,2,120,5,3,1,1,1,1,1,1,1,1,2,2,2,8,1,0,0,0,0,0,0,0,0,0,0,0,0,0,0,0,0,0,0,0,0,0,0,0,120,120,0,75,0,75,0,0,0,0,0,0,0,0,390,0,0,0,0,390,390,0,0,0,0,390,135,720,0,90,0,630,0,0,0,0,0,0,0,0,0,0,0,0,0,0,0,0,0,0,0,0,0,0,0,0,0,0,0,0,0,0,5.666666666666667,0,3.3333333333333335,3.3333333333333335,0,4.666666666666667
20210806210905,2,1,1,35,1,131,6,1,1,1,1,1,1,1,1,1,2,2,2,9,1,0,0,0,0,0,0,0,0,0,0,0,0,0,0,0,0,0,0,0,0,0,0,0,105,105,0,191,0,26,0,0,0,90,15,60,0,0,150,0,0,0,60,90,90,0,0,60,0,90,60,465,0,45,0,420,0,0,0,0,0,0,0,0,0,0,0,0,0,0,0,0,0,0,0,0,0,0,0,0,469,0,0,0,469,0,6,2,1.3333333333333333,0,0,6
20210806210921,5,1,1,52,2,110,1,3,1,1,1,1,1,1,1,2,1,2,2,8,1,10,0,10,0,0,10,0,0,0,0,0,0,0,0,0,0,0,0,0,0,0,0,0,45,45,0,120,0,95,15,0,0,0,10,0,0,0,230,0,0,0,0,210,230,20,20,0,0,120,0,555,0,45,0,510,0,0,0,0,0,0,0,0,0,0,0,0,0,0,0,0,0,0,0,0,0,0,0,0,480,0,0,0,480,0,4.333333333333333,0,4,0,2.6666666666666665,5
20210806210979,5,1,3,36,1,100,1,3,1,1,1,1,1,1,1,2,2,2,1,10,1,8,1,0,0,0,0,7,9,5,0,5,0,4,0,0,0,0,0,0,0,0,0,0,135,75,60,0,0,0,0,0,0,0,0,0,0,0,345,0,0,0,0,345,345,0,0,0,0,345,0,620,0,20,0,600,0,0,0,0,0,0,0,0,0,0,0,0,0,323,0,0,0,0,0,319,0,4,0,0,0,0,0,0,0,0,6,0,1.6666666666666667,0,0.6666666666666666,6
20210806210999,6,1,4,36,1,100,1,2,1,1,1,1,1,1,1,3,2,2,2,8,1,360,0,360,0,0,360,0,0,0,0,0,0,0,0,0,0,0,0,0,0,0,0,0,60,60,0,30,0,30,0,0,0,0,0,0,0,0,310,0,0,0,0,120,310,190,190,0,0,120,0,480,0,0,0,480,0,0,0,0,0,0,0,0,0,0,0,0,0,200,0,0,0,0,0,180,0,20,0,0,0,0,0,0,0,0,5.333333333333333,0,2.3333333333333335,0.6666666666666666,0,3.3333333333333335
20210806211025,3,1,1,43,1,100,1,2,1,1,1,1,1,1,1,1,2,2,2,8,1,245,0,125,0,0,125,120,0,0,0,0,0,0,0,0,0,0,0,0,0,0,0,0,90,90,0,30,0,30,0,0,0,0,0,0,0,0,105,0,0,0,0,105,105,0,0,0,0,105,0,450,0,50,0,400,0,0,0,0,0,0,0,0,0,0,0,0,0,0,0,0,0,0,0,0,0,0,0,0,520,0,0,90,430,0,6,0,0.6666666666666666,0.3333333333333333,0,6
20210806211048,4,1,2,39,2,100,1,2,1,1,1,1,1,1,1,2,2,2,2,8,1,140,0,140,60,0,80,0,0,0,0,0,0,0,0,0,0,0,0,0,0,0,0,0,25,25,0,100,0,70,0,0,0,0,30,0,0,0,20,0,0,0,0,0,20,20,20,0,0,0,0,630,0,40,0,590,0,80,0,5,0,0,30,0,0,0,30,45,0,0,0,0,0,0,0,0,0,0,0,0,445,0,0,0,445,0,3.3333333333333335,0.3333333333333333,3.3333333333333335,2,0,2.6666666666666665
20210806211054,2,1,1,40,2,100,6,2,1,1,1,1,1,1,1,1,1,1,2,10,1,0,0,0,0,0,0,0,0,0,0,0,0,0,0,0,0,0,0,0,0,0,0,0,12,10,2,20,0,0,0,20,0,0,0,0,0,0,392,0,0,0,0,392,392,0,0,0,0,332,0,570,0,60,0,510,0,126,0,120,0,60,0,0,0,0,0,6,0,0,0,0,0,0,0,0,0,0,0,0,320,0,0,2,318,0,6,0,0,0,0,6
20210806211101,2,1,1,48,2,100,4,2,1,1,1,1,1,1,1,3,2,2,2,8,1,101,0,86,60,0,26,15,0,0,0,0,0,0,0,0,0,0,0,0,0,0,0,0,20,20,0,115,0,60,0,0,0,0,55,0,0,0,160,0,0,0,10,150,150,0,0,10,0,60,0,439,0,30,0,409,0,51,0,6,0,0,0,0,0,0,0,45,0,0,0,0,0,0,0,0,0,0,0,0,554,0,0,45,509,0,5.333333333333333,0,5,1.6666666666666667,0,3.6666666666666665
20210806211112,4,1,2,33,1,100,1,2,1,1,1,1,1,1,1,1,1,2,2,8,1,105,0,70,0,0,70,35,0,0,0,0,0,0,0,0,0,0,0,0,0,0,0,0,90,90,0,210,0,30,180,0,0,0,0,0,0,0,160,0,0,0,30,130,130,0,0,30,0,10,0,510,0,0,0,510,0,355,0,65,0,0,0,5,0,0,0,285,5,0,0,0,0,0,0,0,0,0,0,0,10,0,0,0,10,0,3.6666666666666665,0,2.3333333333333335,1.6666666666666667,0,4
20210806211116,6,1,1,41,1,131,1,1,1,1,1,1,1,1,1,1,1,2,2,10,1,45,35,10,0,0,10,0,0,0,0,0,0,0,45,0,0,0,45,0,0,0,0,0,80,80,0,30,0,30,0,0,0,0,0,0,0,0,380,0,0,0,60,275,275,0,0,60,45,220,0,450,0,30,0,420,0,140,0,120,0,0,0,0,0,0,0,20,0,0,0,0,0,0,0,0,0,0,0,0,270,0,0,30,240,0,5,0,1.6666666666666667,0,0,4.666666666666667
20210806211141,4,1,2,37,1,100,1,1,1,1,1,1,1,1,1,3,2,2,2,9,1,100,0,100,0,0,100,0,90,0,0,0,90,0,0,0,0,0,0,0,0,0,0,0,95,95,0,290,0,110,15,150,0,0,15,0,0,0,145,0,0,0,0,90,145,55,55,0,0,90,0,515,0,20,0,495,0,70,0,60,0,60,0,0,0,0,0,10,0,135,0,0,0,0,0,75,0,60,0,0,0,0,0,0,0,0,4.333333333333333,0,1,0.6666666666666666,0,6
20210806211164,3,1,1,30,2,100,1,1,1,1,1,1,1,1,1,3,2,2,2,4,1,210,0,210,0,0,210,0,0,0,0,0,0,0,0,0,0,0,0,0,0,0,0,0,125,90,35,76,0,16,5,35,0,0,20,0,0,0,300,0,0,0,0,300,300,0,0,0,0,240,20,564,0,70,0,494,0,145,0,85,0,85,0,0,0,0,0,60,0,0,0,0,0,0,0,0,0,0,0,0,0,0,0,0,0,0,1.3333333333333333,1,3,2,1.6666666666666667,1
20210806211226,4,1,1,55,2,100,1,1,1,1,1,1,1,1,1,2,2,2,2,9,1,100,0,60,0,0,60,40,0,0,0,0,0,0,0,0,0,0,0,0,0,0,0,0,270,270,0,225,0,150,10,45,0,0,0,0,20,0,290,0,0,0,180,20,110,90,90,180,0,20,0,450,0,0,0,450,0,105,0,50,0,50,0,0,0,0,0,55,0,0,0,0,0,0,0,0,0,0,0,0,0,0,0,0,0,0,5,0,3,2,1.6666666666666667,2.6666666666666665
20210806211260,3,1,1,40,1,100,1,3,1,1,1,1,1,1,1,2,2,2,1,5,1,0,0,0,0,0,0,0,0,0,0,0,0,0,0,0,0,0,0,0,0,0,0,0,30,30,0,75,0,0,0,0,0,60,15,0,0,0,510,0,0,271,0,135,150,15,15,271,89,30,60,270,0,0,0,270,0,0,0,0,0,0,0,0,0,0,0,0,0,0,0,0,0,0,0,0,0,0,0,0,495,0,0,45,450,0,5.666666666666667,0.6666666666666666,3.6666666666666665,1,0,6
20210806211281,7,1,3,62,2,100,1,4,1,1,1,1,1,1,1,3,1,1,2,5,1,0,0,0,0,0,0,0,0,0,0,0,0,0,0,0,0,0,0,0,0,0,0,0,190,120,40,0,0,0,0,0,0,0,0,0,0,0,370,0,0,0,0,370,370,0,0,0,0,270,0,580,0,30,0,550,0,300,0,30,0,0,240,0,0,0,240,30,0,0,0,0,0,0,0,0,0,0,0,0,0,0,0,0,0,0,5.333333333333333,0,3,1,4.333333333333333,5
20210806211390,3,1,1,54,2,100,1,2,1,1,1,1,1,1,1,1,2,2,2,8,1,40,0,40,0,0,40,0,0,0,0,0,0,0,0,0,0,0,0,0,0,0,0,0,60,60,0,110,0,0,0,75,0,0,35,0,0,0,110,0,0,0,30,20,80,60,60,30,0,0,0,505,0,60,0,445,0,0,0,0,0,0,0,0,0,0,0,0,0,0,0,0,0,0,0,0,0,0,0,0,615,0,0,35,580,0,4.333333333333333,1,3,0.3333333333333333,0,4.666666666666667
20210806211444,3,1,1,67,1,100,1,3,1,1,1,1,1,1,1,2,1,1,1,5,1,0,0,0,0,0,0,0,110,0,0,0,20,90,0,0,0,0,0,0,0,0,0,0,60,60,0,70,0,0,0,60,0,0,10,0,0,0,574,0,0,170,0,264,264,0,0,250,60,150,0,585,0,15,0,570,0,11,0,10,0,0,0,0,0,0,0,1,0,0,0,0,0,0,0,0,0,0,0,0,30,0,0,0,30,0,4.666666666666667,2,3.3333333333333335,2.3333333333333335,2.6666666666666665,6
20210806211467,4,1,2,52,1,100,1,4,1,1,1,1,1,1,1,2,2,2,2,9,1,67,10,17,0,0,17,40,0,0,0,0,0,0,0,0,0,0,0,0,0,0,0,0,40,40,0,128,0,0,13,5,60,50,0,0,0,0,550,0,0,0,130,280,397,117,117,130,23,170,70,525,0,50,0,475,0,60,0,10,0,0,0,10,0,0,0,40,10,0,0,0,0,0,0,0,0,0,0,0,0,0,0,0,0,0,5.666666666666667,0,3,0,0,4.666666666666667
20210806211513,5,1,3,42,2,100,1,2,1,1,1,1,1,1,1,1,2,2,1,8,1,90,0,80,0,0,80,10,0,0,0,0,0,0,0,0,0,0,0,0,0,0,0,0,50,45,5,280,250,0,0,30,0,0,0,0,0,0,130,0,0,0,0,0,90,90,90,0,40,0,0,780,0,150,0,630,0,110,0,75,0,0,0,0,0,0,0,35,0,0,0,0,0,0,0,0,0,0,0,0,0,0,0,0,0,0,5.666666666666667,0,0.3333333333333333,0,0,5.333333333333333
20210806211534,2,1,1,34,2,100,6,3,1,1,1,1,1,1,1,2,2,2,1,7,1,170,0,158,0,0,158,12,0,0,0,0,0,0,15,15,15,0,0,0,0,0,0,0,68,30,38,100,0,0,0,90,0,0,10,0,0,0,185,0,0,0,0,165,165,0,0,0,20,120,0,885,0,195,0,690,0,2,0,2,0,0,0,0,0,0,0,0,0,0,0,0,0,0,0,0,0,0,0,0,15,0,0,0,15,0,5,0,2.3333333333333335,0,0.3333333333333333,6
20210806211547,4,1,2,39,2,131,1,1,1,1,1,1,1,1,1,2,2,2,1,7,1,146,0,116,0,0,116,30,13,0,0,0,1,12,0,0,0,0,0,0,0,0,0,0,15,15,0,100,0,90,0,10,0,0,0,0,0,0,152,0,0,0,25,60,120,60,60,25,7,30,45,480,0,10,0,470,0,0,0,0,0,0,0,0,0,0,0,0,0,0,0,0,0,0,0,0,0,0,0,0,489,0,0,0,489,0,4,0.3333333333333333,3.3333333333333335,2.3333333333333335,0,6
20210806211553,5,1,1,55,2,100,1,3,1,1,1,1,1,1,1,1,1,2,2,8,1,0,0,0,0,0,0,0,0,0,0,0,0,0,0,0,0,0,0,0,0,0,0,0,105,105,0,280,0,140,60,80,0,0,0,0,0,0,210,0,0,0,0,150,210,60,60,0,0,150,0,830,0,40,0,790,0,0,0,0,0,0,0,0,0,0,0,0,0,15,0,0,0,0,0,15,0,0,0,0,0,0,0,0,0,0,4,0,1,0.3333333333333333,0,6
20210806211613,4,1,1,50,1,100,1,1,1,1,1,1,1,1,1,1,2,2,2,10,1,0,0,0,0,0,0,0,0,0,0,0,0,0,0,0,0,0,0,0,0,0,0,0,105,105,0,140,0,0,0,0,0,30,110,0,0,0,90,0,0,0,90,0,0,0,0,90,0,0,0,460,0,80,0,380,0,0,0,0,0,0,0,0,0,0,0,0,0,0,0,0,0,0,0,0,0,0,0,0,645,0,0,10,635,0,6,0,1.3333333333333333,0,0,6
20210806211617,6,1,4,33,2,100,1,3,1,1,1,1,1,1,1,2,2,2,2,8,1,117,20,57,0,0,57,40,0,0,0,0,0,0,0,0,0,0,0,0,0,0,0,0,15,15,0,209,0,24,0,0,0,185,0,0,0,0,335,0,0,0,0,335,335,0,0,0,0,330,0,724,0,15,0,709,0,40,0,10,0,0,0,0,0,0,0,30,0,0,0,0,0,0,0,0,0,0,0,0,0,0,0,0,0,0,5.666666666666667,0,0,0,0,6
20210806211630,2,1,1,37,2,100,1,1,1,1,1,1,1,1,1,2,2,2,2,5,1,30,0,25,0,0,25,5,0,0,0,0,0,0,0,0,0,0,0,0,0,0,0,0,175,120,55,25,0,25,0,0,0,0,0,0,0,0,90,0,0,0,0,90,90,0,0,0,0,60,0,520,0,60,0,460,0,0,0,0,0,0,0,0,0,0,0,0,0,0,0,0,0,0,0,0,0,0,0,0,600,0,0,55,545,0,3,1.6666666666666667,4,3.3333333333333335,2.3333333333333335,3
20210806211656,3,1,1,31,1,100,1,1,1,1,1,1,1,1,1,3,2,2,2,9,1,140,0,140,0,0,140,0,0,0,0,0,0,0,0,0,0,0,0,0,0,0,0,0,105,105,0,35,0,25,10,0,0,0,0,0,0,0,120,0,0,0,0,120,120,0,0,0,0,0,0,495,0,20,0,475,0,100,0,20,0,20,0,0,0,0,0,80,0,0,0,0,0,0,0,0,0,0,0,0,445,0,0,75,370,0,2.3333333333333335,1,3.3333333333333335,2.6666666666666665,0,3.3333333333333335
20210806211703,5,1,3,49,1,100,1,3,1,1,1,1,1,1,1,2,2,2,1,8,1,430,0,385,0,0,385,45,0,0,0,0,0,0,0,0,0,0,0,0,0,0,0,0,95,75,20,90,0,75,0,0,0,0,15,0,0,0,180,0,0,0,0,180,180,0,0,0,0,180,0,495,0,15,0,480,0,0,0,0,0,0,0,0,0,0,0,0,0,150,0,0,0,0,0,120,0,30,0,0,0,0,0,0,0,0,5,0,2.3333333333333335,2.6666666666666665,0,5.666666666666667
20210806211727,4,1,1,44,2,100,1,1,1,1,1,1,1,1,1,3,2,2,1,8,1,0,0,0,0,0,0,0,0,0,0,0,0,0,0,0,0,0,0,0,0,0,0,0,270,180,90,0,0,0,0,0,0,0,0,0,0,0,400,0,0,240,0,130,130,0,0,240,30,70,0,770,0,50,0,720,0,0,0,0,0,0,0,0,0,0,0,0,0,0,0,0,0,0,0,0,0,0,0,0,0,0,0,0,0,0,4.5,0,3,0,1,5
20210806211730,5,1,3,40,2,120,1,4,1,1,1,1,1,1,1,3,1,2,2,4,1,120,5,80,0,0,80,35,0,0,0,0,0,0,0,0,0,0,0,0,0,0,0,0,15,15,0,0,0,0,0,0,0,0,0,0,0,0,30,0,0,0,0,30,30,0,0,0,0,30,60,450,0,30,0,420,0,0,0,0,0,0,0,0,0,0,0,0,0,0,0,0,0,0,0,0,0,0,0,0,765,0,0,20,745,0,5,0,4,0.3333333333333333,0,4.666666666666667
20210806211740,6,1,4,41,2,100,1,1,1,1,1,1,1,1,1,1,2,2,2,9,1,55,0,55,0,0,55,0,0,0,0,0,0,0,80,60,0,60,20,0,0,0,0,0,105,105,0,205,0,130,0,30,0,0,45,0,0,0,435,0,0,0,195,240,240,0,0,195,0,90,0,560,0,20,0,540,0,0,0,0,0,0,0,0,0,0,0,0,0,0,0,0,0,0,0,0,0,0,0,0,0,0,0,0,0,0,5,0,0.6666666666666666,0.6666666666666666,0,4.666666666666667
20210806211780,3,1,1,39,2,100,1,3,1,1,1,1,1,1,1,1,1,2,1,8,1,30,0,30,0,0,30,0,0,0,0,0,0,0,0,0,0,0,0,0,0,0,0,0,120,90,30,0,0,0,0,0,0,0,0,0,0,0,660,0,390,0,195,60,450,390,0,195,15,60,0,615,0,135,0,480,0,0,0,0,0,0,0,0,0,0,0,0,0,0,0,0,0,0,0,0,0,0,0,0,15,0,0,0,15,0,4.666666666666667,0,4.333333333333333,0.6666666666666666,0.6666666666666666,2.6666666666666665
20210806211798,4,1,1,36,2,100,4,4,1,1,1,1,1,1,1,2,2,2,2,8,1,240,0,240,0,0,240,0,0,0,0,0,0,0,0,0,0,0,0,0,0,0,0,0,0,0,0,0,0,0,0,0,0,0,0,0,0,0,480,0,0,0,60,420,420,0,0,60,0,420,0,720,0,0,0,720,0,0,0,0,0,0,0,0,0,0,0,0,0,0,0,0,0,0,0,0,0,0,0,0,0,0,0,0,0,0,5.5,1,0.5,2,0,5
20210806211803,5,1,2,37,2,100,1,2,1,1,1,1,1,1,1,3,2,2,2,10,1,90,0,90,60,0,30,0,0,0,0,0,0,0,0,0,0,0,0,0,0,0,0,0,15,15,0,75,0,70,0,5,0,0,0,0,0,0,165,0,0,0,0,75,135,60,60,0,30,30,15,520,0,75,0,445,0,0,0,0,0,0,0,0,0,0,0,0,0,0,0,0,0,0,0,0,0,0,0,0,560,0,0,25,535,0,3.3333333333333335,0,4.666666666666667,2,0,5
20210806211861,4,1,2,35,1,100,1,2,1,1,1,1,1,1,1,1,2,2,2,8,1,125,0,85,0,0,85,40,0,0,0,0,0,0,0,0,0,0,0,0,0,0,0,0,80,60,20,30,0,0,0,30,0,0,0,0,0,0,30,0,0,0,30,0,0,0,0,30,0,0,30,530,0,0,0,530,0,30,0,10,0,0,0,0,0,0,0,20,0,0,0,0,0,0,0,0,0,0,0,0,585,0,0,0,585,0,5.333333333333333,0.6666666666666666,1.3333333333333333,1.3333333333333333,0,1.6666666666666667
20210806211878,5,1,3,36,2,100,1,4,1,1,1,1,1,1,1,1,2,2,1,9,1,125,0,125,0,0,125,0,0,0,0,0,0,0,20,0,0,0,20,0,0,0,0,0,15,15,0,160,0,130,0,30,0,0,0,0,0,0,240,0,0,0,0,60,240,180,180,0,0,60,0,720,0,30,0,690,0,160,0,120,0,120,0,0,0,0,0,40,0,0,0,0,0,0,0,0,0,0,0,0,0,0,0,0,0,0,6,0,1.6666666666666667,1.6666666666666667,0,6
20210806211881,4,1,2,46,1,100,1,3,1,1,1,1,1,1,1,2,2,2,2,7,1,53,0,28,0,0,28,25,0,0,0,0,0,0,0,0,0,0,0,0,0,0,0,0,90,80,10,5,0,5,0,0,0,0,0,0,0,0,120,0,0,0,0,120,120,0,0,0,0,120,0,650,0,0,0,650,0,0,0,0,0,0,0,0,0,0,0,0,0,0,0,0,0,0,0,0,0,0,0,0,522,0,0,15,507,0,4.333333333333333,0,2.3333333333333335,1,0,3.6666666666666665
20210806211960,4,1,2,44,1,100,1,3,1,1,1,1,1,1,1,1,1,1,3,8,1,30,0,30,0,0,30,0,0,0,0,0,0,0,0,0,0,0,0,0,0,0,0,0,15,15,0,20,0,0,20,0,0,0,0,0,0,0,510,0,285,0,0,85,370,285,0,0,140,0,0,665,0,20,0,645,0,0,0,0,0,0,0,0,0,0,0,0,0,200,0,0,0,0,0,70,0,130,0,0,0,0,0,0,0,0,4,0,4.333333333333333,0,0,6
20210806212024,5,1,3,28,2,110,6,2,1,1,1,1,1,1,1,2,2,2,1,7,1,90,0,90,0,0,90,0,0,0,0,0,0,0,0,0,0,0,0,0,120,0,120,0,30,30,0,185,0,125,0,60,0,0,0,0,0,0,298,0,0,0,0,298,298,0,0,0,0,298,0,685,0,30,0,655,0,32,0,20,0,20,0,0,0,0,0,12,0,0,0,0,0,0,0,0,0,0,0,0,0,0,0,0,0,0,5.333333333333333,0,6,3,1.3333333333333333,6
20210806212034,4,1,2,56,1,100,1,2,1,1,1,1,1,1,1,2,2,1,2,6,1,0,0,0,0,0,0,0,0,0,0,0,0,0,0,0,0,0,0,0,0,0,0,0,105,105,0,320,60,0,5,0,0,255,0,0,0,0,115,0,0,0,0,115,115,0,0,0,0,115,0,630,0,90,0,540,0,270,0,175,0,0,0,0,0,0,0,95,0,0,0,0,0,0,0,0,0,0,0,0,0,0,0,0,0,0,5,0.3333333333333333,1.3333333333333333,0,0,4.333333333333333
20210806212057,7,1,2,57,1,100,1,2,1,1,1,1,1,1,1,1,1,2,2,7,1,0,0,0,0,0,0,0,0,0,0,0,0,0,0,0,0,0,0,0,0,0,0,0,60,60,0,0,0,0,0,0,0,0,0,0,0,0,140,0,0,0,0,140,140,0,0,0,0,110,0,460,0,60,0,400,0,0,0,0,0,0,0,0,0,0,0,0,0,0,0,0,0,0,0,0,0,0,0,0,780,0,0,200,580,0,5,0,2.6666666666666665,1.3333333333333333,0,6
20210806212074,3,1,1,25,2,100,6,3,1,1,1,1,1,1,1,4,2,1,1,4,1,115,0,55,0,0,55,60,0,0,0,0,0,0,0,0,0,0,0,0,0,0,0,0,20,20,0,455,0,240,0,215,0,0,0,0,0,0,0,0,0,0,0,0,0,0,0,0,0,0,140,650,0,65,0,585,0,0,0,0,0,0,0,0,0,0,0,0,0,60,0,0,0,0,0,60,0,0,0,0,0,0,0,0,0,0,4.333333333333333,4.666666666666667,4.666666666666667,4.333333333333333,5,5.666666666666667
20210806212112,2,1,1,27,1,100,6,3,1,1,1,1,1,1,1,2,2,2,2,5,1,0,0,0,0,0,0,0,140,120,0,120,0,20,0,0,0,0,0,0,0,0,0,0,0,0,0,60,0,60,0,0,0,0,0,0,0,0,761,0,0,0,90,641,641,0,0,90,30,641,0,450,0,0,0,450,0,29,0,25,0,0,0,0,0,0,0,4,0,0,0,0,0,0,0,0,0,0,0,0,0,0,0,0,0,0,4.333333333333333,0,3.3333333333333335,1,0.3333333333333333,2
20210806212129,2,1,1,43,2,100,6,2,1,1,1,1,1,1,1,3,2,2,3,5,1,350,0,350,0,0,350,0,0,0,0,0,0,0,10,10,10,0,0,0,0,0,0,0,15,15,0,32,0,10,20,0,0,0,2,0,0,0,150,0,0,0,70,30,30,0,0,70,50,30,0,598,0,5,0,593,0,50,0,10,0,0,0,0,0,0,0,40,0,0,0,0,0,0,0,0,0,0,0,0,235,0,0,25,210,0,2.6666666666666665,0,4.666666666666667,3,0,4.333333333333333
20210806212135,5,1,3,46,1,100,1,2,1,1,1,1,1,1,1,2,1,2,2,7,1,60,0,60,0,0,60,0,0,0,0,0,0,0,0,0,0,0,0,0,0,0,0,0,75,75,0,210,0,0,0,180,0,0,30,0,0,0,485,0,0,0,224,30,218,188,188,224,43,30,0,610,0,60,0,550,0,0,0,0,0,0,0,0,0,0,0,0,0,0,0,0,0,0,0,0,0,0,0,0,0,0,0,0,0,0,3.3333333333333335,0,1.6666666666666667,1.3333333333333333,0.3333333333333333,3
20210806212155,4,1,2,35,2,100,1,3,1,1,1,1,1,1,1,2,2,2,2,10,1,60,0,60,0,0,60,0,0,0,0,0,0,0,10,0,0,0,10,0,0,0,0,0,55,55,0,60,0,60,0,0,0,0,0,0,0,0,55,0,0,0,0,55,55,0,0,0,0,0,0,540,0,80,0,460,0,0,0,0,0,0,0,0,0,0,0,0,0,0,0,0,0,0,0,0,0,0,0,0,660,0,0,90,570,0,4.666666666666667,2,4,2,0,6
20210806212185,5,1,1,44,1,131,1,1,1,1,1,1,1,1,1,1,2,2,2,8,1,0,0,0,0,0,0,0,0,0,0,0,0,0,0,0,0,0,0,0,0,0,0,0,60,60,0,300,0,0,0,0,0,300,0,0,0,0,300,0,0,0,0,300,300,0,0,0,0,120,0,610,0,0,0,610,0,170,0,120,0,120,0,0,0,0,0,50,0,0,0,0,0,0,0,0,0,0,0,0,0,0,0,0,0,0,6,0,0,0,0,6
20210806212282,3,1,1,31,2,100,1,2,1,1,1,1,1,1,1,2,2,1,1,7,1,320,0,320,0,0,320,0,0,0,0,0,0,0,0,0,0,0,0,0,0,0,0,0,50,50,0,180,0,90,15,75,0,0,0,0,0,0,270,90,0,0,0,120,240,30,30,0,30,90,0,515,0,20,0,495,0,105,0,15,0,0,0,15,0,0,0,75,15,0,0,0,0,0,0,0,0,0,0,0,0,0,0,0,0,0,4,0,3,1.6666666666666667,0,4.666666666666667
20210806212295,3,1,1,40,1,100,1,2,1,1,1,1,1,1,1,1,2,2,2,8,1,0,0,0,0,0,0,0,0,0,0,0,0,0,25,25,25,0,0,0,0,0,0,0,50,50,0,30,0,20,10,0,0,0,0,0,0,0,140,0,0,0,0,140,140,0,0,0,0,115,0,465,0,55,0,390,20,0,0,0,0,0,0,0,0,0,0,0,0,170,0,0,0,0,0,0,150,20,150,150,560,0,0,20,540,0,4.333333333333333,1,1.3333333333333333,1,0,2
20210806212304,7,1,5,35,2,100,1,2,1,1,1,1,1,1,1,2,2,1,3,6,1,255,0,195,0,0,195,60,0,0,0,0,0,0,0,0,0,0,0,0,0,0,0,0,70,60,10,85,0,0,45,40,0,0,0,0,0,0,65,0,0,0,0,15,55,40,40,0,10,0,0,455,0,65,0,390,0,0,0,0,0,0,0,0,0,0,0,0,0,0,0,0,0,0,0,0,0,0,0,0,510,0,0,45,465,0,5,0,2.3333333333333335,1.3333333333333333,1.3333333333333333,6
20210806212331,5,1,3,35,2,100,1,3,1,1,1,1,1,1,1,2,2,1,2,7,1,0,0,0,0,0,0,0,0,0,0,0,0,0,0,0,0,0,0,0,0,0,0,0,45,45,0,163,0,0,3,150,0,0,0,0,10,0,422,0,0,0,112,195,300,105,105,112,10,180,0,800,0,96,0,704,0,0,0,0,0,0,0,0,0,0,0,0,0,0,0,0,0,0,0,0,0,0,0,0,10,0,0,0,10,0,4,0,4,2,0,0
20210806212344,2,1,1,41,2,110,6,4,1,1,1,1,1,1,1,1,2,2,1,5,1,0,0,0,0,0,0,0,0,0,0,0,0,0,0,0,0,0,0,0,0,0,0,0,0,0,0,130,0,0,0,120,0,0,0,0,10,0,55,0,0,0,50,0,0,0,0,50,5,0,0,920,0,100,0,820,0,50,0,30,0,0,0,0,0,0,0,20,0,285,0,0,0,0,0,240,0,45,0,0,0,0,0,0,0,0,6,0,0,0,0,6
20210807210032,6,1,4,38,1,100,1,3,1,1,1,1,1,1,1,3,2,2,2,0,1,248,123,125,0,0,125,0,0,0,0,0,0,0,0,0,0,0,0,0,0,0,0,0,120,120,0,190,0,190,0,0,0,0,0,0,0,0,155,0,0,0,0,120,155,35,35,0,0,0,0,559,0,60,0,499,0,108,0,60,0,0,0,0,0,0,0,48,0,60,0,0,0,0,0,60,0,0,0,0,0,0,0,0,0,0,5,1,2.3333333333333335,3,1.6666666666666667,5
20210807210048,2,1,1,45,2,100,4,1,1,1,1,1,1,1,1,1,2,2,2,7,1,0,0,0,0,0,0,0,0,0,0,0,0,0,0,0,0,0,0,0,0,0,0,0,20,20,0,0,0,0,0,0,0,0,0,0,0,0,310,0,0,0,90,190,190,0,0,90,30,180,120,600,0,0,0,600,0,360,0,0,0,0,180,0,0,0,180,180,0,0,0,0,0,0,0,0,0,0,0,0,30,0,0,0,30,0,5.666666666666667,0,1.6666666666666667,2,0.6666666666666666,5.666666666666667
20210807210126,4,1,1,20,1,100,6,2,1,1,1,1,1,1,1,1,2,2,2,7,1,0,0,0,0,0,0,0,0,0,0,0,0,0,0,0,0,0,0,0,0,0,0,0,75,75,0,90,0,90,0,0,0,0,0,0,0,0,480,0,0,0,60,420,420,0,0,60,0,180,0,795,0,45,0,750,0,0,0,0,0,0,0,0,0,0,0,0,0,0,0,0,0,0,0,0,0,0,0,0,0,0,0,0,0,0,5,0,0.6666666666666666,1,0,4.333333333333333
20210807210135,5,1,3,23,2,100,1,2,1,1,1,1,1,1,1,1,2,2,2,6,1,140,0,20,0,0,20,120,0,0,0,0,0,0,0,0,0,0,0,0,0,0,0,0,60,60,0,30,0,30,0,0,0,0,0,0,0,0,0,0,0,0,0,0,0,0,0,0,0,0,0,740,0,120,0,620,0,0,0,0,0,0,0,0,0,0,0,0,0,0,0,0,0,0,0,0,0,0,0,0,470,0,0,60,410,0,5.333333333333333,0,1.6666666666666667,0.6666666666666666,0,2.6666666666666665
20210807210165,4,1,1,21,2,100,6,4,1,1,1,1,1,1,1,2,1,2,2,5,1,0,0,0,0,0,0,0,0,0,0,0,0,0,0,0,0,0,0,0,300,0,300,0,180,180,0,0,0,0,0,0,0,0,0,0,0,0,180,0,0,0,0,180,180,0,0,0,0,180,0,780,0,240,0,540,0,0,0,0,0,0,0,0,0,0,0,0,0,0,0,0,0,0,0,0,0,0,0,0,0,0,0,0,0,0,4.333333333333333,0,1,2.6666666666666665,0,3
20210807210169,4,1,1,19,1,100,6,1,1,1,1,1,1,1,1,2,2,2,2,8,1,0,0,0,0,0,0,0,0,0,0,0,0,0,0,0,0,0,0,0,0,0,0,0,150,150,0,150,0,30,0,0,0,0,0,60,60,0,550,0,0,0,0,550,550,0,0,0,0,0,0,590,0,20,0,570,0,0,0,0,0,0,0,0,0,0,0,0,0,0,0,0,0,0,0,0,0,0,0,0,0,0,0,0,0,0,4.333333333333333,0,1.6666666666666667,0.3333333333333333,0,3.3333333333333335
20210807210171,7,1,1,22,1,100,6,5,1,1,1,1,1,1,1,3,2,2,2,5,1,0,0,0,0,0,0,0,0,0,0,0,0,0,0,0,0,0,0,0,0,0,0,0,67,59,8,0,0,0,0,0,0,0,0,0,0,0,106,0,0,0,60,40,40,0,0,60,6,0,20,736,0,40,0,696,0,0,0,0,0,0,0,0,0,0,0,0,0,0,0,0,0,0,0,0,0,0,0,0,511,0,0,24,487,0,2.6666666666666665,0.6666666666666666,4,2.3333333333333335,0,1
20210807210197,5,1,1,18,1,110,6,1,1,1,1,1,1,1,1,2,2,2,2,9,1,0,0,0,0,0,0,0,0,0,0,0,0,0,0,0,0,0,0,0,0,0,0,0,105,105,0,0,0,0,0,0,0,0,0,0,0,0,60,0,0,0,0,60,60,0,0,0,0,0,0,630,0,60,0,570,0,0,0,0,0,0,0,0,0,0,0,0,0,0,0,0,0,0,0,0,0,0,0,0,645,0,0,60,585,0,0,0,1.3333333333333333,0,0,0
20210807210214,3,1,1,24,2,100,6,2,1,1,1,1,1,1,1,3,2,2,2,7,1,0,0,0,0,0,0,0,0,0,0,0,0,0,0,0,0,0,0,0,0,0,0,0,102,102,0,30,0,0,30,0,0,0,0,0,0,0,240,0,0,0,60,120,180,60,60,60,0,0,0,565,0,75,0,490,0,38,0,25,0,0,0,0,0,0,0,13,0,0,0,0,0,0,0,0,0,0,0,0,465,0,0,0,465,0,2,0,4.666666666666667,1,1.6666666666666667,2
20210807210230,4,1,1,18,2,100,6,3,1,1,1,1,1,1,1,2,2,1,2,6,1,0,0,0,0,0,0,0,0,0,0,0,0,0,0,0,0,0,0,0,0,0,0,0,105,45,60,0,0,0,0,0,0,0,0,0,0,0,270,0,0,0,0,270,270,0,0,0,0,90,0,645,0,30,0,615,0,0,0,0,0,0,0,0,0,0,0,0,0,0,0,0,0,0,0,0,0,0,0,0,420,400,0,20,0,0,3.6666666666666665,0.3333333333333333,3.6666666666666665,2,4.333333333333333,3.3333333333333335
20210807210250,5,1,2,24,1,100,6,2,1,1,1,1,1,1,1,1,2,2,2,10,1,30,0,30,0,0,30,0,0,0,0,0,0,0,0,0,0,0,0,0,0,0,0,0,140,140,0,120,0,0,0,120,0,0,0,0,0,0,120,0,0,0,0,120,120,0,0,0,0,120,0,860,0,0,0,860,0,0,0,0,0,0,0,0,0,0,0,0,0,170,0,0,0,0,0,150,0,20,0,0,0,0,0,0,0,0,6,0,0,0,0,6
20210807210258,4,1,1,22,2,100,6,4,1,1,1,1,1,1,1,3,1,2,2,7,1,0,0,0,0,0,0,0,15,15,0,15,0,0,0,0,0,0,0,0,0,0,0,0,35,35,0,10,0,10,0,0,0,0,0,0,0,0,500,0,0,0,0,30,463,433,433,0,37,0,0,345,0,10,0,335,0,85,0,30,0,0,0,0,0,0,0,55,0,0,0,0,0,0,0,0,0,0,0,0,450,0,0,0,450,0,4.666666666666667,0,3.6666666666666665,3,0,4.333333333333333
20210807210288,5,1,2,23,1,100,6,2,1,1,1,1,1,1,1,2,2,2,3,7,1,0,0,0,0,0,0,0,0,0,0,0,0,0,0,0,0,0,0,0,0,0,0,0,80,80,0,98,0,10,0,0,0,0,88,0,0,0,201,0,0,0,45,90,150,60,60,45,6,60,0,604,0,40,15,549,0,75,0,0,0,0,0,0,0,0,45,30,0,0,0,0,0,0,0,0,0,0,0,0,382,0,0,4,378,0,5,0,1,1,0,4.666666666666667
20210807210296,3,1,1,23,2,110,6,4,1,1,1,1,1,1,1,2,2,2,3,5,1,20,0,20,0,0,20,0,0,0,0,0,0,0,0,0,0,0,0,0,300,0,300,0,60,60,0,55,0,55,0,0,0,0,0,0,0,0,90,0,0,0,0,90,90,0,0,0,0,0,0,730,0,95,0,635,0,0,0,0,0,0,0,0,0,0,0,0,0,0,0,0,0,0,0,0,0,0,0,0,185,0,0,0,185,0,3.3333333333333335,0,1,2,0,2.3333333333333335
20210807210502,4,1,2,43,1,100,1,2,1,1,1,1,1,1,1,1,2,1,2,8,1,100,0,90,0,0,90,10,0,0,0,0,0,0,0,0,0,0,0,0,0,0,0,0,85,85,0,65,0,5,0,60,0,0,0,0,0,0,145,0,0,0,0,145,145,0,0,0,0,145,10,424,0,40,0,384,0,0,0,0,0,0,0,0,0,0,0,0,0,0,0,0,0,0,0,0,0,0,0,0,611,0,0,66,545,0,5.666666666666667,0,1,1.6666666666666667,0.6666666666666666,5.666666666666667
20210807210527,5,1,3,41,1,100,1,2,1,1,1,1,1,1,1,2,2,2,3,8,1,92,0,32,0,0,32,60,0,0,0,0,0,0,0,0,0,0,0,0,0,0,0,0,30,30,0,105,0,15,0,0,0,0,0,90,0,0,80,0,0,0,30,50,50,0,0,30,0,50,0,511,0,67,0,444,0,60,0,25,0,0,0,0,0,0,0,35,0,0,0,0,0,0,0,0,0,0,0,0,562,0,0,24,538,0,3.6666666666666665,0,0.3333333333333333,0,0,2.6666666666666665
20210807210531,4,1,2,40,2,100,1,1,1,1,1,1,1,1,1,4,2,1,1,8,1,120,0,120,0,0,120,0,0,0,0,0,0,0,105,0,0,0,105,0,0,0,0,0,50,50,0,175,0,65,40,60,0,0,0,0,10,0,370,0,0,0,0,235,295,60,60,0,75,90,0,570,0,0,0,570,0,50,0,30,0,0,0,0,0,0,0,20,0,0,0,0,0,0,0,0,0,0,0,0,0,0,0,0,0,0,4.333333333333333,0.3333333333333333,3.6666666666666665,1.3333333333333333,1.3333333333333333,4.333333333333333
20210807210535,4,1,1,51,2,110,4,4,1,1,1,1,1,1,1,2,2,1,2,6,1,0,0,0,0,0,0,0,0,0,0,0,0,0,0,0,0,0,0,0,0,0,0,0,30,30,0,0,0,0,0,0,0,0,0,0,0,0,135,0,0,0,0,135,135,0,0,0,0,135,0,570,0,120,0,450,0,0,0,0,0,0,0,0,0,0,0,0,0,0,0,0,0,0,0,0,0,0,0,0,705,0,0,30,675,0,1,1,1.3333333333333333,1.3333333333333333,0.3333333333333333,0.6666666666666666
20210807210546,5,1,2,41,1,100,1,2,1,1,1,1,1,1,1,1,2,2,2,10,1,0,0,0,0,0,0,0,0,0,0,0,0,0,0,0,0,0,0,0,0,0,0,0,20,20,0,80,0,0,0,0,0,40,0,0,0,40,220,0,0,0,40,120,180,60,60,40,0,120,30,525,0,0,0,525,0,510,0,420,0,0,0,0,0,0,0,90,0,20,0,0,0,0,0,20,0,0,0,0,35,0,0,0,35,0,6,0,1.6666666666666667,0.6666666666666666,0,6
20210807210550,4,1,2,41,2,131,1,3,1,1,1,1,1,1,1,2,2,2,2,9,1,94,0,90,0,0,90,4,0,0,0,0,0,0,0,0,0,0,0,0,0,0,0,0,75,75,0,135,0,125,10,0,0,0,0,0,0,0,266,0,0,0,0,266,266,0,0,0,0,266,0,760,0,10,0,750,0,110,0,90,0,90,0,0,0,0,0,20,0,0,0,0,0,0,0,0,0,0,0,0,0,0,0,0,0,0,3.6666666666666665,0,3.3333333333333335,0.6666666666666666,0,3
20210807210564,4,1,2,41,1,110,1,1,1,1,1,1,1,1,1,2,2,2,1,8,1,180,0,150,0,0,150,30,0,0,0,0,0,0,0,0,0,0,0,0,0,0,0,0,0,0,0,0,0,0,0,0,0,0,0,0,0,0,750,0,0,0,0,115,625,510,510,0,125,115,45,395,0,0,0,395,0,70,0,40,0,10,0,0,0,0,0,30,0,0,0,0,0,0,0,0,0,0,0,0,0,0,0,0,0,0,6,0,5.333333333333333,1,2,6
20210807210577,2,1,1,45,2,131,4,1,1,1,1,1,1,1,1,1,2,2,1,10,1,0,0,0,0,0,0,0,0,0,0,0,0,0,0,0,0,0,0,0,0,0,0,0,250,240,10,60,0,60,0,0,0,0,0,0,0,0,400,0,0,0,0,265,385,120,120,0,15,0,0,660,0,180,0,480,0,0,0,0,0,0,0,0,0,0,0,0,0,70,0,0,0,0,0,60,0,10,0,0,0,0,0,0,0,0,5,0,1,1.3333333333333333,0,5
20210807210579,3,1,1,31,2,100,1,1,1,1,1,1,1,1,1,1,2,2,2,8,1,30,0,30,30,0,0,0,0,0,0,0,0,0,60,0,0,0,60,0,0,0,0,0,120,120,0,405,0,125,0,280,0,0,0,0,0,0,195,0,0,0,0,195,195,0,0,0,0,120,90,480,0,30,0,450,0,60,0,30,0,10,0,0,0,0,0,30,0,0,0,0,0,0,0,0,0,0,0,0,0,0,0,0,0,0,6,2,0,0,0.6666666666666666,3.6666666666666665
20210807210604,5,1,2,46,2,100,1,3,1,1,1,1,1,1,1,2,2,2,1,8,1,15,0,15,0,0,15,0,0,0,0,0,0,0,15,15,15,0,0,0,0,0,0,0,60,60,0,155,0,90,0,20,0,45,0,0,0,0,120,0,0,0,15,60,105,45,45,15,0,0,0,425,0,35,0,390,0,55,0,30,0,15,0,0,0,0,0,25,0,0,0,0,0,0,0,0,0,0,0,0,595,0,0,0,595,0,5,0.6666666666666666,3,3.6666666666666665,0,3.3333333333333335
20210807210621,4,1,2,37,2,100,1,2,1,1,1,1,1,1,1,2,2,2,2,8,1,293,0,263,45,0,218,30,0,0,0,0,0,0,0,0,0,0,0,0,0,0,0,0,65,65,0,114,0,104,0,10,0,0,0,0,0,0,55,0,0,0,10,20,45,25,25,10,0,0,135,508,0,5,0,503,0,0,0,0,0,0,0,0,0,0,0,0,0,0,0,0,0,0,0,0,0,0,0,0,270,0,0,0,270,0,4.666666666666667,1.3333333333333333,1.3333333333333333,2.3333333333333335,0.3333333333333333,4.333333333333333
20210807210627,3,1,1,59,1,100,1,2,1,1,1,1,1,1,1,2,2,2,2,8,1,181,0,41,0,0,41,140,0,0,0,0,0,0,5,5,0,5,0,0,0,0,0,0,110,95,15,105,0,30,40,30,0,0,5,0,0,0,75,0,0,0,0,75,75,0,0,0,0,0,0,550,0,15,0,535,0,110,0,80,0,75,0,0,0,0,0,30,0,0,0,0,0,0,0,0,0,0,0,0,304,0,0,45,259,0,4.333333333333333,0,0,0.3333333333333333,0,4
20210807210629,5,1,2,45,1,100,1,2,1,1,1,1,1,1,1,1,2,2,1,6,1,0,0,0,0,0,0,0,0,0,0,0,0,0,0,0,0,0,0,0,0,0,0,0,150,120,30,480,0,0,60,180,0,150,0,0,90,0,180,0,0,0,0,180,180,0,0,0,0,120,0,630,0,60,0,570,0,0,0,0,0,0,0,0,0,0,0,0,0,0,0,0,0,0,0,0,0,0,0,0,0,0,0,0,0,0,4.666666666666667,0.3333333333333333,1.6666666666666667,2.3333333333333335,0,3.3333333333333335
20210807210630,5,1,3,58,1,100,1,3,1,1,1,1,1,1,1,2,2,2,1,8,1,555,0,420,0,0,420,135,0,0,0,0,0,0,0,0,0,0,0,0,0,0,0,0,155,125,0,60,0,30,0,30,0,0,0,0,0,0,240,0,0,0,0,210,240,30,30,0,0,0,0,430,0,25,0,405,0,0,0,0,0,0,0,0,0,0,0,0,0,0,0,0,0,0,0,0,0,0,0,0,0,0,0,0,0,0,6,0,0,0,0,6
20210807210650,2,1,1,44,2,100,4,2,1,1,1,1,1,1,1,2,2,1,2,8,1,60,0,60,0,0,60,0,0,0,0,0,0,0,0,0,0,0,0,0,0,0,0,0,50,50,0,195,0,30,15,30,0,120,0,0,0,0,223,0,0,0,60,150,163,13,13,60,0,120,0,482,0,32,0,450,0,0,0,0,0,0,0,0,0,0,0,0,0,0,0,0,0,0,0,0,0,0,0,0,430,0,0,25,405,0,4.333333333333333,1,3.3333333333333335,2,2.3333333333333335,6
20210807210667,4,1,2,38,2,100,1,1,1,1,1,1,1,1,1,2,2,2,2,9,1,31,0,1,0,0,1,30,0,0,0,0,0,0,0,0,0,0,0,0,0,0,0,0,120,120,0,30,0,30,0,0,0,0,0,0,0,0,0,0,0,0,0,0,0,0,0,0,0,0,120,450,0,0,0,450,0,0,0,0,0,0,0,0,0,0,0,0,0,0,0,0,0,0,0,0,0,0,0,0,689,0,0,0,689,0,5,1,3,3.3333333333333335,0,5
20210807210668,6,1,2,74,2,100,3,2,1,1,1,1,1,1,1,1,1,1,2,10,1,0,0,0,0,0,0,0,0,0,0,0,0,0,0,0,0,0,0,0,0,0,0,0,60,60,0,330,0,0,0,330,0,0,0,0,0,0,360,0,0,0,0,360,360,0,0,0,0,300,60,630,0,30,0,600,0,0,0,0,0,0,0,0,0,0,0,0,0,0,0,0,0,0,0,0,0,0,0,0,0,0,0,0,0,0,6,0,3,0,0,4.5
20210807210697,4,1,1,42,1,100,1,3,1,1,1,1,1,1,1,4,2,2,2,5,1,185,0,185,0,0,185,0,0,0,0,0,0,0,0,0,0,0,0,0,0,0,0,0,30,30,0,90,0,0,0,0,0,90,0,0,0,0,150,0,0,0,0,150,150,0,0,0,0,150,0,475,0,10,0,465,0,0,0,0,0,0,0,0,0,0,0,0,0,0,0,0,0,0,0,0,0,0,0,0,510,0,0,37,473,0,4.5,2.5,3,4,3.5,4
20210807210706,4,1,2,38,2,100,1,1,1,1,1,1,1,1,1,3,2,2,2,8,1,405,0,405,0,0,405,0,0,0,0,0,0,0,0,0,0,0,0,0,0,0,0,0,40,40,0,60,0,30,0,30,0,0,0,0,0,0,500,0,0,0,0,500,500,0,0,0,0,500,0,435,0,120,0,315,0,0,0,0,0,0,0,0,0,0,0,0,0,0,0,0,0,0,0,0,0,0,0,0,0,0,0,0,0,0,6,0,4.333333333333333,2,0,5.666666666666667
20210807210710,4,1,2,33,2,100,1,1,1,1,1,1,1,1,1,2,2,1,3,7,1,190,0,150,0,0,150,40,0,0,0,0,0,0,0,0,0,0,0,0,0,0,0,0,35,35,0,90,0,70,0,0,0,0,20,0,0,0,45,0,0,0,0,25,45,20,20,0,0,25,0,525,0,60,0,465,0,0,0,0,0,0,0,0,0,0,0,0,0,0,0,0,0,0,0,0,0,0,0,0,555,0,0,20,535,0,3,1,4.666666666666667,2.3333333333333335,0,3.3333333333333335
20210807210723,2,1,1,51,1,100,4,2,1,1,1,1,1,1,1,1,2,2,2,10,1,0,0,0,0,0,0,0,0,0,0,0,0,0,0,0,0,0,0,0,0,0,0,0,15,15,0,538,0,60,0,478,0,0,0,0,0,0,45,0,0,0,0,45,45,0,0,0,0,45,0,600,0,0,0,600,0,0,0,0,0,0,0,0,0,0,0,0,0,0,0,0,0,0,0,0,0,0,0,0,242,0,0,4,238,0,6,0,4.5,0,0,4.5
20210807210735,4,1,3,31,2,201,4,4,1,1,1,1,1,1,1,1,2,2,3,6,1,0,0,0,0,0,0,0,0,0,0,0,0,0,0,0,0,0,0,0,0,0,0,0,0,0,0,120,0,0,0,120,0,0,0,0,0,0,600,0,0,0,0,600,600,0,0,0,0,600,0,720,0,60,0,660,0,0,0,0,0,0,0,0,0,0,0,0,0,0,0,0,0,0,0,0,0,0,0,0,0,0,0,0,0,0,0,6,2,3.5,0,1.5
20210807210741,2,1,1,34,2,100,4,3,1,1,1,1,1,1,1,4,2,2,3,8,1,415,0,415,0,0,415,0,119,91,0,91,0,28,0,0,0,0,0,0,0,0,0,0,71,70,1,180,0,70,0,110,0,0,0,0,0,0,115,0,0,0,0,115,115,0,0,0,0,0,0,510,0,0,0,510,0,30,0,15,0,0,0,0,0,0,0,15,0,0,0,0,0,0,0,0,0,0,0,0,0,0,0,0,0,0,6,3.3333333333333335,4,3.6666666666666665,0,4.666666666666667
20210807210752,4,1,1,50,1,100,1,2,1,1,1,1,1,1,1,1,2,2,1,10,1,103,0,8,0,0,8,95,0,0,0,0,0,0,0,0,0,0,0,0,0,0,0,0,30,30,0,70,0,30,0,40,0,0,0,0,0,0,165,0,0,0,0,165,165,0,0,0,0,165,79,748,0,43,0,705,0,75,0,15,0,0,0,0,0,0,0,60,0,0,0,0,0,0,0,0,0,0,0,0,170,0,0,20,150,0,5.666666666666667,0,1.3333333333333333,0,0,6
20210807210806,2,1,1,33,2,110,6,3,1,1,1,1,1,1,1,2,2,2,2,8,1,0,0,0,0,0,0,0,0,0,0,0,0,0,45,0,0,0,45,0,0,0,0,0,70,70,0,20,0,20,0,0,0,0,0,0,0,0,530,0,0,0,0,530,530,0,0,0,0,405,80,685,0,45,0,640,0,10,0,10,0,0,0,0,0,0,0,0,0,0,0,0,0,0,0,0,0,0,0,0,0,0,0,0,0,0,2.6666666666666665,0,1.6666666666666667,0,0,3
20210807210834,4,1,1,55,2,100,1,1,1,1,1,1,1,1,1,1,2,2,2,9,1,20,0,20,0,0,20,0,0,0,0,0,0,0,5,0,0,0,5,0,0,0,0,0,85,85,0,55,0,25,0,0,0,0,30,0,0,0,200,0,0,0,0,200,200,0,0,0,0,200,0,455,0,60,0,395,0,15,0,5,0,0,0,0,0,0,0,10,0,0,0,0,0,0,0,0,0,0,0,0,605,0,0,80,525,0,6,0,2.3333333333333335,1,0,5.666666666666667
20210807210836,4,1,2,46,1,131,1,3,1,1,1,1,1,1,1,2,1,2,1,6,1,410,0,410,0,0,410,0,0,0,0,0,0,0,0,0,0,0,0,0,0,0,0,0,100,100,0,0,0,0,0,0,0,0,0,0,0,0,210,0,0,0,0,30,210,180,180,0,0,30,0,720,0,60,0,540,120,0,0,0,0,0,0,0,0,0,0,0,0,0,0,0,0,0,0,0,0,0,0,0,0,0,0,0,0,0,3.6666666666666665,0,3.3333333333333335,1.6666666666666667,0,5
20210807210849,6,1,3,43,2,100,1,2,1,1,1,1,1,1,1,2,2,1,2,7,1,31,0,1,0,0,1,30,37,0,0,0,3,34,0,0,0,0,0,0,0,0,0,0,40,40,0,200,0,50,0,150,0,0,0,0,0,0,115,0,0,0,0,110,115,5,5,0,0,110,60,480,0,30,0,450,0,73,0,25,0,10,0,0,0,0,0,48,0,0,0,0,0,0,0,0,0,0,0,0,404,0,0,70,334,0,4,0,5,2.6666666666666665,1,4.666666666666667
20210807210851,3,1,1,59,2,100,3,3,2,1,2,1,1,1,1,4,1,1,2,7,1,0,0,0,0,0,0,0,0,0,0,0,0,0,0,0,0,0,0,0,0,0,0,0,45,45,0,45,0,45,0,0,0,0,0,0,0,0,315,0,0,0,0,315,315,0,0,0,0,315,0,1035,0,60,375,600,0,0,0,0,0,0,0,0,0,0,0,0,0,0,0,0,0,0,0,0,0,0,0,0,0,0,0,0,0,0,2,3,6,6,6,4
20210807210864,5,1,2,39,1,131,1,3,1,1,1,1,1,1,1,2,2,1,2,7,1,0,0,0,0,0,0,0,18,3,0,3,0,15,0,0,0,0,0,0,0,0,0,0,96,96,0,180,0,30,20,0,0,0,0,130,0,0,228,0,0,0,0,228,228,0,0,0,0,160,0,500,0,50,0,450,0,54,0,35,0,0,0,0,0,0,0,19,0,0,0,0,0,0,0,0,0,0,0,0,364,0,0,42,322,0,4.333333333333333,0,1.3333333333333333,0,2,5.333333333333333
20210807210867,4,1,2,45,1,100,1,3,1,1,1,1,1,1,1,1,2,2,2,8,1,0,0,0,0,0,0,0,0,0,0,0,0,0,0,0,0,0,0,0,0,0,0,0,30,30,0,90,0,0,0,0,0,90,0,0,0,0,300,0,0,0,0,300,300,0,0,0,0,300,0,660,0,20,0,640,0,0,0,0,0,0,0,0,0,0,0,0,0,0,0,0,0,0,0,0,0,0,0,0,360,0,0,0,360,0,0,0.3333333333333333,1.3333333333333333,0.6666666666666666,0,1
20210807210905,2,1,1,41,2,110,6,5,2,1,1,1,2,1,2,3,1,1,3,5,1,0,0,0,0,0,0,0,0,0,0,0,0,0,0,0,0,0,0,0,0,0,0,0,70,70,0,20,0,0,0,0,0,0,20,0,0,0,298,0,0,0,0,298,298,0,0,0,0,298,0,1047,0,30,685,332,0,5,0,1,0,0,0,0,0,0,0,4,0,0,0,0,0,0,0,0,0,0,0,0,0,0,0,0,0,0,1,2,4.666666666666667,2,2,2
20210807210907,4,1,1,51,1,100,1,5,2,1,1,2,1,1,1,4,2,2,2,5,1,74,6,0,0,0,0,68,0,0,0,0,0,0,0,0,0,0,0,0,0,0,0,0,283,283,0,4,0,4,0,0,0,0,0,0,0,0,440,0,0,0,0,440,440,0,0,0,0,430,0,185,0,5,0,180,0,180,0,5,0,0,0,0,0,0,0,175,0,0,0,0,0,0,0,0,0,0,0,0,274,0,0,0,274,0,0,0.6666666666666666,0.6666666666666666,4.666666666666667,5,3
20210807210915,3,1,1,35,1,100,1,2,1,1,1,1,1,1,1,2,2,2,2,8,1,65,0,65,0,0,65,0,0,0,0,0,0,0,0,0,0,0,0,0,0,0,0,0,75,75,0,60,0,60,0,0,0,0,0,0,0,0,390,0,0,0,180,206,206,0,0,180,4,206,0,660,0,0,0,660,0,190,0,180,0,180,0,0,0,0,0,10,0,0,0,0,0,0,0,0,0,0,0,0,0,0,0,0,0,0,4.666666666666667,0,3.6666666666666665,2,0,6
20210807210917,4,1,2,48,1,100,1,2,1,1,1,1,1,1,1,1,2,2,2,9,1,75,0,60,0,0,60,15,0,0,0,0,0,0,0,0,0,0,0,0,0,0,0,0,30,30,0,0,0,0,0,0,0,0,0,0,0,0,150,0,0,0,0,150,150,0,0,0,0,120,0,640,0,15,0,625,0,0,0,0,0,0,0,0,0,0,0,0,0,0,0,0,0,0,0,0,0,0,0,0,545,0,0,46,499,0,3,0,0,0,0.6666666666666666,2
20210807210923,3,1,1,47,1,131,1,2,1,1,1,1,1,1,1,1,1,2,2,9,1,30,0,30,0,0,30,0,0,0,0,0,0,0,30,0,0,0,30,0,0,0,0,0,130,130,0,260,0,105,45,60,0,50,0,0,0,0,310,0,0,0,30,280,280,0,0,30,0,0,0,680,0,40,0,640,0,0,0,0,0,0,0,0,0,0,0,0,0,0,0,0,0,0,0,0,0,0,0,0,0,0,0,0,0,0,5.666666666666667,0,1.6666666666666667,0.3333333333333333,0,6
20210807210925,4,1,2,43,2,100,1,2,1,1,1,1,1,1,1,1,2,2,1,8,1,15,0,15,0,0,15,0,0,0,0,0,0,0,0,0,0,0,0,0,0,0,0,0,45,45,0,20,0,15,5,0,0,0,0,0,0,0,185,0,0,0,40,10,100,90,90,40,45,0,30,565,0,45,10,510,0,0,0,0,0,0,0,0,0,0,0,0,0,0,0,0,0,0,0,0,0,0,0,0,580,0,0,85,495,0,3.3333333333333335,1,3,2.6666666666666665,0,4.666666666666667
20210807210955,5,1,3,51,2,100,1,2,1,1,1,1,1,1,1,3,2,2,2,8,1,36,0,16,0,0,16,20,17,0,0,0,2,15,67,67,67,0,0,0,0,0,0,0,45,40,5,70,0,5,10,35,0,0,20,0,0,0,350,0,0,0,35,238,313,75,75,35,2,0,60,485,0,65,0,420,0,35,0,30,0,0,0,0,0,0,0,5,0,0,0,0,0,0,0,0,0,0,0,0,275,0,0,0,275,0,2.6666666666666665,0.6666666666666666,1.3333333333333333,0.6666666666666666,0,3.6666666666666665
20210807210979,4,1,2,46,2,100,1,3,1,1,1,1,1,1,1,4,2,2,2,8,1,175,0,175,0,0,175,0,0,0,0,0,0,0,0,0,0,0,0,0,0,0,0,0,30,30,0,200,0,130,0,70,0,0,0,0,0,0,75,0,0,0,0,0,75,75,75,0,0,0,0,438,0,22,0,416,0,62,0,30,0,30,0,0,0,0,0,32,0,0,0,0,0,0,0,0,0,0,0,0,460,0,0,40,420,0,2.6666666666666665,2.3333333333333335,4.333333333333333,3.6666666666666665,0,2.3333333333333335
20210807210983,3,1,1,54,2,110,4,4,1,1,1,1,1,1,1,3,1,1,3,5,1,25,0,25,0,0,25,0,0,0,0,0,0,0,0,0,0,0,0,0,0,0,0,0,20,20,0,90,0,0,0,90,0,0,0,0,0,0,525,0,0,0,0,60,435,375,375,0,90,60,45,735,0,30,0,705,0,0,0,0,0,0,0,0,0,0,0,0,0,0,0,0,0,0,0,0,0,0,0,0,0,0,0,0,0,0,3.6666666666666665,2,6,3,6,5
20210807211039,3,1,1,40,1,110,6,3,1,1,1,1,1,1,1,3,1,2,2,5,1,7,0,2,0,0,2,5,0,0,0,0,0,0,0,0,0,0,0,0,0,0,0,0,30,30,0,0,0,0,0,0,0,0,0,0,0,0,160,0,0,0,0,160,160,0,0,0,0,0,0,630,0,90,0,540,0,0,0,0,0,0,0,0,0,0,0,0,0,0,0,0,0,0,0,0,0,0,0,0,613,0,0,35,578,0,3,0,3.3333333333333335,0,1,5.333333333333333
20210807211073,4,1,2,51,2,100,1,3,2,1,1,1,1,1,2,3,2,2,2,5,1,60,0,60,0,0,60,0,13,0,0,0,1,12,5,0,0,0,5,0,0,0,0,0,50,50,0,265,0,60,60,130,0,0,15,0,0,0,95,0,0,0,0,55,85,30,30,0,10,0,5,723,0,25,0,698,0,0,0,0,0,0,0,0,0,0,0,0,0,224,0,0,0,5,10,0,40,5,219,219,0,0,0,0,0,0,2,2,3.6666666666666665,1.6666666666666667,2.6666666666666665,2
20210807211081,4,1,1,32,1,100,1,4,1,1,1,1,1,1,1,4,1,2,3,4,1,0,0,0,0,0,0,0,0,0,0,0,0,0,0,0,0,0,0,0,0,0,0,0,0,0,0,0,0,0,0,0,0,0,0,0,0,0,180,0,0,0,0,180,180,0,0,0,0,0,0,780,0,0,0,780,0,0,0,0,0,0,0,0,0,0,0,0,0,0,0,0,0,0,0,0,0,0,0,0,480,0,0,0,480,0,3.3333333333333335,2.6666666666666665,5.333333333333333,3.3333333333333335,0.6666666666666666,3
20210807211111,2,1,1,52,1,100,4,2,2,1,2,1,1,1,2,3,2,1,2,4,1,0,0,0,0,0,0,0,0,0,0,0,0,0,150,0,0,0,150,0,0,0,0,0,90,90,0,150,0,60,0,90,0,0,0,0,0,0,210,0,0,0,60,150,150,0,0,60,0,150,0,150,0,0,0,150,0,0,0,0,0,0,0,0,0,0,0,0,0,0,0,0,0,0,0,0,0,0,0,0,690,0,495,0,0,0,3,4.333333333333333,3.6666666666666665,6,3.3333333333333335,5.666666666666667
20210807211121,4,1,2,25,2,100,1,3,1,1,1,1,1,1,1,3,2,2,2,6,1,120,0,120,0,0,120,0,0,0,0,0,0,0,0,0,0,0,0,0,0,0,0,0,0,0,0,0,0,0,0,0,0,0,0,0,0,0,0,0,0,0,0,0,0,0,0,0,0,0,0,705,0,120,0,585,0,0,0,0,0,0,0,0,0,0,0,0,0,615,0,0,0,0,0,585,0,30,0,0,0,0,0,0,0,0,6,0,0.6666666666666666,0,0,4
20210807211126,5,1,3,33,1,100,1,1,1,1,1,1,1,1,1,2,2,2,2,7,1,130,0,130,0,0,130,0,0,0,0,0,0,0,0,0,0,0,0,0,0,0,0,0,70,70,0,20,0,20,0,0,0,0,0,0,0,0,350,0,0,0,0,210,350,140,140,0,0,120,0,485,0,35,0,450,0,0,0,0,0,0,0,0,0,0,0,0,0,80,0,0,0,0,0,65,0,15,0,0,305,0,0,90,215,0,3.6666666666666665,0,1.6666666666666667,0,0,4.666666666666667
20210807211127,3,1,2,40,1,100,5,3,1,1,1,1,1,1,1,2,2,2,1,6,1,0,0,0,0,0,0,0,0,0,0,0,0,0,0,0,0,0,0,0,0,0,0,0,60,60,0,325,0,0,0,261,0,60,0,0,4,0,538,0,488,0,0,0,526,526,38,0,12,0,0,325,0,32,0,291,2,67,0,20,0,0,0,0,0,0,0,47,0,125,0,0,0,0,0,120,0,5,0,0,0,0,0,0,0,0,6,0,0.6666666666666666,0.6666666666666666,0,6
20210807211129,5,1,3,31,2,110,1,2,1,1,1,1,1,1,1,2,2,2,1,8,1,315,0,315,0,0,315,0,0,0,0,0,0,0,0,0,0,0,0,0,0,0,0,0,60,60,0,290,0,155,0,135,0,0,0,0,0,0,120,0,0,0,0,120,120,0,0,0,0,120,0,600,0,25,0,575,0,55,0,45,0,45,0,0,0,0,0,10,0,0,0,0,0,0,0,0,0,0,0,0,0,0,0,0,0,0,3.3333333333333335,0,3.3333333333333335,0.6666666666666666,0,3.3333333333333335
20210807211131,4,1,2,43,1,100,1,2,1,1,1,1,1,1,1,2,2,2,1,8,1,45,0,45,0,0,45,0,0,0,0,0,0,0,0,0,0,0,0,0,0,0,0,0,240,120,120,165,0,75,90,0,0,0,0,0,0,0,355,0,0,0,195,160,160,0,0,195,0,160,0,635,0,35,0,600,0,0,0,0,0,0,0,0,0,0,0,0,0,0,0,0,0,0,0,0,0,0,0,0,0,0,0,0,0,0,5.666666666666667,0.3333333333333333,2,0,0.3333333333333333,5.666666666666667
20210807211138,5,1,2,49,1,110,6,4,1,1,1,1,1,1,1,3,1,1,3,6,1,60,0,60,0,0,60,0,0,0,0,0,0,0,0,0,0,0,0,0,0,0,0,0,95,65,30,20,0,0,20,0,0,0,0,0,0,0,160,0,0,0,0,160,160,0,0,0,0,160,0,460,0,90,0,370,0,0,0,0,0,0,0,0,0,0,0,0,0,0,0,0,0,0,0,0,0,0,0,0,645,0,0,30,615,0,4.333333333333333,3,4.333333333333333,3,4.333333333333333,5
20210807211151,3,1,1,33,2,110,1,3,1,1,1,1,1,1,1,2,2,2,2,5,1,0,0,0,0,0,0,0,0,0,0,0,0,0,0,0,0,0,0,0,0,0,0,0,90,90,0,185,0,65,0,120,0,0,0,0,0,0,595,0,0,0,0,595,595,0,0,0,0,210,0,570,0,30,0,540,0,0,0,0,0,0,0,0,0,0,0,0,0,0,0,0,0,0,0,0,0,0,0,0,0,0,0,0,0,0,4,2,4,4.333333333333333,0,3
20210807211155,4,1,2,50,1,100,1,4,1,1,1,1,1,1,1,1,1,2,1,7,1,15,0,5,0,0,5,10,0,0,0,0,0,0,0,0,0,0,0,0,0,0,0,0,100,100,0,65,0,60,0,5,0,0,0,0,0,0,150,0,0,0,0,135,150,15,15,0,0,85,105,540,0,45,0,495,0,285,0,0,0,0,265,0,0,0,265,20,0,0,0,0,0,0,0,0,0,0,0,0,180,0,180,0,0,0,4.666666666666667,2,1.3333333333333333,2.3333333333333335,1.6666666666666667,5.666666666666667
20210807211156,3,1,1,54,1,100,1,2,1,1,1,1,1,1,1,1,2,2,2,7,1,0,0,0,0,0,0,0,0,0,0,0,0,0,0,0,0,0,0,0,0,0,0,0,120,105,15,30,0,0,0,0,0,0,30,0,0,0,240,120,0,0,0,120,240,0,0,0,0,0,0,545,0,50,0,495,0,40,0,15,0,0,0,0,0,0,0,25,0,0,0,0,0,0,0,0,0,0,0,0,465,0,0,60,405,0,6,0,0.6666666666666666,2,0,2.6666666666666665
20210807211157,4,1,2,39,1,100,1,2,1,1,1,1,1,1,1,4,1,2,2,4,1,300,0,300,0,0,300,0,0,0,0,0,0,0,0,0,0,0,0,0,0,0,0,0,90,90,0,75,0,15,0,0,0,60,0,0,0,0,165,0,0,0,0,165,165,0,0,0,0,165,0,315,0,0,0,315,0,0,0,0,0,0,0,0,0,0,0,0,0,0,0,0,0,0,0,0,0,0,0,0,495,0,0,0,495,0,2,1.3333333333333333,3.3333333333333335,3,0,3
20210807211171,3,1,1,39,1,100,1,1,1,1,1,1,1,1,1,3,2,2,1,8,1,0,0,0,0,0,0,0,0,0,0,0,0,0,0,0,0,0,0,0,0,0,0,0,270,245,25,20,0,10,0,0,0,0,10,0,0,0,380,0,0,0,125,0,245,245,245,125,10,0,0,440,0,200,0,240,0,0,0,0,0,0,0,0,0,0,0,0,0,0,0,0,0,0,0,0,0,0,0,0,330,0,0,0,330,0,5,0.3333333333333333,4.333333333333333,2,0.3333333333333333,3.3333333333333335
20210807211191,4,1,1,28,1,100,6,4,1,1,1,1,1,1,1,4,1,1,2,3,1,0,0,0,0,0,0,0,0,0,0,0,0,0,0,0,0,0,0,0,0,0,0,0,30,30,0,40,0,40,0,0,0,0,0,0,0,0,290,0,0,0,0,290,290,0,0,0,0,70,0,600,0,60,0,540,0,25,0,20,0,0,0,0,0,0,0,5,0,0,0,0,0,0,0,0,0,0,0,0,455,0,0,55,400,0,1.3333333333333333,0,4.666666666666667,0.3333333333333333,2.3333333333333335,2.6666666666666665
20210807211213,4,1,2,33,2,100,1,2,1,1,1,1,1,1,1,3,2,2,2,10,1,575,0,520,0,0,520,55,0,0,0,0,0,0,0,0,0,0,0,0,0,0,0,0,120,120,0,75,0,45,0,30,0,0,0,0,0,0,30,0,0,0,0,30,30,0,0,0,0,30,0,557,0,0,0,557,0,23,0,8,0,0,0,0,0,0,0,15,0,0,0,0,0,0,0,0,0,0,0,0,60,0,0,0,60,0,5,0,3.6666666666666665,2.3333333333333335,0,4.666666666666667
20210807211214,4,1,3,39,2,110,6,3,1,1,1,1,1,1,1,2,1,1,3,7,1,0,0,0,0,0,0,0,0,0,0,0,0,0,0,0,0,0,0,0,0,0,0,0,69,69,0,135,0,120,0,15,0,0,0,0,0,0,263,0,0,0,35,208,208,0,0,35,20,123,75,775,0,70,0,705,0,123,0,35,0,20,0,0,0,0,0,88,0,0,0,0,0,0,0,0,0,0,0,0,0,0,0,0,0,0,4.666666666666667,1.6666666666666667,1.6666666666666667,2.6666666666666665,5.666666666666667,4.333333333333333
20210807211218,3,1,1,62,1,100,1,1,1,1,1,1,1,1,1,1,1,1,3,10,1,60,0,60,0,0,60,0,0,0,0,0,0,0,0,0,0,0,0,0,0,0,0,0,150,150,0,0,0,0,0,0,0,0,0,0,0,0,360,0,0,0,0,330,360,30,30,0,0,330,30,840,0,0,0,840,0,0,0,0,0,0,0,0,0,0,0,0,0,0,0,0,0,0,0,0,0,0,0,0,0,0,0,0,0,0,5.666666666666667,1.6666666666666667,5,4,5.333333333333333,6
20210807211221,4,1,3,43,2,100,4,3,1,1,1,1,1,1,1,2,2,2,1,5,1,0,0,0,0,0,0,0,0,0,0,0,0,0,0,0,0,0,0,0,0,0,0,0,165,60,105,0,0,0,0,0,0,0,0,0,0,0,469,0,364,0,0,0,364,364,0,0,105,0,60,620,0,85,0,535,0,0,0,0,0,0,0,0,0,0,0,0,0,126,0,0,0,0,0,0,0,6,120,120,0,0,0,0,0,0,4.666666666666667,1,4,2.6666666666666665,1,3
20210807211225,6,1,4,31,2,100,1,1,1,1,1,1,1,1,1,3,2,1,1,10,1,210,0,150,0,0,150,60,0,0,0,0,0,0,0,0,0,0,0,0,0,0,0,0,110,110,0,230,0,110,0,120,0,0,0,0,0,0,340,0,0,0,0,310,340,30,30,0,0,310,0,550,0,15,0,535,0,0,0,0,0,0,0,0,0,0,0,0,0,0,0,0,0,0,0,0,0,0,0,0,0,0,0,0,0,0,6,0,0,0,0,6
20210807211241,3,1,1,41,1,100,1,3,1,1,1,1,1,1,1,3,1,1,1,4,1,180,0,180,0,0,180,0,0,0,0,0,0,0,0,0,0,0,0,0,0,0,0,0,180,180,0,60,0,0,0,60,0,0,0,0,0,0,180,0,0,0,45,135,135,0,0,45,0,120,0,540,0,30,0,510,0,0,0,0,0,0,0,0,0,0,0,0,0,0,0,0,0,0,0,0,0,0,0,0,300,0,0,0,300,0,4.666666666666667,0.6666666666666666,3,0.6666666666666666,2.3333333333333335,4
20210807211266,3,1,1,36,1,100,1,2,1,1,1,1,1,1,1,2,2,2,2,6,1,60,0,60,0,0,60,0,0,0,0,0,0,0,0,0,0,0,0,0,0,0,0,0,30,30,0,0,0,0,0,0,0,0,0,0,0,0,240,0,0,0,0,0,240,240,240,0,0,0,0,480,0,45,0,435,0,110,0,80,0,80,0,0,0,0,0,30,0,0,0,0,0,0,0,0,0,0,0,0,520,0,0,18,502,0,5,0,1.6666666666666667,0.6666666666666666,0,4.333333333333333
20210807211273,3,1,2,56,1,100,4,3,1,1,1,1,1,1,1,1,1,1,2,6,1,0,0,0,0,0,0,0,0,0,0,0,0,0,20,20,0,20,0,0,0,0,0,0,65,65,0,695,0,230,0,260,0,135,70,0,0,0,165,0,0,0,0,165,165,0,0,0,0,90,0,495,0,15,0,480,0,0,0,0,0,0,0,0,0,0,0,0,0,0,0,0,0,0,0,0,0,0,0,0,0,0,0,0,0,0,3.6666666666666665,0,0,0,6,6
20210807211284,2,1,1,40,2,100,6,2,1,1,1,1,1,1,1,2,2,2,2,6,1,39,0,39,0,0,39,0,0,0,0,0,0,0,0,0,0,0,0,0,0,0,0,0,40,40,0,57,0,55,2,0,0,0,0,0,0,0,641,0,0,0,0,641,641,0,0,0,0,641,0,633,0,35,0,598,0,30,0,20,0,20,0,0,0,0,0,10,0,0,0,0,0,0,0,0,0,0,0,0,0,0,0,0,0,0,2.6666666666666665,0,2.6666666666666665,1,0,3
20210807211291,4,1,2,39,2,100,1,2,1,1,1,1,1,1,1,3,2,1,1,7,1,0,0,0,0,0,0,0,0,0,0,0,0,0,0,0,0,0,0,0,0,0,0,0,135,135,0,232,0,60,145,20,0,0,0,0,7,0,474,0,0,0,129,345,345,0,0,129,0,180,60,420,0,120,0,300,0,104,0,40,0,0,0,0,0,30,30,34,0,0,0,0,0,0,0,0,0,0,0,0,15,0,0,0,15,0,5.333333333333333,0.6666666666666666,2.6666666666666665,3.3333333333333335,0,4.333333333333333
20210807211302,4,1,2,46,1,100,1,3,1,1,1,1,1,1,1,1,2,2,2,5,1,0,0,0,0,0,0,0,0,0,0,0,0,0,0,0,0,0,0,0,0,0,0,0,120,120,0,495,0,0,15,0,0,0,0,0,0,480,105,0,0,0,0,90,90,0,0,0,15,90,0,720,0,0,0,720,0,0,0,0,0,0,0,0,0,0,0,0,0,0,0,0,0,0,0,0,0,0,0,0,0,0,0,0,0,0,3,0,2,0.3333333333333333,0,4.666666666666667
20210807211304,6,1,2,46,2,100,1,2,2,1,1,1,1,1,2,3,2,1,2,7,1,45,0,45,0,0,45,0,17,0,0,0,2,15,0,0,0,0,0,0,0,0,0,0,40,40,0,475,0,105,60,70,0,120,120,0,0,0,316,0,243,0,0,30,283,253,10,0,33,0,0,487,0,60,0,427,0,60,0,45,0,45,0,0,0,0,0,15,0,0,0,0,0,0,0,0,0,0,0,0,0,0,0,0,0,0,3.3333333333333335,0,0.6666666666666666,0.3333333333333333,0,3
20210807211313,4,1,2,42,1,100,1,2,1,1,1,1,1,1,1,1,2,2,2,10,1,78,0,70,0,0,70,8,25,20,0,20,0,5,0,0,0,0,0,0,0,0,0,0,35,5,30,395,0,0,15,10,0,10,0,0,360,0,240,0,0,0,0,240,240,0,0,0,0,180,0,625,0,50,0,575,0,42,0,7,0,0,0,0,0,0,0,35,0,0,0,0,0,0,0,0,0,0,0,0,0,0,0,0,0,0,6,0,3,0,0,6
20210807211337,4,1,1,46,2,131,1,3,1,1,1,1,1,1,1,1,1,2,2,9,1,0,0,0,0,0,0,0,0,0,0,0,0,0,0,0,0,0,0,0,0,0,0,0,40,40,0,380,0,180,0,120,0,60,20,0,0,0,420,0,0,0,40,380,380,0,0,40,0,260,0,600,0,60,60,480,0,0,0,0,0,0,0,0,0,0,0,0,0,0,0,0,0,0,0,0,0,0,0,0,0,0,0,0,0,0,4.333333333333333,1.3333333333333333,3.6666666666666665,3.3333333333333335,3.3333333333333335,4.333333333333333
20210807211338,4,1,2,39,1,100,1,3,1,1,1,1,1,1,1,2,1,1,1,5,1,70,0,70,40,0,30,0,0,0,0,0,0,0,0,0,0,0,0,0,0,0,0,0,90,90,0,80,0,30,0,0,0,0,50,0,0,0,240,0,0,0,0,240,240,0,0,0,0,90,0,480,0,0,0,480,0,0,0,0,0,0,0,0,0,0,0,0,0,0,0,0,0,0,0,0,0,0,0,0,480,0,0,0,480,0,3.6666666666666665,0.3333333333333333,3,0.6666666666666666,2,2.6666666666666665
20210807211344,2,1,1,44,1,100,4,1,1,1,1,1,1,1,1,4,2,2,2,5,1,0,0,0,0,0,0,0,0,0,0,0,0,0,0,0,0,0,0,0,0,0,0,0,0,0,0,0,0,0,0,0,0,0,0,0,0,0,180,0,0,0,150,0,0,0,0,150,30,0,0,435,0,80,0,355,0,0,0,0,0,0,0,0,0,0,0,0,0,0,0,0,0,0,0,0,0,0,0,0,825,0,0,90,735,0,0,0,2.6666666666666665,1,0,0
20210807211376,4,1,2,35,1,100,1,2,1,1,1,1,1,1,1,3,2,2,1,8,1,285,0,285,0,0,285,0,0,0,0,0,0,0,30,0,0,0,30,0,0,0,0,0,60,60,0,500,0,140,0,180,0,180,0,0,0,0,0,0,0,0,0,0,0,0,0,0,0,0,0,540,0,20,0,520,0,25,0,5,0,0,0,0,0,0,0,20,0,0,0,0,0,0,0,0,0,0,0,0,0,0,0,0,0,0,4.333333333333333,0.6666666666666666,1.3333333333333333,1,3,3.3333333333333335
20210807211411,3,1,1,46,2,100,6,3,1,1,1,1,1,1,1,3,2,2,1,6,1,14,6,0,0,0,0,8,0,0,0,0,0,0,0,0,0,0,0,0,0,0,0,0,0,0,0,660,0,390,30,120,0,60,60,0,0,0,300,0,0,0,0,180,300,120,120,0,0,180,0,459,0,30,0,429,0,7,0,2,0,0,0,0,0,0,0,5,0,0,0,0,0,0,0,0,0,0,0,0,0,0,0,0,0,0,3,1,4.666666666666667,1.6666666666666667,3,1
20210807211413,4,1,2,34,2,100,1,2,1,1,1,1,1,1,1,2,2,2,2,8,1,335,0,305,0,0,305,30,0,0,0,0,0,0,0,0,0,0,0,0,0,0,0,0,105,105,0,75,0,75,0,0,0,0,0,0,0,0,350,0,0,0,0,350,350,0,0,0,0,230,0,575,0,50,0,525,0,0,0,0,0,0,0,0,0,0,0,0,0,0,0,0,0,0,0,0,0,0,0,0,0,0,0,0,0,0,3.6666666666666665,0,2.6666666666666665,3,0,4
20210807211429,3,1,1,46,2,100,1,4,1,1,1,1,1,1,1,4,2,1,3,3,1,40,0,20,0,0,20,20,0,0,0,0,0,0,30,30,30,0,0,0,0,0,0,0,105,105,0,65,0,45,0,20,0,0,0,0,0,0,90,0,0,0,0,90,90,0,0,0,0,90,90,525,0,20,0,505,0,0,0,0,0,0,0,0,0,0,0,0,0,0,0,0,0,0,0,0,0,0,0,0,495,0,0,0,495,0,0.6666666666666666,3.3333333333333335,4.666666666666667,4,2,1.6666666666666667
20210807211475,3,1,1,29,2,100,1,2,1,1,1,1,1,1,1,1,2,2,3,7,1,200,0,200,0,0,200,0,0,0,0,0,0,0,0,0,0,0,0,0,0,0,0,0,45,45,0,20,0,20,0,0,0,0,0,0,0,0,495,0,0,0,45,125,425,300,300,45,25,125,0,570,0,0,0,570,0,110,0,30,0,30,60,0,0,0,60,20,0,0,0,0,0,0,0,0,0,0,0,0,0,0,0,0,0,0,2.3333333333333335,1,3.6666666666666665,3,0,3
20210807211476,3,1,1,41,1,100,4,3,2,1,1,2,1,1,1,1,1,1,2,7,1,0,0,0,0,0,0,0,0,0,0,0,0,0,5,5,5,0,0,0,0,0,0,0,45,45,0,20,0,20,0,0,0,0,0,0,0,0,30,0,0,0,0,30,30,0,0,0,0,30,0,485,0,50,0,435,0,45,0,5,0,0,0,0,0,0,0,40,0,0,0,0,0,0,0,0,0,0,0,0,810,0,0,40,770,0,3,0,1.6666666666666667,0,1.3333333333333333,2.6666666666666665
20210807211483,6,1,3,37,2,100,1,2,1,1,1,1,1,1,1,3,2,2,2,8,1,135,0,135,0,0,135,0,0,0,0,0,0,0,0,0,0,0,0,0,0,0,0,0,105,105,0,460,0,65,180,80,0,0,30,0,105,0,120,0,0,0,0,120,120,0,0,0,0,60,0,540,0,30,0,510,0,60,0,10,0,0,0,0,0,0,0,50,0,0,0,0,0,0,0,0,0,0,0,0,20,0,0,0,20,0,3.3333333333333335,0,3.3333333333333335,0.3333333333333333,0,3.3333333333333335
20210807211491,3,1,2,42,2,100,4,5,2,2,1,1,1,2,2,1,2,2,2,8,1,0,0,0,0,0,0,0,100,0,0,0,100,0,0,0,0,0,0,0,0,0,0,0,20,20,0,140,0,20,0,120,0,0,0,0,0,0,350,0,0,0,0,350,350,0,0,0,0,350,0,770,0,0,25,745,0,0,0,0,0,0,0,0,0,0,0,0,0,60,0,0,0,0,0,60,0,0,0,0,0,0,0,0,0,0,6,0,0,0,1.5,6
20210807211493,4,1,2,56,1,100,1,3,1,1,1,1,1,1,1,4,2,2,3,3,1,0,0,0,0,0,0,0,0,0,0,0,0,0,0,0,0,0,0,0,0,0,0,0,55,55,0,305,0,130,0,60,0,0,115,0,0,0,480,0,0,0,90,390,390,0,0,90,0,120,0,540,0,0,0,540,0,60,0,0,0,0,60,0,0,0,60,0,0,0,0,0,0,0,0,0,0,0,0,0,0,0,0,0,0,0,3,0,3.3333333333333335,1,1,4.333333333333333
20210807211523,4,1,2,43,2,100,1,2,1,1,1,1,1,1,1,1,2,2,1,8,1,15,0,15,0,0,15,0,0,0,0,0,0,0,30,30,30,0,0,0,0,0,0,0,80,80,0,290,0,230,0,0,0,60,0,0,0,0,210,0,0,0,30,180,180,0,0,30,0,165,0,480,0,15,0,465,0,70,0,60,0,0,0,0,0,0,0,10,0,160,30,0,0,0,120,0,0,10,150,150,105,0,0,0,105,0,3.6666666666666665,0,2.6666666666666665,1.3333333333333333,0,4.333333333333333
20210807211535,4,1,2,30,2,100,1,2,1,1,1,1,1,1,1,3,1,2,2,10,1,150,0,108,0,0,108,42,0,0,0,0,0,0,0,0,0,0,0,0,0,0,0,0,29,29,0,95,0,95,0,0,0,0,0,0,0,0,245,0,0,0,75,170,170,0,0,75,0,0,0,440,0,20,0,420,0,0,0,0,0,0,0,0,0,0,0,0,0,0,0,0,0,0,0,0,0,0,0,0,481,0,0,0,481,0,4.666666666666667,0,4,1.3333333333333333,0,6
20210807211624,5,1,2,40,2,100,1,1,1,1,1,1,1,1,1,1,2,2,2,10,1,0,0,0,0,0,0,0,0,0,0,0,0,0,0,0,0,0,0,0,0,0,0,0,120,120,0,120,0,60,0,60,0,0,0,0,0,0,540,0,0,0,0,540,540,0,0,0,0,540,0,660,0,40,0,620,0,0,0,0,0,0,0,0,0,0,0,0,0,0,0,0,0,0,0,0,0,0,0,0,0,0,0,0,0,0,5.666666666666667,0,0.3333333333333333,0,0,5.333333333333333
20210807211648,4,1,2,52,1,100,1,3,1,1,1,1,1,1,1,1,2,2,2,7,1,45,0,45,0,0,45,0,0,0,0,0,0,0,0,0,0,0,0,0,0,0,0,0,120,120,0,0,0,0,0,0,0,0,0,0,0,0,165,0,0,0,0,165,165,0,0,0,0,60,0,580,0,50,0,530,0,0,0,0,0,0,0,0,0,0,0,0,0,0,0,0,0,0,0,0,0,0,0,0,530,0,0,40,490,0,4.333333333333333,1.3333333333333333,3.6666666666666665,1,0,2
20210807211649,4,1,2,39,2,100,1,3,1,1,1,1,1,1,1,2,2,1,2,7,1,87,0,68,0,0,68,19,0,0,0,0,0,0,0,0,0,0,0,0,0,0,0,0,80,80,0,90,0,80,0,10,0,0,0,0,0,0,80,0,0,0,30,50,50,0,0,30,0,30,60,505,0,30,0,475,0,0,0,0,0,0,0,0,0,0,0,0,0,0,0,0,0,0,0,0,0,0,0,0,538,0,0,0,538,0,3.6666666666666665,0,4,3.3333333333333335,0,4.333333333333333
20210807211650,4,1,2,50,2,131,1,1,1,1,1,1,1,1,1,2,2,2,2,7,1,16,0,16,0,0,16,0,0,0,0,0,0,0,20,0,0,0,20,0,15,15,0,0,40,40,0,162,0,50,60,52,0,0,0,0,0,0,50,0,0,0,0,50,50,0,0,0,0,50,0,533,0,50,0,483,0,0,0,0,0,0,0,0,0,0,0,0,0,0,0,0,0,0,0,0,0,0,0,0,604,0,0,40,564,0,3,0,4.333333333333333,1.3333333333333333,0,3.6666666666666665
20210807211653,5,1,3,36,1,100,1,2,1,1,1,1,1,1,1,2,2,2,2,9,1,75,0,75,0,0,75,0,0,0,0,0,0,0,4,4,0,4,0,0,0,0,0,0,45,45,0,357,0,135,52,20,0,0,35,0,110,5,199,0,0,0,159,10,40,30,30,159,0,0,0,705,0,15,0,690,0,55,0,50,0,0,0,0,0,0,0,5,0,0,0,0,0,0,0,0,0,0,0,0,0,0,0,0,0,0,5,0.6666666666666666,0.6666666666666666,1.3333333333333333,0,5.333333333333333
20210807211658,4,1,2,38,1,131,1,2,1,1,1,1,1,1,1,2,2,2,2,6,1,150,0,90,0,0,90,60,0,0,0,0,0,0,0,0,0,0,0,0,0,0,0,0,120,120,0,0,0,0,0,0,0,0,0,0,0,0,90,0,0,0,30,30,60,30,30,30,0,30,0,570,0,75,0,495,0,0,0,0,0,0,0,0,0,0,0,0,0,0,0,0,0,0,0,0,0,0,0,0,510,0,0,0,510,0,5,0,1,0.3333333333333333,0,5.333333333333333
20210807211659,5,1,3,32,2,100,1,1,1,1,1,1,1,1,1,2,2,2,2,9,1,135,0,95,0,0,95,40,0,0,0,0,0,0,0,0,0,0,0,0,0,0,0,0,45,45,0,235,0,150,5,80,0,0,0,0,0,0,26,0,0,0,0,26,26,0,0,0,0,26,18,465,0,30,0,435,0,160,0,120,0,0,0,0,0,0,0,40,0,0,0,0,0,0,0,0,0,0,0,0,356,0,0,68,288,0,5,0,3,0,0,5.666666666666667
20210807211664,5,1,1,75,1,110,1,4,2,1,1,1,1,2,1,2,1,1,1,7,1,0,0,0,0,0,0,0,0,0,0,0,0,0,0,0,0,0,0,0,0,0,0,0,10,10,0,480,0,0,0,0,0,480,0,0,0,0,480,0,0,0,0,480,480,0,0,0,0,60,0,470,0,15,0,455,0,0,0,0,0,0,0,0,0,0,0,0,0,0,0,0,0,0,0,0,0,0,0,0,0,0,0,0,0,0,5,0,5.666666666666667,6,5.333333333333333,5.666666666666667
20210807211671,2,1,1,40,2,110,5,1,1,1,1,1,1,1,1,1,1,2,2,8,1,0,0,0,0,0,0,0,0,0,0,0,0,0,0,0,0,0,0,0,0,0,0,0,30,30,0,0,0,0,0,0,0,0,0,0,0,0,345,0,0,0,0,345,345,0,0,0,0,180,0,480,0,30,0,450,0,0,0,0,0,0,0,0,0,0,0,0,0,0,0,0,0,0,0,0,0,0,0,0,585,0,0,50,535,0,4.333333333333333,0,4,2.6666666666666665,0,5
20210807211673,4,1,2,33,2,131,1,1,1,1,1,1,1,1,1,1,2,2,2,10,1,130,0,100,0,0,100,30,0,0,0,0,0,0,0,0,0,0,0,0,0,0,0,0,10,10,0,195,0,45,150,0,0,0,0,0,0,0,80,0,0,0,0,0,80,80,80,0,0,0,125,235,0,0,0,235,0,0,0,0,0,0,0,0,0,0,0,0,0,0,0,0,0,0,0,0,0,0,0,0,665,0,0,0,665,0,4,0,2,0,0,3.3333333333333335
20210807211684,3,1,1,36,1,100,1,1,1,1,1,1,1,1,1,1,2,2,1,8,1,213,1,152,0,0,152,60,0,0,0,0,0,0,0,0,0,0,0,0,0,0,0,0,55,55,0,25,0,5,0,0,0,0,20,0,0,0,99,0,0,0,0,85,94,9,9,0,5,0,5,557,0,24,0,503,30,25,0,5,0,0,0,0,0,0,0,20,0,0,0,0,0,0,0,0,0,0,0,0,461,0,0,0,461,0,3.3333333333333335,0,0.6666666666666666,1.3333333333333333,0,3.6666666666666665
20210807211696,4,1,2,52,1,100,1,2,1,1,1,1,1,1,1,1,2,2,1,7,1,0,0,0,0,0,0,0,0,0,0,0,0,0,0,0,0,0,0,0,0,0,0,0,30,30,0,30,0,30,0,0,0,0,0,0,0,0,240,0,0,0,0,240,240,0,0,0,0,240,0,540,0,60,0,480,0,0,0,0,0,0,0,0,0,0,0,0,0,0,0,0,0,0,0,0,0,0,0,0,600,0,0,0,600,0,5.333333333333333,2,3.6666666666666665,3,0,6
20210807211698,4,1,2,63,1,100,1,2,1,1,1,1,1,1,1,2,2,2,2,7,1,0,0,0,0,0,0,0,0,0,0,0,0,0,0,0,0,0,0,0,0,0,0,0,210,180,30,125,0,20,0,0,0,0,105,0,0,0,0,0,0,0,0,0,0,0,0,0,0,0,0,390,0,30,0,360,0,0,0,0,0,0,0,0,0,0,0,0,0,0,0,0,0,0,0,0,0,0,0,0,715,0,0,0,715,0,3,1,3,4,0,3.6666666666666665
20210807211722,2,1,1,44,2,100,4,4,2,1,1,2,1,1,1,2,1,2,1,6,1,0,0,0,0,0,0,0,10,10,10,0,0,0,0,0,0,0,0,0,0,0,0,0,60,60,0,226,0,30,0,130,0,0,66,0,0,0,250,0,0,0,0,250,250,0,0,0,0,0,0,205,0,0,0,205,0,115,15,5,0,0,0,0,0,0,15,95,0,0,0,0,0,0,0,0,0,0,0,0,574,0,0,75,499,0,4.333333333333333,0,4,0,2,3.6666666666666665
20210807211731,3,1,1,46,2,100,4,5,1,1,1,1,1,1,1,2,2,1,3,2,1,0,0,0,0,0,0,0,0,0,0,0,0,0,0,0,0,0,0,0,0,0,0,0,180,180,0,0,0,0,0,0,0,0,0,0,0,0,360,0,0,0,0,360,360,0,0,0,0,0,0,900,0,0,15,885,0,0,0,0,0,0,0,0,0,0,0,0,0,0,0,0,0,0,0,0,0,0,0,0,0,0,0,0,0,0,3,4,4.333333333333333,3.6666666666666665,4,3.3333333333333335
20210807211737,5,1,3,36,1,100,1,3,1,1,1,1,1,1,1,2,2,2,2,7,1,0,0,0,0,0,0,0,0,0,0,0,0,0,0,0,0,0,0,0,0,0,0,0,60,60,0,0,0,0,0,0,0,0,0,0,0,0,850,370,0,0,0,440,810,0,0,0,40,0,0,460,0,0,0,460,0,70,0,60,0,60,0,0,0,0,0,10,0,0,0,0,0,0,0,0,0,0,0,0,0,0,0,0,0,0,4.333333333333333,0.6666666666666666,2.3333333333333335,0.6666666666666666,1,2.6666666666666665
20210807211743,3,1,1,31,1,100,6,1,2,1,1,1,1,2,1,1,2,2,1,10,1,0,0,0,0,0,0,0,0,0,0,0,0,0,0,0,0,0,0,0,0,0,0,0,320,130,190,0,0,0,0,0,0,0,0,0,0,0,555,0,0,0,194,255,255,0,0,194,106,255,0,565,0,85,0,480,0,0,0,0,0,0,0,0,0,0,0,0,0,0,0,0,0,0,0,0,0,0,0,0,0,0,0,0,0,0,6,0,1,0,0,6
20210807211752,2,1,1,51,1,100,4,2,1,1,1,1,1,1,1,1,2,1,1,8,1,0,0,0,0,0,0,0,0,0,0,0,0,0,0,0,0,0,0,0,0,0,0,0,45,45,0,15,0,15,0,0,0,0,0,0,0,0,360,0,0,0,70,210,270,60,60,70,20,0,0,375,0,20,0,355,0,0,0,0,0,0,0,0,0,0,0,0,0,0,0,0,0,0,0,0,0,0,0,0,645,0,0,0,645,0,4.666666666666667,1.3333333333333333,2,2.6666666666666665,1.3333333333333333,3.6666666666666665
20210807211781,4,1,2,50,1,100,1,1,1,1,1,1,1,1,1,2,2,2,1,8,1,0,0,0,0,0,0,0,0,0,0,0,0,0,15,0,0,0,15,0,0,0,0,0,45,45,0,120,0,120,0,0,0,0,0,0,0,0,180,0,0,0,0,180,180,0,0,0,0,150,0,480,0,45,0,435,0,0,0,0,0,0,0,0,0,0,0,0,0,0,0,0,0,0,0,0,0,0,0,0,600,0,0,0,600,0,3.6666666666666665,0,3.6666666666666665,2.3333333333333335,0,5
20210807211791,5,1,3,42,2,100,1,3,1,1,1,1,1,1,1,2,2,2,2,7,1,220,0,200,0,90,110,20,0,0,0,0,0,0,0,0,0,0,0,0,0,0,0,0,195,195,0,195,0,85,0,80,0,0,30,0,0,0,105,0,0,0,0,105,105,0,0,0,0,105,0,690,0,30,0,660,0,35,0,10,0,0,0,0,0,0,0,25,0,0,0,0,0,0,0,0,0,0,0,0,0,0,0,0,0,0,2.6666666666666665,0.3333333333333333,0.6666666666666666,1,0,2
20210807211796,4,1,2,30,2,100,1,3,1,1,1,1,1,1,1,2,2,2,2,8,1,210,0,210,0,0,210,0,31,1,0,1,0,30,0,0,0,0,0,0,0,0,0,0,60,60,0,130,0,70,0,60,0,0,0,0,0,0,164,0,0,0,0,164,164,0,0,0,0,164,0,380,0,50,0,330,0,0,0,0,0,0,0,0,0,0,0,0,0,0,0,0,0,0,0,0,0,0,0,0,465,0,0,0,465,0,4.333333333333333,0,3,1,0,3.3333333333333335
20210807211798,5,1,3,44,2,100,1,3,1,1,1,1,1,1,1,1,1,2,1,8,1,107,0,107,0,0,107,0,0,0,0,0,0,0,0,0,0,0,0,0,0,0,0,0,95,90,5,42,0,42,0,0,0,0,0,0,0,0,221,0,0,0,0,221,221,0,0,0,0,150,60,540,0,50,0,490,0,0,0,0,0,0,0,0,0,0,0,0,0,375,0,0,0,0,0,273,0,14,88,88,0,0,0,0,0,0,3.6666666666666665,0,0.3333333333333333,0,0,2.6666666666666665
20210807211823,4,1,2,46,1,100,1,2,1,1,1,1,1,1,1,1,2,2,2,10,1,0,0,0,0,0,0,0,0,0,0,0,0,0,0,0,0,0,0,0,0,0,0,0,130,70,60,240,240,0,0,0,0,0,0,0,0,0,380,0,0,0,130,60,210,150,150,130,40,0,0,690,0,60,0,630,0,0,0,0,0,0,0,0,0,0,0,0,0,0,0,0,0,0,0,0,0,0,0,0,0,0,0,0,0,0,6,0,1.6666666666666667,0,0,5.333333333333333
20210807211830,3,1,1,46,2,100,1,3,1,1,1,1,1,1,1,2,2,2,2,8,1,0,0,0,0,0,0,0,0,0,0,0,0,0,0,0,0,0,0,0,0,0,0,0,60,60,0,62,0,2,0,60,0,0,0,0,0,0,508,0,0,0,30,383,443,60,60,30,35,90,0,550,0,25,0,525,0,245,0,55,0,45,0,0,0,120,120,70,0,0,0,0,0,0,0,0,0,0,0,0,15,0,0,0,15,0,4.666666666666667,0.3333333333333333,0.6666666666666666,1.6666666666666667,0,0.3333333333333333
20210807211870,4,1,2,37,1,100,1,2,1,1,1,1,1,1,1,3,2,2,2,8,1,180,0,180,0,0,180,0,0,0,0,0,0,0,0,0,0,0,0,0,0,0,0,0,120,120,0,60,0,30,0,30,0,0,0,0,0,0,120,0,0,0,60,60,60,0,0,60,0,60,0,480,0,60,0,420,0,0,0,0,0,0,0,0,0,0,0,0,0,0,0,0,0,0,0,0,0,0,0,0,480,0,0,60,420,0,4.666666666666667,0.3333333333333333,4.333333333333333,2,0,5
20210807211894,2,1,1,45,2,100,4,2,1,1,1,1,1,1,1,2,2,1,2,6,1,0,0,0,0,0,0,0,0,0,0,0,0,0,0,0,0,0,0,0,0,0,0,0,30,30,0,85,0,75,0,0,0,0,10,0,0,0,80,0,0,0,5,75,75,0,0,5,0,45,0,510,0,40,0,470,0,50,0,30,0,0,0,0,0,0,0,20,0,0,0,0,0,0,0,0,0,0,0,0,685,0,0,45,640,0,4.333333333333333,0,1.3333333333333333,0.3333333333333333,0,4.333333333333333
20210807211964,2,1,1,50,2,131,4,1,1,1,1,1,1,1,1,1,2,2,2,6,1,0,0,0,0,0,0,0,0,0,0,0,0,0,10,0,0,0,10,0,0,0,0,0,100,100,0,60,0,45,0,0,0,15,0,0,0,0,80,0,0,0,0,80,80,0,0,0,0,0,0,540,0,60,0,480,0,0,0,0,0,0,0,0,0,0,0,0,0,0,0,0,0,0,0,0,0,0,0,0,650,0,0,55,595,0,4.333333333333333,0.3333333333333333,1.6666666666666667,0.3333333333333333,0,4.666666666666667
20210807211979,5,1,3,30,2,100,1,4,1,1,1,1,1,1,1,2,2,1,3,10,1,105,0,95,0,0,95,10,0,0,0,0,0,0,0,0,0,0,0,0,0,0,0,0,45,45,0,200,0,110,0,80,0,0,10,0,0,0,15,0,0,0,0,15,15,0,0,0,0,15,0,490,0,40,0,450,0,0,0,0,0,0,0,0,0,0,0,0,0,0,0,0,0,0,0,0,0,0,0,0,585,0,0,70,515,0,5,1,5.333333333333333,3.6666666666666665,0,6
20210807211982,4,1,1,52,2,131,1,3,1,1,1,1,1,1,1,2,2,2,2,9,1,0,0,0,0,0,0,0,0,0,0,0,0,0,0,0,0,0,0,0,0,0,0,0,90,90,0,322,0,80,62,120,0,0,60,0,0,0,300,0,0,0,0,300,300,0,0,0,0,300,0,493,0,73,0,420,0,165,0,115,0,45,0,0,0,0,0,50,0,0,0,0,0,0,0,0,0,0,0,0,70,0,0,0,70,0,2.6666666666666665,0,1.3333333333333333,0.6666666666666666,0,4.666666666666667
20210807211987,4,1,2,40,2,100,1,2,1,1,1,1,1,1,1,2,2,2,2,7,1,205,0,205,0,0,205,0,30,0,0,0,30,0,0,0,0,0,0,0,0,0,0,0,55,50,5,185,0,135,0,50,0,0,0,0,0,0,105,0,0,95,0,0,0,0,0,95,10,0,13,627,0,55,0,572,0,10,0,5,0,0,0,0,0,0,0,5,0,0,0,0,0,0,0,0,0,0,0,0,210,0,0,30,180,0,3.6666666666666665,0,2.3333333333333335,0,0,4
20210807211990,3,1,1,42,1,100,1,2,1,1,1,1,1,1,1,3,2,2,2,8,1,0,0,0,0,0,0,0,0,0,0,0,0,0,30,0,0,0,30,0,0,0,0,0,75,65,10,30,0,0,30,0,0,0,0,0,0,0,190,0,0,0,180,0,0,0,0,180,10,0,0,475,0,30,0,445,0,30,0,0,0,0,30,0,0,0,30,0,0,0,0,0,0,0,0,0,0,0,0,0,610,0,0,0,610,0,5,0.3333333333333333,6,1.3333333333333333,1.6666666666666667,4.333333333333333
20210807212008,4,1,2,39,1,100,6,3,1,1,1,1,1,1,1,2,2,1,2,7,1,0,0,0,0,0,0,0,0,0,0,0,0,0,0,0,0,0,0,0,0,0,0,0,120,120,0,225,0,60,0,120,0,0,45,0,0,0,435,0,0,0,0,435,435,0,0,0,0,315,0,660,0,0,0,660,0,0,0,0,0,0,0,0,0,0,0,0,0,0,0,0,0,0,0,0,0,0,0,0,0,0,0,0,0,0,5,1.3333333333333333,2,2.3333333333333335,3,4
20210807212078,2,1,1,45,2,110,4,3,1,1,1,1,1,1,1,4,1,2,3,5,1,80,0,80,0,25,55,0,0,0,0,0,0,0,0,0,0,0,0,0,0,0,0,0,10,10,0,143,0,113,0,30,0,0,0,0,0,0,362,0,0,0,0,242,362,120,120,0,0,212,0,845,0,0,0,845,0,0,0,0,0,0,0,0,0,0,0,0,0,0,0,0,0,0,0,0,0,0,0,0,0,0,0,0,0,0,5.666666666666667,0,4.333333333333333,1.6666666666666667,4,6
20210807212093,3,1,1,41,2,100,1,3,1,1,1,1,1,1,1,4,1,1,3,7,1,0,0,0,0,0,0,0,0,0,0,0,0,0,10,0,0,0,10,0,0,0,0,0,40,40,0,45,0,45,0,0,0,0,0,0,0,0,10,0,0,0,0,10,10,0,0,0,0,0,10,845,0,60,315,470,0,0,0,0,0,0,0,0,0,0,0,0,0,10,10,0,0,0,0,0,0,0,10,10,470,0,0,30,440,0,2.3333333333333335,3.3333333333333335,2.3333333333333335,4.666666666666667,6,4
20210807212114,3,1,1,39,1,131,1,2,1,1,1,1,1,1,1,2,2,2,3,5,1,0,0,0,0,0,0,0,0,0,0,0,0,0,0,0,0,0,0,0,0,0,0,0,65,65,0,65,0,65,0,0,0,0,0,0,0,0,210,0,0,0,70,140,140,0,0,70,0,140,0,590,0,50,0,540,0,0,0,0,0,0,0,0,0,0,0,0,0,0,0,0,0,0,0,0,0,0,0,0,510,0,0,0,510,0,4,0.5,4.5,2.5,0,1.5
20210807212153,3,1,1,40,2,131,1,3,1,1,1,1,1,1,1,2,1,2,2,5,1,0,0,0,0,0,0,0,0,0,0,0,0,0,10,0,0,0,10,0,0,0,0,0,45,45,0,50,0,50,0,0,0,0,0,0,0,0,73,0,0,0,60,0,13,13,13,60,0,0,0,662,0,102,5,555,0,0,0,0,0,0,0,0,0,0,0,0,0,0,0,0,0,0,0,0,0,0,0,0,600,0,0,30,570,0,3.3333333333333335,2.3333333333333335,4.666666666666667,4,3.6666666666666665,4
20210807212156,4,1,2,33,1,100,1,3,1,1,1,1,1,1,1,4,2,1,2,6,1,145,0,145,0,0,145,0,0,0,0,0,0,0,0,0,0,0,0,0,0,0,0,0,150,60,75,0,0,0,0,0,0,0,0,0,0,0,375,0,0,0,0,135,375,240,240,0,0,120,0,515,0,15,0,500,0,75,0,15,0,0,0,0,0,0,0,60,0,0,0,0,0,0,0,0,0,0,0,0,180,0,0,30,150,0,3.3333333333333335,0,4,1,0,3
20210807212183,5,1,3,44,1,110,1,3,1,1,1,1,1,1,1,2,1,2,2,5,1,55,0,55,0,0,55,0,0,0,0,0,0,0,0,0,0,0,0,0,0,0,0,0,35,35,0,65,0,65,0,0,0,0,0,0,0,0,260,0,0,0,0,260,260,0,0,0,0,260,0,520,0,40,0,480,0,0,0,0,0,0,0,0,0,0,0,0,0,0,0,0,0,0,0,0,0,0,0,0,505,0,0,0,505,0,3,0,3.6666666666666665,0,0,3
20210807212195,4,1,2,42,1,100,1,3,1,1,1,1,1,1,1,2,2,2,2,7,1,20,0,20,0,0,20,0,0,0,0,0,0,0,0,0,0,0,0,0,0,0,0,0,65,65,0,70,0,0,5,60,0,0,5,0,0,0,60,0,0,0,0,60,60,0,0,0,0,60,15,430,0,40,0,390,0,135,0,10,0,0,0,0,0,0,0,125,0,0,0,0,0,0,0,0,0,0,0,0,645,0,0,90,555,0,3.6666666666666665,0,2.6666666666666665,2,0,3.3333333333333335
20210807212202,3,1,1,34,1,100,1,2,1,1,1,1,1,1,1,1,2,2,1,9,1,45,0,45,0,0,45,0,0,0,0,0,0,0,0,0,0,0,0,0,0,0,0,0,153,104,49,45,0,0,37,0,0,0,0,0,8,0,120,0,0,0,0,85,120,35,35,0,0,80,95,566,0,50,0,516,0,20,0,15,0,0,0,0,0,0,0,5,0,390,45,0,0,345,0,0,0,0,390,390,6,0,0,0,6,0,5,0.3333333333333333,1.6666666666666667,0.6666666666666666,0,4.333333333333333
20210807212212,2,1,1,40,2,110,6,3,1,1,1,1,1,1,1,2,2,2,2,8,1,0,0,0,0,0,0,0,0,0,0,0,0,0,0,0,0,0,0,0,0,0,0,0,70,70,0,155,0,155,0,0,0,0,0,0,0,0,60,0,0,0,0,60,60,0,0,0,0,60,0,685,0,50,0,635,0,0,0,0,0,0,0,0,0,0,0,0,0,0,0,0,0,0,0,0,0,0,0,0,470,0,0,0,470,0,5.666666666666667,0,3.6666666666666665,0.3333333333333333,0.3333333333333333,6
20210807212224,4,1,3,27,1,100,5,2,1,1,1,1,1,1,1,2,2,2,2,8,1,0,0,0,0,0,0,0,0,0,0,0,0,0,0,0,0,0,0,0,0,0,0,0,210,90,120,0,0,0,0,0,0,0,0,0,0,0,30,0,0,0,0,30,30,0,0,0,0,30,0,480,0,30,0,450,0,0,0,0,0,0,0,0,0,0,0,0,0,0,0,0,0,0,0,0,0,0,0,0,720,0,0,0,720,0,5.333333333333333,0.3333333333333333,3.3333333333333335,1,1.3333333333333333,5.333333333333333
20210807212228,4,1,2,37,2,100,1,3,1,1,1,1,1,1,1,2,1,2,1,5,1,0,0,0,0,0,0,0,70,30,0,30,0,40,0,0,0,0,0,0,0,0,0,0,120,95,25,0,0,0,0,0,0,0,0,0,0,0,560,0,0,0,440,60,120,60,60,440,0,0,0,645,0,75,0,570,0,45,0,5,0,0,0,0,0,0,0,40,0,0,0,0,0,0,0,0,0,0,0,0,0,0,0,0,0,0,3,0.6666666666666666,2.6666666666666665,2.3333333333333335,0,4
20210807212232,4,1,2,28,2,100,1,3,1,1,1,1,1,1,1,2,2,2,2,8,1,15,0,15,0,0,15,0,0,0,0,0,0,0,0,0,0,0,0,0,0,0,0,0,210,60,120,45,0,30,0,15,0,0,0,0,0,0,555,435,0,0,0,0,435,0,0,0,120,0,0,615,0,60,0,555,0,0,0,0,0,0,0,0,0,0,0,0,0,0,0,0,0,0,0,0,0,0,0,0,0,0,0,0,0,0,3.6666666666666665,0,3,0.3333333333333333,0,3.6666666666666665
20210807212306,4,1,3,40,2,100,4,2,1,1,1,1,1,1,1,3,2,2,1,3,1,92,0,70,30,0,40,22,0,0,0,0,0,0,3,0,0,0,3,0,0,0,0,0,60,60,0,37,0,37,0,0,0,0,0,0,0,0,203,0,0,0,115,73,73,0,0,115,15,10,0,633,0,24,0,609,0,0,0,0,0,0,0,0,0,0,0,0,0,0,0,0,0,0,0,0,0,0,0,0,412,0,0,0,412,0,2.6666666666666665,1.3333333333333333,4,5.333333333333333,1.6666666666666667,1
20210807212320,5,1,3,46,2,100,1,1,1,1,1,1,1,1,1,1,1,2,2,10,1,30,0,5,0,0,5,25,0,0,0,0,0,0,0,0,0,0,0,0,0,0,0,0,10,10,0,30,0,30,0,0,0,0,0,0,0,0,540,0,520,0,0,0,520,520,0,0,20,0,0,395,0,60,0,335,0,0,0,0,0,0,0,0,0,0,0,0,0,0,0,0,0,0,0,0,0,0,0,0,435,0,0,15,420,0,6,0,0,0,0,6
20210807212342,5,1,3,35,2,100,1,1,1,1,1,1,1,1,1,2,2,1,2,8,1,53,0,30,0,0,30,23,0,0,0,0,0,0,30,0,0,0,30,0,0,0,0,0,0,0,0,90,0,30,10,0,0,0,0,0,50,0,200,0,0,0,30,170,170,0,0,30,0,170,0,605,0,110,0,495,0,15,0,5,0,0,0,0,0,0,0,10,0,0,0,0,0,0,0,0,0,0,0,0,447,0,0,0,447,0,5.666666666666667,0,0.6666666666666666,1.3333333333333333,0,5.333333333333333
20210807212348,3,1,1,33,1,131,1,2,1,1,1,1,1,1,1,1,2,2,1,8,1,120,0,120,0,0,120,0,0,0,0,0,0,0,0,0,0,0,0,0,0,0,0,0,45,45,0,0,0,0,0,0,0,0,0,0,0,0,0,0,0,0,0,0,0,0,0,0,0,0,0,735,0,30,0,705,0,0,0,0,0,0,0,0,0,0,0,0,0,0,0,0,0,0,0,0,0,0,0,0,540,0,0,30,510,0,6,0,0,0.3333333333333333,0,4.666666666666667
20210807212375,3,1,1,46,1,131,1,1,1,1,1,1,1,1,1,1,1,2,2,10,1,180,0,180,0,0,180,0,0,0,0,0,0,0,0,0,0,0,0,0,0,0,0,0,75,75,0,35,0,35,0,0,0,0,0,0,0,0,280,0,0,0,120,120,120,0,0,120,40,120,0,385,0,40,0,345,0,0,0,0,0,0,0,0,0,0,0,0,0,0,0,0,0,0,0,0,0,0,0,0,485,0,0,0,485,0,6,0,1,0,0,6
20210807212381,5,1,3,27,1,100,1,3,2,1,1,1,1,1,2,3,2,2,2,5,1,120,0,120,0,0,120,0,0,0,0,0,0,0,0,0,0,0,0,0,0,0,0,0,35,35,0,150,0,150,0,0,0,0,0,0,0,0,550,0,0,0,0,550,550,0,0,0,0,105,45,540,0,0,0,540,0,0,0,0,0,0,0,0,0,0,0,0,0,0,0,0,0,0,0,0,0,0,0,0,0,0,0,0,0,0,3.6666666666666665,0,4.666666666666667,0,0,3
20210808210144,4,1,1,18,2,100,6,2,1,1,1,1,1,1,1,2,2,2,3,9,1,0,0,0,0,0,0,0,0,0,0,0,0,0,0,0,0,0,0,0,0,0,0,0,30,30,0,210,0,60,0,150,0,0,0,0,0,0,360,0,0,0,0,360,360,0,0,0,0,0,90,750,0,0,0,750,0,0,0,0,0,0,0,0,0,0,0,0,0,0,0,0,0,0,0,0,0,0,0,0,0,0,0,0,0,0,2.3333333333333335,1.3333333333333333,3,1.3333333333333333,0,0.3333333333333333
20210808210163,5,1,2,18,2,110,6,3,1,1,1,1,1,1,1,3,2,2,2,7,1,130,5,15,0,0,15,110,0,0,0,0,0,0,0,0,0,0,0,0,460,200,190,70,30,30,0,0,0,0,0,0,0,0,0,0,0,0,180,0,0,0,0,180,180,0,0,0,0,0,0,640,0,20,0,620,0,0,0,0,0,0,0,0,0,0,0,0,0,0,0,0,0,0,0,0,0,0,0,0,0,0,0,0,0,0,2,0,4.666666666666667,1.6666666666666667,0.6666666666666666,1.6666666666666667
20210808210533,4,1,2,38,1,100,1,3,1,1,1,1,1,1,1,3,2,2,2,5,1,165,0,165,0,0,165,0,0,0,0,0,0,0,0,0,0,0,0,0,0,0,0,0,0,0,0,0,0,0,0,0,0,0,0,0,0,0,0,0,0,0,0,0,0,0,0,0,0,0,30,720,0,90,0,630,0,95,0,65,0,0,0,0,0,0,0,30,0,0,0,0,0,0,0,0,0,0,0,0,430,0,0,105,325,0,5,2.3333333333333335,5.333333333333333,4.333333333333333,2.6666666666666665,6
20210808210549,3,1,1,28,2,100,1,2,1,1,1,1,1,1,1,4,2,1,2,8,1,317,0,317,0,0,317,0,0,0,0,0,0,0,0,0,0,0,0,0,0,0,0,0,75,75,0,8,0,5,0,0,0,0,3,0,0,0,250,0,0,0,0,115,220,105,105,0,30,85,0,719,0,30,0,689,0,71,0,40,0,30,0,0,0,0,0,31,0,0,0,0,0,0,0,0,0,0,0,0,0,0,0,0,0,0,5,0,2.3333333333333335,0,0,3
20210808210574,3,1,1,46,1,100,1,3,1,1,1,1,1,1,1,2,2,2,2,7,1,75,0,75,75,0,0,0,0,0,0,0,0,0,0,0,0,0,0,0,0,0,0,0,30,30,0,0,0,0,0,0,0,0,0,0,0,0,300,0,0,0,0,300,300,0,0,0,0,300,0,720,0,45,0,675,0,0,0,0,0,0,0,0,0,0,0,0,0,0,0,0,0,0,0,0,0,0,0,0,315,0,0,30,285,0,5,0,2,0,0,2.3333333333333335
20210808210585,3,1,2,49,1,100,4,1,1,1,1,1,1,1,1,1,2,1,1,7,1,31,0,1,0,1,0,30,0,0,0,0,0,0,2,0,0,0,2,0,0,0,0,0,2,2,0,70,0,10,60,0,0,0,0,0,0,0,435,0,0,0,0,345,345,0,0,0,90,345,0,540,0,0,0,540,0,120,0,40,0,40,0,0,0,0,0,80,0,0,0,0,0,0,0,0,0,0,0,0,240,0,0,0,240,0,5.333333333333333,0,0.6666666666666666,1.3333333333333333,0,3.6666666666666665
20210808210646,5,1,3,40,2,100,1,1,1,1,1,1,1,1,1,1,2,2,2,10,1,155,0,136,0,0,136,19,0,0,0,0,0,0,0,0,0,0,0,0,0,0,0,0,75,75,0,35,0,35,0,0,0,0,0,0,0,0,154,0,0,0,0,109,154,45,45,0,0,94,50,480,0,30,0,450,0,0,0,0,0,0,0,0,0,0,0,0,0,20,0,0,0,0,0,20,0,0,0,0,471,0,0,11,460,0,6,0,2.3333333333333335,1,0,5.666666666666667
20210808210688,3,1,1,46,2,100,1,2,1,1,1,1,1,1,1,2,1,1,3,6,1,0,0,0,0,0,0,0,0,0,0,0,0,0,0,0,0,0,0,0,0,0,0,0,350,30,320,0,0,0,0,0,0,0,0,0,0,0,70,0,0,0,0,30,70,40,40,0,0,30,0,570,0,30,0,540,0,0,0,0,0,0,0,0,0,0,0,0,0,450,0,0,0,0,0,0,0,150,300,300,0,0,0,0,0,0,3.6666666666666665,1.3333333333333333,5.333333333333333,2.3333333333333335,1,6
20210808210693,5,1,3,34,1,100,1,2,1,1,1,1,1,1,1,2,2,2,1,8,1,43,0,43,0,2,41,0,0,0,0,0,0,0,0,0,0,0,0,0,0,0,0,0,77,70,7,150,0,120,0,0,0,0,0,30,0,0,400,0,0,0,96,180,300,120,120,96,4,180,5,690,0,65,0,625,0,0,0,0,0,0,0,0,0,0,0,0,0,15,0,0,0,0,0,15,0,0,0,0,60,0,0,0,60,0,5,1.3333333333333333,2,1.6666666666666667,1,4.666666666666667
20210808210768,3,1,1,55,1,100,1,2,1,1,1,1,1,1,1,2,1,1,2,8,1,0,0,0,0,0,0,0,0,0,0,0,0,0,0,0,0,0,0,0,0,0,0,0,30,30,0,120,0,0,0,0,0,60,60,0,0,0,622,0,0,0,20,542,542,0,0,20,60,542,0,520,0,0,0,520,0,26,0,10,0,0,0,0,0,0,0,16,0,0,0,0,0,0,0,0,0,0,0,0,122,0,0,24,98,0,6,0,1,0.6666666666666666,0,5.333333333333333
20210808210795,4,1,2,38,1,100,1,1,1,1,1,1,1,1,1,1,2,1,2,8,1,0,0,0,0,0,0,0,0,0,0,0,0,0,0,0,0,0,0,0,0,0,0,0,30,30,0,240,0,30,0,60,0,150,0,0,0,0,440,0,0,0,0,210,400,190,190,0,40,90,70,600,0,60,0,540,0,0,0,0,0,0,0,0,0,0,0,0,0,0,0,0,0,0,0,0,0,0,0,0,60,0,0,0,60,0,4.5,0,2.5,1,1,2.5
20210808210803,4,1,2,52,2,110,4,2,1,1,1,1,1,1,1,1,2,1,2,8,1,20,0,20,0,0,20,0,0,0,0,0,0,0,0,0,0,0,0,0,0,0,0,0,0,0,0,0,0,0,0,0,0,0,0,0,0,0,0,0,0,0,0,0,0,0,0,0,0,0,0,195,0,75,0,120,0,0,0,0,0,0,0,0,0,0,0,0,0,0,0,0,0,0,0,0,0,0,0,0,1225,0,0,30,1195,0,5,0,1,2,4.666666666666667,4
20210808210815,4,1,3,34,1,110,4,2,1,1,1,1,1,1,1,1,2,2,1,6,1,8,0,3,0,0,3,5,0,0,0,0,0,0,0,0,0,0,0,0,0,0,0,0,27,27,0,79,0,19,0,60,0,0,0,0,0,0,258,0,0,0,0,258,258,0,0,0,0,258,0,827,0,55,0,772,0,61,0,30,0,0,0,0,0,0,0,31,0,180,0,0,0,0,0,165,0,15,0,0,0,0,0,0,0,0,6,0,3.6666666666666665,0,0,6
20210808210849,3,1,1,33,1,100,6,3,1,1,1,1,1,1,1,2,2,2,3,6,1,0,0,0,0,0,0,0,0,0,0,0,0,0,0,0,0,0,0,0,405,0,405,0,45,45,0,0,0,0,0,0,0,0,0,0,0,0,75,0,0,0,0,30,75,45,45,0,0,30,0,525,0,15,0,510,0,0,0,0,0,0,0,0,0,0,0,0,0,0,0,0,0,0,0,0,0,0,0,0,390,0,0,0,390,0,2.6666666666666665,0.6666666666666666,4.333333333333333,5.333333333333333,0.3333333333333333,3.6666666666666665
20210808210886,4,1,2,33,2,100,1,2,1,1,1,1,1,1,1,2,2,1,2,8,1,30,0,30,0,0,30,0,0,0,0,0,0,0,0,0,0,0,0,0,0,0,0,0,65,65,0,350,0,110,0,120,0,120,0,0,0,0,290,0,0,0,0,120,290,170,170,0,0,0,90,615,0,30,0,585,0,0,0,0,0,0,0,0,0,0,0,0,0,0,0,0,0,0,0,0,0,0,0,0,0,0,0,0,0,0,3.6666666666666665,0,2.3333333333333335,2,0.6666666666666666,4.666666666666667
20210808210922,4,1,2,34,1,100,1,2,1,1,1,1,1,1,1,3,1,2,2,7,1,61,0,36,0,0,36,25,0,0,0,0,0,0,0,0,0,0,0,0,0,0,0,0,60,60,0,80,0,75,0,0,0,0,5,0,0,0,60,0,0,0,0,60,60,0,0,0,0,0,144,510,0,30,0,480,0,0,0,0,0,0,0,0,0,0,0,0,0,0,0,0,0,0,0,0,0,0,0,0,525,0,0,15,510,0,4.333333333333333,0,1.6666666666666667,1.3333333333333333,0,4.666666666666667
20210808210929,5,1,3,43,1,100,1,1,1,1,1,1,1,1,1,2,2,1,2,9,1,90,0,76,0,0,76,14,0,0,0,0,0,0,0,0,0,0,0,0,0,0,0,0,45,45,0,180,0,0,0,90,90,0,0,0,0,0,114,0,0,0,55,45,45,0,0,55,14,15,0,526,0,10,0,516,0,0,0,0,0,0,0,0,0,0,0,0,0,0,0,0,0,0,0,0,0,0,0,0,485,0,0,0,485,0,5,0,2.3333333333333335,2.6666666666666665,0,6
20210808210946,4,1,2,31,2,100,1,3,1,1,1,1,1,1,1,2,2,2,2,7,1,75,0,75,0,0,75,0,0,0,0,0,0,0,0,0,0,0,0,0,0,0,0,0,40,40,0,510,0,90,0,420,0,0,0,0,0,0,185,0,0,0,0,185,185,0,0,0,0,0,0,630,0,0,0,630,0,0,0,0,0,0,0,0,0,0,0,0,0,0,0,0,0,0,0,0,0,0,0,0,0,0,0,0,0,0,4.333333333333333,0,2.3333333333333335,2.6666666666666665,0,3.3333333333333335
20210808210971,3,1,1,40,1,100,1,2,1,1,1,1,1,1,1,2,1,2,1,9,1,114,9,76,0,0,76,29,11,1,0,1,0,10,0,0,0,0,0,0,0,0,0,0,80,80,0,136,0,106,0,0,0,0,30,0,0,0,115,0,0,0,0,105,115,10,10,0,0,0,0,485,0,65,0,420,0,28,0,6,0,0,0,15,15,0,0,7,0,0,0,0,0,0,0,0,0,0,0,0,471,5,0,20,446,0,4,0,3.3333333333333335,2.6666666666666665,0,3
20210808211068,4,1,2,31,2,100,1,1,1,1,1,1,1,1,1,1,2,2,2,10,1,290,0,290,0,0,290,0,0,0,0,0,0,0,0,0,0,0,0,0,0,0,0,0,160,160,0,35,0,35,0,0,0,0,0,0,0,0,260,0,0,0,0,260,260,0,0,0,0,240,0,690,0,20,0,670,0,5,0,5,0,0,0,0,0,0,0,0,0,0,0,0,0,0,0,0,0,0,0,0,0,0,0,0,0,0,5.333333333333333,0,2.6666666666666665,0,0,5.333333333333333
20210808211077,4,1,2,43,1,100,1,2,1,1,1,1,1,1,1,2,2,2,2,9,1,165,0,120,0,0,120,45,0,0,0,0,0,0,0,0,0,0,0,0,0,0,0,0,0,0,0,45,45,0,0,0,0,0,0,0,0,0,240,0,0,0,0,45,225,180,180,0,15,45,0,510,0,0,0,510,0,0,0,0,0,0,0,0,0,0,0,0,0,0,0,0,0,0,0,0,0,0,0,0,480,0,0,0,480,0,5,0.6666666666666666,3,2.3333333333333335,1,5
20210808211138,4,1,1,55,2,100,1,4,1,1,1,1,1,1,1,1,1,2,2,10,1,0,0,0,0,0,0,0,0,0,0,0,0,0,10,0,0,0,10,0,0,0,0,0,80,80,0,110,0,60,0,50,0,0,0,0,0,0,30,0,0,0,0,30,30,0,0,0,0,0,0,595,0,175,0,420,0,0,0,0,0,0,0,0,0,0,0,0,0,115,0,0,0,0,0,105,0,10,0,0,500,0,0,20,480,0,6,0,1.3333333333333333,0,0,6
20210808211185,3,1,1,54,1,100,1,4,1,1,1,1,1,1,1,3,1,2,1,7,1,5,0,5,0,0,5,0,0,0,0,0,0,0,0,0,0,0,0,0,0,0,0,0,225,120,105,0,0,0,0,0,0,0,0,0,0,0,80,0,0,0,0,80,80,0,0,0,0,80,0,605,0,5,0,600,0,225,0,210,0,0,0,0,0,0,0,15,0,0,0,0,0,0,0,0,0,0,0,0,300,0,0,0,300,0,3,3.3333333333333335,5,4.333333333333333,1,2
20210808211270,4,1,2,44,1,100,1,4,1,1,1,1,1,1,1,3,2,2,1,8,1,180,0,180,0,0,180,0,0,0,0,0,0,0,0,0,0,0,0,0,0,0,0,0,135,135,0,30,0,0,0,0,0,0,30,0,0,0,375,75,0,0,90,180,255,0,0,90,30,120,0,660,0,0,0,660,0,0,0,0,0,0,0,0,0,0,0,0,0,0,0,0,0,0,0,0,0,0,0,0,60,0,0,0,60,0,6,0,1,0.5,0,5.5
20210808211293,4,1,2,46,1,100,1,2,1,1,1,1,1,1,1,1,2,2,1,9,1,30,0,30,0,0,30,0,0,0,0,0,0,0,0,0,0,0,0,0,0,0,0,0,120,120,0,180,0,0,0,0,0,180,0,0,0,0,720,0,0,0,0,240,720,480,480,0,0,240,0,390,0,0,0,390,0,0,0,0,0,0,0,0,0,0,0,0,0,0,0,0,0,0,0,0,0,0,0,0,0,0,0,0,0,0,5.666666666666667,0,2.3333333333333335,0,0,6
20210808211295,3,1,1,25,1,200,1,3,1,1,1,1,1,1,1,1,2,2,1,5,1,410,0,410,0,0,410,0,0,0,0,0,0,0,0,0,0,0,0,0,0,0,0,0,60,60,0,150,0,90,0,60,0,0,0,0,0,0,60,0,0,0,0,60,60,0,0,0,0,60,0,760,0,30,0,730,0,0,0,0,0,0,0,0,0,0,0,0,0,0,0,0,0,0,0,0,0,0,0,0,0,0,0,0,0,0,6,0,1.3333333333333333,0,0,6
20210808211373,2,1,1,29,2,100,6,1,1,1,1,1,1,1,1,2,2,2,1,10,1,180,0,180,0,0,180,0,0,0,0,0,0,0,0,0,0,0,0,0,0,0,0,0,150,150,0,180,0,180,0,0,0,0,0,0,0,0,75,0,0,0,0,75,75,0,0,0,0,75,0,855,0,45,0,810,0,0,0,0,0,0,0,0,0,0,0,0,0,0,0,0,0,0,0,0,0,0,0,0,0,0,0,0,0,0,6,0,1.3333333333333333,0.3333333333333333,0,6
20210808211410,4,1,1,54,2,100,1,2,1,1,1,1,1,1,1,2,1,2,2,8,1,30,0,30,0,0,30,0,0,0,0,0,0,0,0,0,0,0,0,0,0,0,0,0,360,245,105,95,0,50,0,45,0,0,0,0,0,0,10,0,0,0,0,10,10,0,0,0,0,10,0,440,0,110,0,330,0,0,0,0,0,0,0,0,0,0,0,0,0,0,0,0,0,0,0,0,0,0,0,0,505,0,0,40,465,0,5.666666666666667,0,2.6666666666666665,0.3333333333333333,0,5.333333333333333
20210808211419,6,1,1,52,2,100,1,1,1,1,1,1,1,1,1,1,2,2,2,8,1,0,0,0,0,0,0,0,0,0,0,0,0,0,0,0,0,0,0,0,0,0,0,0,30,15,15,120,0,0,0,120,0,0,0,0,0,0,575,0,0,0,150,330,330,0,0,150,95,270,0,715,0,75,0,640,0,0,0,0,0,0,0,0,0,0,0,0,0,0,0,0,0,0,0,0,0,0,0,0,0,0,0,0,0,0,5,0,2,0,0.6666666666666666,4
20210808211420,4,1,2,39,2,100,1,2,1,1,1,1,1,1,1,2,2,2,2,10,1,295,0,295,0,0,295,0,0,0,0,0,0,0,0,0,0,0,0,0,0,0,0,0,30,30,0,60,0,60,0,0,0,0,0,0,0,0,120,0,0,0,90,30,30,0,0,90,0,0,0,643,0,100,0,543,0,49,0,15,0,0,0,0,0,0,0,34,0,0,0,0,0,0,0,0,0,0,0,0,243,0,0,63,180,0,5.666666666666667,0,4,0,0,4.666666666666667
20210808211545,7,1,5,44,2,100,1,2,2,1,1,2,1,1,1,2,2,2,1,9,1,235,5,200,45,0,155,30,0,0,0,0,0,0,15,15,15,0,0,0,0,0,0,0,70,60,10,85,0,60,0,0,0,0,0,0,25,0,255,0,0,0,0,100,235,135,135,0,20,40,0,675,0,45,0,630,0,105,0,90,0,90,0,0,0,0,0,15,0,0,0,0,0,0,0,0,0,0,0,0,0,0,0,0,0,0,4.666666666666667,0,5,2.3333333333333335,0,4.666666666666667
20210808211593,5,1,1,35,2,100,1,2,1,1,1,1,1,1,1,2,2,2,2,7,1,0,0,0,0,0,0,0,0,0,0,0,0,0,0,0,0,0,0,0,0,0,0,0,40,40,0,485,0,35,0,450,0,0,0,0,0,0,0,0,0,0,0,0,0,0,0,0,0,0,0,870,0,0,0,870,0,45,0,15,0,0,0,0,0,0,0,30,0,0,0,0,0,0,0,0,0,0,0,0,0,0,0,0,0,0,6,0.3333333333333333,5.333333333333333,1,6,5
20210808211600,6,1,4,37,2,100,1,3,1,1,1,1,1,1,1,2,2,1,1,8,1,17,0,17,0,0,17,0,0,0,0,0,0,0,0,0,0,0,0,0,0,0,0,0,45,20,0,78,0,13,55,10,0,0,0,0,0,0,602,485,0,0,0,10,517,22,22,0,85,0,0,665,0,15,0,550,100,33,0,3,0,0,0,0,0,0,0,30,0,0,0,0,0,0,0,0,0,0,0,0,0,0,0,0,0,0,5.666666666666667,1,2,2,0.6666666666666666,5
20210808211722,3,1,1,51,2,100,1,2,1,1,1,1,1,1,1,1,2,2,2,7,1,145,0,130,0,0,130,15,0,0,0,0,0,0,0,0,0,0,0,0,0,0,0,0,175,150,25,220,0,60,0,120,0,10,30,0,0,0,270,0,0,0,0,270,270,0,0,0,0,240,0,630,0,30,0,600,0,0,0,0,0,0,0,0,0,0,0,0,0,0,0,0,0,0,0,0,0,0,0,0,0,0,0,0,0,0,5.666666666666667,0,0,0,0,5.333333333333333
20210808211769,5,1,3,48,2,100,1,1,1,1,1,1,1,1,1,2,2,2,1,6,1,0,0,0,0,0,0,0,0,0,0,0,0,0,0,0,0,0,0,0,0,0,0,0,105,105,0,210,0,180,30,0,0,0,0,0,0,0,615,0,0,0,60,345,375,30,30,60,180,0,0,510,0,30,0,480,0,0,0,0,0,0,0,0,0,0,0,0,0,0,0,0,0,0,0,0,0,0,0,0,0,0,0,0,0,0,4.333333333333333,0,0.6666666666666666,0,0,4.333333333333333
20210808211818,4,1,1,60,1,110,6,3,1,1,1,1,1,1,1,2,2,2,1,8,1,0,0,0,0,0,0,0,0,0,0,0,0,0,0,0,0,0,0,0,0,0,0,0,60,60,0,0,0,0,0,0,0,0,0,0,0,0,565,0,0,0,0,565,565,0,0,0,0,565,0,360,0,0,0,360,0,0,0,0,0,0,0,0,0,0,0,0,0,0,0,0,0,0,0,0,0,0,0,0,455,0,0,5,450,0,6,0.3333333333333333,3.6666666666666665,2,0.6666666666666666,4.666666666666667
20210808211822,4,1,2,42,1,100,1,4,1,1,1,1,1,1,1,2,1,2,2,6,1,0,0,0,0,0,0,0,0,0,0,0,0,0,0,0,0,0,0,0,0,0,0,0,50,50,0,0,0,0,0,0,0,0,0,0,0,0,90,0,0,0,30,60,60,0,0,30,0,60,0,600,0,90,0,510,0,0,0,0,0,0,0,0,0,0,0,0,0,0,0,0,0,0,0,0,0,0,0,0,700,0,0,60,640,0,4,2,4.5,4.5,2,5.5
20210808211934,4,1,2,37,1,100,1,2,1,1,1,1,1,1,1,1,2,2,2,8,1,195,0,165,0,0,165,30,0,0,0,0,0,0,0,0,0,0,0,0,0,0,0,0,30,30,0,150,0,30,0,120,0,0,0,0,0,0,125,0,0,0,0,125,125,0,0,0,0,125,0,690,0,60,0,630,0,0,0,0,0,0,0,0,0,0,0,0,0,250,0,0,0,0,0,0,0,20,230,230,0,0,0,0,0,0,6,0,0.6666666666666666,0,0,6
20210808212072,3,1,2,38,2,100,6,3,1,1,1,1,1,1,1,1,2,2,2,10,1,350,0,350,0,0,350,0,0,0,0,0,0,0,0,0,0,0,0,0,0,0,0,0,60,60,0,30,0,30,0,0,0,0,0,0,0,0,180,0,0,0,0,180,180,0,0,0,0,0,0,820,0,0,0,820,0,0,0,0,0,0,0,0,0,0,0,0,0,0,0,0,0,0,0,0,0,0,0,0,0,0,0,0,0,0,6,0,0,0,0,6
20210808212102,6,1,3,41,2,100,1,1,1,1,1,1,1,1,1,1,2,2,2,9,1,60,0,60,0,0,60,0,0,0,0,0,0,0,0,0,0,0,0,0,0,0,0,0,40,40,0,580,0,80,0,500,0,0,0,0,0,0,90,0,0,0,90,0,0,0,0,90,0,0,0,636,0,0,0,636,0,34,0,30,0,30,0,0,0,0,0,4,0,0,0,0,0,0,0,0,0,0,0,0,0,0,0,0,0,0,5,0,0,1.3333333333333333,0,5.666666666666667
20210808212104,3,1,1,35,2,100,1,2,1,1,1,1,1,1,1,1,2,2,2,8,1,100,0,80,60,0,20,20,0,0,0,0,0,0,0,0,0,0,0,0,0,0,0,0,70,70,0,150,0,30,0,120,0,0,0,0,0,0,290,0,0,0,0,290,290,0,0,0,0,30,120,691,0,85,0,606,0,19,0,15,0,0,0,0,0,0,0,4,0,0,0,0,0,0,0,0,0,0,0,0,0,0,0,0,0,0,3.6666666666666665,0,0.3333333333333333,0,0,5
20210808212171,3,1,1,40,2,100,1,2,1,1,1,1,1,1,1,3,2,2,2,7,1,220,0,220,100,0,120,0,0,0,0,0,0,0,0,0,0,0,0,0,0,0,0,0,35,35,0,90,0,75,0,15,0,0,0,0,0,0,60,0,0,0,0,60,60,0,0,0,0,0,20,550,0,20,0,530,0,0,0,0,0,0,0,0,0,0,0,0,0,0,0,0,0,0,0,0,0,0,0,0,465,0,0,0,465,0,1.6666666666666667,0,4,2,0,4.666666666666667
20210808212268,4,1,2,37,1,100,1,2,1,1,1,1,1,1,1,3,2,1,2,6,1,197,0,162,0,0,162,35,0,0,0,0,0,0,0,0,0,0,0,0,0,0,0,0,80,80,0,50,0,30,0,0,0,0,20,0,0,0,60,0,0,0,0,60,60,0,0,0,0,60,95,495,0,20,0,475,0,28,0,3,0,0,0,0,0,0,0,25,0,0,0,0,0,0,0,0,0,0,0,0,435,0,0,0,435,0,3,0.6666666666666666,3,2.3333333333333335,0,3.6666666666666665
20210808212329,5,1,1,52,2,100,4,4,1,1,1,1,1,1,1,1,1,1,2,8,1,85,0,85,0,0,85,0,0,0,0,0,0,0,0,0,0,0,0,0,0,0,0,0,20,20,0,260,0,50,0,200,0,0,10,0,0,0,465,0,0,0,15,435,435,0,0,15,15,360,105,420,0,0,0,420,0,85,0,35,0,30,0,0,0,0,0,50,0,0,0,0,0,0,0,0,0,0,0,0,0,0,0,0,0,0,6,0,3,0,0.6666666666666666,4
20210808212330,4,1,2,36,1,100,1,3,2,1,1,2,1,1,1,2,2,1,2,6,1,0,0,0,0,0,0,0,0,0,0,0,0,0,10,10,10,0,0,0,0,0,0,0,25,25,0,30,0,15,10,0,0,0,5,0,0,0,0,0,0,0,0,0,0,0,0,0,0,0,25,575,0,65,0,510,0,0,0,0,0,0,0,0,0,0,0,0,0,0,0,0,0,0,0,0,0,0,0,0,775,0,0,80,695,0,3.3333333333333335,0,1,2.3333333333333335,0,1.3333333333333333
20210808212336,6,1,1,46,1,100,4,3,1,1,1,1,1,1,1,2,1,1,2,5,1,0,0,0,0,0,0,0,0,0,0,0,0,0,0,0,0,0,0,0,0,0,0,0,90,75,15,30,0,0,0,30,0,0,0,0,0,0,120,0,0,0,0,120,120,0,0,0,0,60,0,450,0,30,0,420,0,0,0,0,0,0,0,0,0,0,0,0,0,0,0,0,0,0,0,0,0,0,0,0,750,0,0,30,720,0,5,0.3333333333333333,1.3333333333333333,2.6666666666666665,2.6666666666666665,4.666666666666667
20210808212344,3,1,1,48,1,100,1,1,1,1,1,1,1,1,1,2,2,2,2,9,1,0,0,0,0,0,0,0,0,0,0,0,0,0,0,0,0,0,0,0,0,0,0,0,150,150,0,45,0,45,0,0,0,0,0,0,0,0,565,0,0,0,45,520,520,0,0,45,0,280,0,630,0,30,0,600,0,50,0,30,0,30,0,0,0,0,0,20,0,0,0,0,0,0,0,0,0,0,0,0,0,0,0,0,0,0,5,0,2,0.3333333333333333,0,4
20210808212359,2,1,1,33,1,100,6,3,1,1,1,1,1,1,1,2,2,2,2,8,1,117,0,97,0,0,97,20,0,0,0,0,0,0,0,0,0,0,0,0,0,0,0,0,50,50,0,90,0,60,0,30,0,0,0,0,0,0,43,0,0,0,0,43,43,0,0,0,0,43,47,480,0,30,0,450,0,0,0,0,0,0,0,0,0,0,0,0,0,0,0,0,0,0,0,0,0,0,0,0,613,0,0,15,598,0,4.333333333333333,0,2.6666666666666665,2,0,6
20210906210021,5,1,4,35,2,100,3,1,1,1,1,1,1,1,1,1,2,2,1,10,1,15,0,15,15,0,0,0,0,0,0,0,0,0,30,0,0,0,30,0,0,0,0,0,20,20,0,0,0,0,0,0,0,0,0,0,0,0,240,0,0,60,0,120,120,0,0,60,60,120,0,535,0,0,0,535,0,0,0,0,0,0,0,0,0,0,0,0,0,0,0,0,0,0,0,0,0,0,0,0,600,0,0,50,550,0,6,0,0,0,0,6
20210906210795,5,1,2,47,1,110,1,3,1,1,1,1,1,1,1,1,2,1,1,6,1,0,0,0,0,0,0,0,0,0,0,0,0,0,0,0,0,0,0,0,0,0,0,0,210,120,90,0,0,0,0,0,0,0,0,0,0,0,180,0,0,0,0,180,180,0,0,0,0,180,0,840,0,120,0,720,0,210,0,120,0,0,0,0,0,0,0,90,0,0,0,0,0,0,0,0,0,0,0,0,0,0,0,0,0,0,4.333333333333333,0,1.6666666666666667,0,0.6666666666666666,5.333333333333333
20210906211148,4,1,1,57,2,100,4,2,1,1,1,1,1,1,1,2,1,2,2,4,1,180,0,180,0,0,180,0,0,0,0,0,0,0,0,0,0,0,0,0,0,0,0,0,30,30,0,110,0,90,0,0,0,0,20,0,0,0,85,0,0,0,0,85,85,0,0,0,0,60,0,490,0,80,0,410,0,0,0,0,0,0,0,0,0,0,0,0,0,0,0,0,0,0,0,0,0,0,0,0,545,0,0,10,535,0,3,0,3.5,3,0,4.5
20210907210122,4,1,1,22,2,100,6,4,1,1,1,1,1,1,1,2,2,2,1,10,1,0,0,0,0,0,0,0,0,0,0,0,0,0,0,0,0,0,0,0,0,0,0,0,30,30,0,0,0,0,0,0,0,0,0,0,0,0,235,0,0,0,30,60,180,120,120,30,25,60,0,635,0,150,0,485,0,0,0,0,0,0,0,0,0,0,0,0,0,0,0,0,0,0,0,0,0,0,0,0,540,0,0,45,495,0,6,0,5,1,0,6
20210907210207,3,1,1,20,2,100,6,3,1,1,1,1,1,1,1,2,2,1,3,9,1,0,0,0,0,0,0,0,0,0,0,0,0,0,0,0,0,0,0,0,305,0,305,0,20,20,0,335,0,25,120,0,0,0,10,0,180,0,140,0,0,0,0,90,140,50,50,0,0,90,0,550,0,76,0,474,0,90,0,55,0,0,0,0,0,0,0,35,0,0,0,0,0,0,0,0,0,0,0,0,0,0,0,0,0,0,3.6666666666666665,0,2.6666666666666665,2,0,5
20210907210302,7,1,4,20,1,100,6,1,1,1,1,1,1,1,1,2,2,1,1,7,1,120,0,120,0,0,120,0,0,0,0,0,0,0,0,0,0,0,0,0,0,0,0,0,75,75,0,20,0,0,20,0,0,0,0,0,0,0,525,0,0,0,135,0,150,150,150,135,240,0,0,640,0,60,0,580,0,0,0,0,0,0,0,0,0,0,0,0,0,60,0,0,0,0,0,60,0,0,0,0,0,0,0,0,0,0,2.6666666666666665,0,4,2.3333333333333335,0,2
20210907210513,3,1,1,51,2,100,1,2,1,1,1,1,1,1,1,3,2,1,1,8,1,49,0,42,20,0,22,7,0,0,0,0,0,0,0,0,0,0,0,0,0,0,0,0,60,60,0,137,0,101,0,36,0,0,0,0,0,0,195,0,0,0,105,90,90,0,0,105,0,60,0,505,0,25,0,480,0,11,0,3,0,0,0,0,0,0,0,8,0,0,0,0,0,0,0,0,0,0,0,0,483,0,0,17,466,0,4.333333333333333,0,4.333333333333333,1.6666666666666667,3.3333333333333335,3
20210907210543,4,1,2,32,2,100,1,2,1,1,1,1,1,1,1,3,2,1,1,8,1,85,0,65,0,0,65,20,0,0,0,0,0,0,0,0,0,0,0,0,0,0,0,0,50,50,0,120,0,65,0,55,0,0,0,0,0,0,270,0,0,0,0,270,270,0,0,0,0,250,0,575,0,55,0,520,0,55,0,30,0,10,0,0,0,0,0,25,0,75,0,0,0,0,0,75,0,0,0,0,210,0,0,0,210,0,4.666666666666667,0,3.6666666666666665,0.6666666666666666,0.6666666666666666,4
20210907210608,4,1,2,48,1,100,1,2,1,1,1,1,1,1,1,1,2,2,2,7,1,25,0,25,0,0,25,0,0,0,0,0,0,0,0,0,0,0,0,0,0,0,0,0,40,40,0,465,0,0,150,0,0,180,95,0,0,40,335,0,0,0,0,335,335,0,0,0,0,270,0,575,0,30,0,545,0,0,0,0,0,0,0,0,0,0,0,0,0,0,0,0,0,0,0,0,0,0,0,0,0,0,0,0,0,0,6,0,1.6666666666666667,0.3333333333333333,0,5
20210907210663,4,1,2,41,2,100,1,2,1,1,1,1,1,1,1,3,2,2,2,9,1,0,0,0,0,0,0,0,0,0,0,0,0,0,0,0,0,0,0,0,0,0,0,0,30,30,0,0,0,0,0,0,0,0,0,0,0,0,45,0,0,0,0,45,45,0,0,0,0,0,0,480,0,0,0,480,0,0,0,0,0,0,0,0,0,0,0,0,0,0,0,0,0,0,0,0,0,0,0,0,885,0,0,0,885,0,3.6666666666666665,2.3333333333333335,6,5.333333333333333,0,4.333333333333333
20210907210682,5,1,3,38,2,100,1,1,1,1,1,1,1,1,1,2,2,2,1,10,1,335,0,335,0,0,335,0,0,0,0,0,0,0,0,0,0,0,0,0,0,0,0,0,55,55,0,60,0,0,0,60,0,0,0,0,0,0,460,0,180,0,0,120,425,305,125,0,35,120,0,530,0,60,0,470,0,0,0,0,0,0,0,0,0,0,0,0,0,0,0,0,0,0,0,0,0,0,0,0,0,0,0,0,0,0,5,0,2.6666666666666665,0,0,4.666666666666667
20210907210687,6,1,4,40,1,100,1,3,1,1,1,1,1,1,1,3,2,2,2,6,1,232,0,172,30,0,142,60,0,0,0,0,0,0,0,0,0,0,0,0,0,0,0,0,70,70,0,100,0,55,30,15,0,0,0,0,0,0,60,0,0,0,0,30,60,30,30,0,0,30,45,419,0,15,0,404,0,0,0,0,0,0,0,0,0,0,0,0,0,0,0,0,0,0,0,0,0,0,0,0,514,0,0,15,499,0,2.6666666666666665,0,3.3333333333333335,1.3333333333333333,0,4
20210907210695,4,1,3,34,1,100,4,3,1,1,1,1,1,1,1,2,2,2,2,6,1,60,0,60,0,0,60,0,0,0,0,0,0,0,0,0,0,0,0,0,0,0,0,0,70,70,0,240,0,120,0,120,0,0,0,0,0,0,390,0,0,0,0,390,390,0,0,0,0,270,0,680,0,0,0,680,0,0,0,0,0,0,0,0,0,0,0,0,0,0,0,0,0,0,0,0,0,0,0,0,0,0,0,0,0,0,2,0,1.6666666666666667,0,0,2.6666666666666665
20210907210869,4,1,1,57,1,131,1,4,1,1,1,1,1,1,1,1,2,1,1,8,1,0,0,0,0,0,0,0,0,0,0,0,0,0,0,0,0,0,0,0,0,0,0,0,70,70,0,480,0,250,0,210,0,0,0,0,20,0,190,0,0,0,30,160,160,0,0,30,0,160,0,600,0,60,0,540,0,100,0,60,0,60,0,0,0,0,0,40,0,0,0,0,0,0,0,0,0,0,0,0,0,0,0,0,0,0,2.3333333333333335,2.3333333333333335,4.333333333333333,2.6666666666666665,3.6666666666666665,1.3333333333333333
20210907210874,6,1,3,42,2,100,1,2,1,1,1,1,1,1,1,2,2,2,2,10,1,30,0,17,0,0,17,13,0,0,0,0,0,0,0,0,0,0,0,0,0,0,0,0,50,45,5,150,0,150,0,0,0,0,0,0,0,0,75,0,0,0,0,75,75,0,0,0,0,75,0,585,0,45,0,540,0,0,0,0,0,0,0,0,0,0,0,0,0,0,0,0,0,0,0,0,0,0,0,0,550,0,0,18,532,0,5,0,0.3333333333333333,0,0,1
20210907210883,4,1,1,46,1,100,1,4,1,1,1,1,1,1,1,2,1,2,3,9,1,0,0,0,0,0,0,0,0,0,0,0,0,0,0,0,0,0,0,0,0,0,0,0,45,45,0,30,0,30,0,0,0,0,0,0,0,0,135,0,0,0,0,135,135,0,0,0,0,120,0,430,0,30,0,400,0,97,0,30,0,15,0,0,0,0,0,67,0,0,0,0,0,0,0,0,0,0,0,0,703,0,0,59,644,0,5,0.3333333333333333,2.6666666666666665,2.3333333333333335,1.6666666666666667,6
20210907210906,5,1,2,47,1,100,1,4,1,1,1,1,1,1,1,2,2,2,2,6,1,56,0,31,0,0,31,25,0,0,0,0,0,0,0,0,0,0,0,0,0,0,0,0,85,85,0,30,0,30,0,0,0,0,0,0,0,0,60,0,0,0,0,60,60,0,0,0,0,30,20,665,0,40,0,625,0,15,0,0,0,0,0,0,0,0,5,10,0,0,0,0,0,0,0,0,0,0,0,0,509,0,0,45,464,0,3.6666666666666665,0,2.6666666666666665,0,0,2
20210907210951,4,1,2,43,2,120,6,5,1,1,1,1,1,1,1,2,2,1,3,10,1,0,0,0,0,0,0,0,0,0,0,0,0,0,0,0,0,0,0,0,0,0,0,0,75,75,0,370,0,70,0,180,0,120,0,0,0,0,200,0,0,0,0,200,200,0,0,0,0,200,0,795,0,45,0,750,0,0,0,0,0,0,0,0,0,0,0,0,0,0,0,0,0,0,0,0,0,0,0,0,0,0,0,0,0,0,0.3333333333333333,0,4.333333333333333,0,0,2.3333333333333335
20210907211005,3,1,1,46,2,110,1,4,1,1,1,1,1,1,1,3,2,1,1,6,1,0,0,0,0,0,0,0,0,0,0,0,0,0,0,0,0,0,0,0,0,0,0,0,120,120,0,0,0,0,0,0,0,0,0,0,0,0,60,0,0,0,0,60,60,0,0,0,0,0,0,720,0,60,0,660,0,0,0,0,0,0,0,0,0,0,0,0,0,0,0,0,0,0,0,0,0,0,0,0,540,0,0,0,540,0,5.333333333333333,1,4.666666666666667,4,3.3333333333333335,6
20210907211012,2,1,1,41,2,131,6,3,1,1,1,1,1,1,1,3,2,2,2,6,1,140,0,65,0,0,65,75,0,0,0,0,0,0,0,0,0,0,0,0,0,0,0,0,120,120,0,120,0,60,0,60,0,0,0,0,0,0,60,0,0,0,0,60,60,0,0,0,0,0,0,585,0,20,0,565,0,0,0,0,0,0,0,0,0,0,0,0,0,0,0,0,0,0,0,0,0,0,0,0,415,0,0,0,415,0,4.333333333333333,1.3333333333333333,3.3333333333333335,2.6666666666666665,0,6
20210907211031,3,1,1,30,2,100,1,2,1,1,1,1,1,1,1,2,2,2,2,10,1,140,0,70,0,0,70,70,0,0,0,0,0,0,0,0,0,0,0,0,0,0,0,0,120,120,0,0,0,0,0,0,0,0,0,0,0,0,0,0,0,0,0,0,0,0,0,0,0,0,0,520,0,100,0,420,0,0,0,0,0,0,0,0,0,0,0,0,0,0,0,0,0,0,0,0,0,0,0,0,660,0,0,75,585,0,5.333333333333333,0,1,0,0,6
20210907211068,5,1,3,36,1,110,1,4,1,1,1,1,1,1,1,3,2,1,2,2,1,0,0,0,0,0,0,0,0,0,0,0,0,0,0,0,0,0,0,0,0,0,0,0,60,60,0,0,0,0,0,0,0,0,0,0,0,0,780,0,0,0,0,780,780,0,0,0,0,780,0,600,0,60,0,540,0,0,0,0,0,0,0,0,0,0,0,0,0,0,0,0,0,0,0,0,0,0,0,0,0,0,0,0,0,0,3.6666666666666665,0,1,1,0,3
20210907211173,3,1,2,44,2,100,4,3,1,1,1,1,1,1,1,2,2,2,3,2,1,0,0,0,0,0,0,0,0,0,0,0,0,0,0,0,0,0,0,0,0,0,0,0,60,60,0,210,0,120,30,0,0,0,60,0,0,0,430,0,0,0,0,430,430,0,0,0,0,370,0,540,0,0,0,540,0,80,0,60,0,0,0,0,0,0,0,20,0,0,0,0,0,0,0,0,0,0,0,0,120,120,0,0,0,0,4,0,0.3333333333333333,1.3333333333333333,0,5
20210907211176,4,1,2,43,2,100,1,2,1,1,1,1,1,1,1,2,2,2,2,7,1,60,0,60,0,0,60,0,0,0,0,0,0,0,0,0,0,0,0,0,0,0,0,0,395,305,75,175,0,40,0,135,0,0,0,0,0,0,180,0,0,0,90,90,90,0,0,90,0,30,0,575,0,60,0,515,0,55,0,30,0,0,0,0,0,0,25,0,0,0,0,0,0,0,0,0,0,0,0,0,0,0,0,0,0,0,3.3333333333333335,0,2.6666666666666665,0.3333333333333333,0.6666666666666666,2
20210907211209,4,1,2,35,2,100,6,1,1,1,1,1,1,1,1,4,2,1,3,7,1,0,0,0,0,0,0,0,0,0,0,0,0,0,0,0,0,0,0,0,0,0,0,0,10,10,0,0,0,0,0,0,0,0,0,0,0,0,180,0,0,0,0,180,180,0,0,0,0,180,0,1250,0,20,790,440,0,0,0,0,0,0,0,0,0,0,0,0,0,0,0,0,0,0,0,0,0,0,0,0,0,0,0,0,0,0,3,2.6666666666666665,5.333333333333333,5.333333333333333,3.6666666666666665,3.6666666666666665
20210907211236,3,1,1,29,1,100,6,2,1,1,1,1,1,1,1,3,2,2,2,4,1,0,0,0,0,0,0,0,0,0,0,0,0,0,0,0,0,0,0,0,0,0,0,0,30,30,0,0,0,0,0,0,0,0,0,0,0,0,630,0,0,0,0,630,630,0,0,0,0,480,0,780,0,0,0,780,0,0,0,0,0,0,0,0,0,0,0,0,0,0,0,0,0,0,0,0,0,0,0,0,0,0,0,0,0,0,2.3333333333333335,0,2.3333333333333335,0.3333333333333333,0.3333333333333333,3.3333333333333335
20210907211345,4,1,1,36,1,131,1,1,1,1,1,1,1,1,1,1,2,2,1,7,1,70,0,70,0,0,70,0,0,0,0,0,0,0,0,0,0,0,0,0,0,0,0,0,90,90,0,150,0,150,0,0,0,0,0,0,0,0,420,0,0,0,0,180,360,180,180,0,60,120,15,695,0,35,0,660,0,0,0,0,0,0,0,0,0,0,0,0,0,0,0,0,0,0,0,0,0,0,0,0,0,0,0,0,0,0,5.333333333333333,0,4.333333333333333,2.3333333333333335,0,5
20210907211389,4,1,2,34,2,100,1,2,1,1,1,1,1,1,1,3,2,2,1,7,1,185,0,185,0,30,155,0,0,0,0,0,0,0,0,0,0,0,0,0,0,0,0,0,90,90,0,165,0,120,45,0,0,0,0,0,0,0,495,0,85,0,20,60,415,355,270,20,60,0,0,430,0,15,0,415,0,75,0,0,0,0,45,0,0,0,45,30,0,0,0,0,0,0,0,0,0,0,0,0,0,0,0,0,0,0,5.333333333333333,0,4.333333333333333,0,0.3333333333333333,3.3333333333333335
20210907211407,5,1,1,57,1,100,1,4,1,1,1,1,1,1,1,1,2,2,2,8,1,0,0,0,0,0,0,0,0,0,0,0,0,0,0,0,0,0,0,0,0,0,0,0,130,130,0,0,0,0,0,0,0,0,0,0,0,0,250,0,0,0,0,250,250,0,0,0,0,250,0,570,0,0,0,570,0,0,0,0,0,0,0,0,0,0,0,0,0,0,0,0,0,0,0,0,0,0,0,0,490,0,0,20,470,0,6,0,1,0,0,6
20210907211573,3,1,1,54,1,110,1,1,1,1,1,1,1,1,1,2,2,2,1,7,1,0,0,0,0,0,0,0,0,0,0,0,0,0,2,2,0,2,0,0,0,0,0,0,125,125,0,15,0,15,0,0,0,0,0,0,0,0,283,0,0,0,0,283,283,0,0,0,0,283,0,435,0,45,0,390,0,0,0,0,0,0,0,0,0,0,0,0,0,0,0,0,0,0,0,0,0,0,0,0,580,0,0,35,545,0,2.3333333333333335,0.3333333333333333,2,0.3333333333333333,0.6666666666666666,5.666666666666667
20210907211643,3,1,1,52,1,100,4,2,1,1,1,1,1,1,1,1,1,2,1,9,1,0,0,0,0,0,0,0,0,0,0,0,0,0,0,0,0,0,0,0,0,0,0,0,30,30,0,120,0,60,0,0,0,60,0,0,0,0,615,0,0,0,0,615,615,0,0,0,0,495,0,675,0,10,0,665,0,0,0,0,0,0,0,0,0,0,0,0,0,0,0,0,0,0,0,0,0,0,0,0,0,0,0,0,0,0,6,0,0.3333333333333333,0,0,3.6666666666666665
20210907211670,3,1,1,35,2,100,1,2,1,1,1,1,1,1,1,2,2,2,1,10,1,138,0,138,0,0,138,0,0,0,0,0,0,0,0,0,0,0,0,0,0,0,0,0,95,95,0,170,0,120,0,0,0,0,50,0,0,0,474,0,0,0,60,245,410,165,165,60,4,245,60,503,0,32,0,471,0,0,0,0,0,0,0,0,0,0,0,0,0,0,0,0,0,0,0,0,0,0,0,0,0,0,0,0,0,0,6,0,2.3333333333333335,0,0,4
20210907211686,5,1,4,36,2,100,6,3,1,1,1,1,1,1,1,2,2,1,2,5,1,210,0,210,60,0,150,0,0,0,0,0,0,0,0,0,0,0,0,0,0,0,0,0,60,60,0,390,0,150,0,240,0,0,0,0,0,0,90,0,0,0,0,90,90,0,0,0,0,90,60,560,0,0,0,560,0,70,0,60,0,0,0,0,0,0,0,10,0,0,0,0,0,0,0,0,0,0,0,0,0,0,0,0,0,0,3.3333333333333335,0,3,3.3333333333333335,1.6666666666666667,3
20210907211691,4,1,2,41,1,100,1,3,1,1,1,1,1,1,1,2,2,2,1,8,1,110,0,110,0,0,110,0,0,0,0,0,0,0,5,5,0,5,0,0,0,0,0,0,65,65,0,95,0,0,0,0,0,0,95,0,0,0,295,0,0,0,0,195,285,90,90,0,10,170,45,515,0,20,0,495,0,310,0,10,0,0,90,105,0,0,90,105,105,0,0,0,0,0,0,0,0,0,0,0,0,0,0,0,0,0,4.666666666666667,0,3,1.3333333333333333,4,4.333333333333333
20210907211778,4,1,2,40,2,100,1,3,1,1,1,1,1,1,1,2,2,2,2,7,1,90,0,90,60,0,30,0,0,0,0,0,0,0,15,15,0,15,0,0,0,0,0,0,45,45,0,15,0,15,0,0,0,0,0,0,0,0,220,0,0,0,0,220,220,0,0,0,0,0,0,510,0,30,0,480,0,0,0,0,0,0,0,0,0,0,0,0,0,0,0,0,0,0,0,0,0,0,0,0,545,0,0,85,460,0,2.6666666666666665,0.3333333333333333,4,1,0,2
20210907211802,4,1,2,41,1,100,1,1,1,1,1,1,1,1,1,2,2,2,2,9,1,31,0,1,0,0,1,30,0,0,0,0,0,0,0,0,0,0,0,0,0,0,0,0,55,55,0,15,0,15,0,0,0,0,0,0,0,0,215,0,0,0,60,95,125,30,30,60,30,90,0,545,0,20,0,525,0,0,0,0,0,0,0,0,0,0,0,0,0,0,0,0,0,0,0,0,0,0,0,0,579,0,0,0,579,0,4,0,1,1,0,3.3333333333333335
20210907211849,4,1,2,74,1,110,1,3,2,1,2,2,1,1,1,4,1,2,2,5,1,0,0,0,0,0,0,0,0,0,0,0,0,0,0,0,0,0,0,0,0,0,0,0,0,0,0,480,0,0,0,0,0,480,0,0,0,0,270,0,0,0,0,270,270,0,0,0,0,270,0,690,0,90,0,600,0,0,0,0,0,0,0,0,0,0,0,0,0,0,0,0,0,0,0,0,0,0,0,0,0,0,0,0,0,0,1,0,2.6666666666666665,1.6666666666666667,3.6666666666666665,1.6666666666666667
20210907211864,5,1,2,53,2,110,1,3,1,1,1,1,1,1,1,3,2,2,3,3,1,111,0,45,0,0,45,66,0,0,0,0,0,0,0,0,0,0,0,0,0,0,0,0,21,21,0,30,0,0,0,0,0,0,30,0,0,0,70,0,0,0,0,70,70,0,0,0,0,70,0,270,0,0,0,270,0,19,0,7,0,0,0,0,0,0,0,12,0,0,0,0,0,0,0,0,0,0,0,0,919,0,0,0,919,0,2.6666666666666665,1.3333333333333333,1.6666666666666667,4,0,4.666666666666667
20210907211916,3,1,1,28,2,100,1,2,1,1,1,1,1,1,1,3,1,1,2,8,1,315,0,315,0,0,315,0,0,0,0,0,0,0,0,0,0,0,0,0,0,0,0,0,70,70,0,0,0,0,0,0,0,0,0,0,0,0,430,0,0,0,0,430,430,0,0,0,0,390,0,540,0,30,0,510,0,85,0,15,0,0,40,0,0,0,40,30,0,0,0,0,0,0,0,0,0,0,0,0,0,0,0,0,0,0,3.3333333333333335,0,3.3333333333333335,2,0,3.3333333333333335
20210907212016,3,1,1,45,1,100,2,4,1,1,1,1,1,1,1,2,2,1,2,7,1,0,0,0,0,0,0,0,0,0,0,0,0,0,0,0,0,0,0,0,0,0,0,0,60,60,0,215,0,120,0,95,0,0,0,0,0,0,450,150,0,0,40,245,395,0,0,40,15,0,0,715,15,10,0,690,0,0,0,0,0,0,0,0,0,0,0,0,0,0,0,0,0,0,0,0,0,0,0,0,0,0,0,0,0,0,4.5,1.5,2,2,3.5,4.5
20210907212149,4,1,2,35,2,100,1,2,1,1,1,1,1,1,1,1,2,2,1,7,1,90,0,90,0,0,90,0,0,0,0,0,0,0,0,0,0,0,0,0,0,0,0,0,130,110,20,125,0,125,0,0,0,0,0,0,0,0,450,165,0,0,0,230,405,10,10,0,45,120,0,550,0,70,0,480,0,0,0,0,0,0,0,0,0,0,0,0,0,95,0,0,0,0,0,95,0,0,0,0,0,0,0,0,0,0,3.6666666666666665,0,2,3.6666666666666665,0,5
20210907212196,3,1,1,55,1,100,1,2,1,1,1,1,1,1,1,2,2,2,2,8,1,0,0,0,0,0,0,0,0,0,0,0,0,0,0,0,0,0,0,0,0,0,0,0,30,30,0,180,0,0,0,0,0,180,0,0,0,0,125,0,0,0,0,125,125,0,0,0,0,125,0,495,0,30,0,465,0,0,0,0,0,0,0,0,0,0,0,0,0,0,0,0,0,0,0,0,0,0,0,0,610,0,0,20,590,0,5.666666666666667,0.3333333333333333,3.6666666666666665,1,1.6666666666666667,4.666666666666667
20210907212203,6,1,1,49,1,100,1,1,1,1,1,1,1,1,1,2,1,2,1,7,1,0,0,0,0,0,0,0,0,0,0,0,0,0,0,0,0,0,0,0,0,0,0,0,110,110,0,150,0,30,0,0,0,120,0,0,0,0,685,0,0,0,110,180,485,305,305,110,90,180,0,345,0,45,0,300,0,150,0,10,0,0,0,0,0,0,0,140,0,0,0,0,0,0,0,0,0,0,0,0,0,0,0,0,0,0,4,0,3.3333333333333335,1,0,5.666666666666667
20210907212204,4,1,2,43,1,131,1,1,1,1,1,1,1,1,1,1,2,2,2,10,1,0,0,0,0,0,0,0,0,0,0,0,0,0,0,0,0,0,0,0,0,0,0,0,120,120,0,0,0,0,0,0,0,0,0,0,0,0,150,0,0,0,0,150,150,0,0,0,0,90,0,600,0,60,0,540,0,0,0,0,0,0,0,0,0,0,0,0,0,0,0,0,0,0,0,0,0,0,0,0,570,0,0,60,510,0,6,0,0,0,0,6
20210907212206,5,1,1,25,1,100,1,4,1,1,1,1,1,1,1,2,2,2,2,10,1,0,0,0,0,0,0,0,0,0,0,0,0,0,0,0,0,0,0,0,0,0,0,0,70,70,0,0,0,0,0,0,0,0,0,0,0,0,55,0,0,0,0,55,55,0,0,0,0,45,0,645,0,15,0,630,0,0,0,0,0,0,0,0,0,0,0,0,0,0,0,0,0,0,0,0,0,0,0,0,670,0,0,200,470,0,5,0.6666666666666666,5.333333333333333,4,2,4.666666666666667
20210907212366,4,1,2,44,1,100,1,3,1,1,1,1,1,1,1,2,2,1,2,7,1,0,0,0,0,0,0,0,0,0,0,0,0,0,0,0,0,0,0,0,0,0,0,0,60,60,0,240,0,0,0,240,0,0,0,0,0,0,420,0,0,0,0,420,420,0,0,0,0,300,0,720,0,60,0,660,0,0,0,0,0,0,0,0,0,0,0,0,0,0,0,0,0,0,0,0,0,0,0,0,0,0,0,0,0,0,5,0,0.6666666666666666,0,0,5
20210908210061,4,1,2,35,2,131,1,3,1,1,1,1,1,1,1,2,2,2,2,8,1,265,0,245,60,0,185,20,0,0,0,0,0,0,0,0,0,0,0,0,0,0,0,0,150,150,0,240,0,120,0,120,0,0,0,0,0,0,60,0,0,0,0,60,60,0,0,0,0,60,0,725,0,0,0,725,0,0,0,0,0,0,0,0,0,0,0,0,0,0,0,0,0,0,0,0,0,0,0,0,0,0,0,0,0,0,5,0,4,2.6666666666666665,3.6666666666666665,5.666666666666667
20210908210169,4,1,1,23,1,100,6,2,1,1,1,1,1,1,1,2,2,2,2,7,1,0,0,0,0,0,0,0,0,0,0,0,0,0,0,0,0,0,0,0,220,120,0,100,60,60,0,0,0,0,0,0,0,0,0,0,0,0,630,0,0,0,60,220,560,340,340,60,10,0,0,505,0,60,0,445,0,25,0,10,0,0,0,0,0,0,0,15,0,0,0,0,0,0,0,0,0,0,0,0,0,0,0,0,0,0,4.666666666666667,1,6,2,2,6
20210908210186,7,1,3,18,1,100,6,1,1,1,1,1,1,1,1,3,2,2,1,9,1,0,0,0,0,0,0,0,0,0,0,0,0,0,0,0,0,0,0,0,0,0,0,0,0,0,0,0,0,0,0,0,0,0,0,0,0,0,545,0,0,0,235,230,230,0,0,235,80,230,0,530,0,50,0,480,0,0,0,0,0,0,0,0,0,0,0,0,0,0,0,0,0,0,0,0,0,0,0,0,365,0,0,45,320,0,3.6666666666666665,0.3333333333333333,2.6666666666666665,0.3333333333333333,0,3
20210908210194,7,1,4,18,2,100,6,1,1,1,1,1,1,1,1,1,2,2,1,9,1,0,0,0,0,0,0,0,0,0,0,0,0,0,0,0,0,0,0,0,0,0,0,0,90,90,0,210,0,90,0,120,0,0,0,0,0,0,300,0,0,0,0,30,300,270,270,0,0,30,0,840,0,180,0,660,0,0,0,0,0,0,0,0,0,0,0,0,0,0,0,0,0,0,0,0,0,0,0,0,0,0,0,0,0,0,5,0,0.6666666666666666,0,0,3.3333333333333335
20210908210236,9,1,4,20,1,100,6,2,1,1,1,1,1,1,1,2,1,2,2,4,1,0,0,0,0,0,0,0,0,0,0,0,0,0,0,0,0,0,0,0,30,0,30,0,35,35,0,0,0,0,0,0,0,0,0,0,0,0,25,0,0,0,0,0,25,25,25,0,0,0,0,105,0,45,0,60,0,0,0,0,0,0,0,0,0,0,0,0,0,0,0,0,0,0,0,0,0,0,0,0,1245,0,0,40,1205,0,4.333333333333333,0,3,1.3333333333333333,1,5.333333333333333
20210908210241,4,1,1,18,1,100,6,1,1,1,1,1,1,1,1,1,2,2,1,8,1,0,0,0,0,0,0,0,47,2,0,2,0,45,0,0,0,0,0,0,60,0,60,0,60,60,0,0,0,0,0,0,0,0,0,0,0,0,150,0,0,0,0,150,150,0,0,0,0,150,0,853,0,0,0,853,0,270,0,225,0,0,0,0,0,0,0,45,0,0,0,0,0,0,0,0,0,0,0,0,0,0,0,0,0,0,6,0,1.3333333333333333,0.3333333333333333,0,5.333333333333333
20210908210242,3,1,1,18,2,110,6,2,1,1,1,1,1,1,1,4,1,2,2,7,1,110,0,50,0,0,50,60,0,0,0,0,0,0,20,0,0,0,20,0,0,0,0,0,190,190,0,0,0,0,0,0,0,0,0,0,0,0,33,0,0,0,0,33,33,0,0,0,0,33,70,1017,0,0,0,1017,0,0,0,0,0,0,0,0,0,0,0,0,0,0,0,0,0,0,0,0,0,0,0,0,0,0,0,0,0,0,2.3333333333333335,0.6666666666666666,5.666666666666667,3.3333333333333335,0,3.6666666666666665
20210908210246,5,1,2,19,1,100,6,4,1,1,1,1,1,1,1,1,2,2,2,4,1,0,0,0,0,0,0,0,0,0,0,0,0,0,0,0,0,0,0,0,210,0,210,0,50,50,0,60,0,60,0,0,0,0,0,0,0,0,390,0,0,0,60,330,330,0,0,60,0,150,0,730,0,0,0,730,0,0,0,0,0,0,0,0,0,0,0,0,0,0,0,0,0,0,0,0,0,0,0,0,0,0,0,0,0,0,3.6666666666666665,0,2.6666666666666665,0.3333333333333333,0,3.6666666666666665
20210908210250,2,1,1,19,2,100,6,2,1,1,1,1,1,1,1,1,2,2,2,6,1,40,0,40,0,0,40,0,0,0,0,0,0,0,0,0,0,0,0,0,0,0,0,0,110,100,10,180,0,0,0,180,0,0,0,0,0,0,298,60,0,0,0,236,296,0,0,0,2,236,0,810,0,20,0,790,0,2,0,2,0,0,0,0,0,0,0,0,0,0,0,0,0,0,0,0,0,0,0,0,0,0,0,0,0,0,4.666666666666667,0,2,0,0.6666666666666666,4.666666666666667
20210908210255,6,1,2,20,2,100,6,1,1,1,1,1,1,1,1,1,2,2,2,10,1,0,0,0,0,0,0,0,0,0,0,0,0,0,0,0,0,0,0,0,365,0,365,0,0,0,0,0,0,0,0,0,0,0,0,0,0,0,180,0,0,0,0,180,180,0,0,0,0,180,0,660,0,30,0,630,0,0,0,0,0,0,0,0,0,0,0,0,0,235,0,0,0,0,0,185,0,50,0,0,0,0,0,0,0,0,5.333333333333333,0,1.3333333333333333,0,0,5
20210908210318,6,1,1,21,1,100,6,3,1,1,1,1,1,1,1,2,1,1,2,5,1,0,0,0,0,0,0,0,0,0,0,0,0,0,0,0,0,0,0,0,0,0,0,0,5,5,0,5,0,0,0,0,0,0,5,0,0,0,135,0,0,0,0,135,135,0,0,0,0,135,0,625,0,25,0,600,0,0,0,0,0,0,0,0,0,0,0,0,0,0,0,0,0,0,0,0,0,0,0,0,670,0,0,80,590,0,4.666666666666667,0,2.3333333333333335,0.6666666666666666,0.6666666666666666,5
20210908210328,4,1,2,22,2,100,6,4,1,1,1,1,1,1,1,2,2,1,1,10,1,110,0,110,0,0,110,0,0,0,0,0,0,0,0,0,0,0,0,0,0,0,0,0,45,45,0,220,0,200,0,20,0,0,0,0,0,0,265,0,0,0,0,265,265,0,0,0,0,265,0,300,0,60,0,240,0,0,0,0,0,0,0,0,0,0,0,0,0,0,0,0,0,0,0,0,0,0,0,0,500,0,0,15,485,0,6,0,3.3333333333333335,1,0,5.333333333333333
20210908210502,3,1,1,30,2,100,1,2,1,1,1,1,1,1,1,1,2,2,2,8,1,133,0,78,0,0,78,55,0,0,0,0,0,0,0,0,0,0,0,0,0,0,0,0,15,15,0,0,0,0,0,0,0,0,0,0,0,0,300,0,0,0,120,120,180,60,60,120,0,30,0,500,0,20,0,480,0,90,0,0,0,0,0,90,90,0,0,0,0,0,0,0,0,0,0,0,0,0,0,0,402,0,0,15,387,0,5.666666666666667,0,3.3333333333333335,2.6666666666666665,0,6
20210908210504,4,1,1,45,1,100,1,2,1,1,1,1,1,1,1,2,2,2,2,10,1,70,0,30,0,0,30,40,0,0,0,0,0,0,0,0,0,0,0,0,0,0,0,0,60,60,0,90,0,30,0,0,60,0,0,0,0,0,85,0,0,0,0,85,85,0,0,0,0,85,0,540,0,45,0,495,0,0,0,0,0,0,0,0,0,0,0,0,0,0,0,0,0,0,0,0,0,0,0,0,595,0,0,40,555,0,5.333333333333333,0,1,0.6666666666666666,0,4
20210908210525,5,1,2,46,1,100,1,1,1,1,1,1,1,1,1,1,2,2,1,10,1,0,0,0,0,0,0,0,0,0,0,0,0,0,0,0,0,0,0,0,0,0,0,0,45,45,0,45,0,0,0,45,0,0,0,0,0,0,40,0,0,0,0,40,40,0,0,0,0,40,60,660,0,60,0,600,0,260,0,180,0,0,0,0,0,0,0,80,0,0,0,0,0,0,0,0,0,0,0,0,330,0,0,30,300,0,6,0,0,0,0,6
20210908210537,5,1,2,37,2,131,1,2,1,1,1,1,1,1,1,2,2,2,2,5,1,201,0,161,134,0,27,40,0,0,0,0,0,0,0,0,0,0,0,0,0,0,0,0,75,75,0,60,0,60,0,0,0,0,0,0,0,0,30,0,0,0,0,30,30,0,0,0,0,0,0,555,0,45,0,510,0,0,0,0,0,0,0,0,0,0,0,0,0,166,0,0,0,0,0,30,120,16,120,120,353,0,0,38,315,0,5.333333333333333,0,1.3333333333333333,0.6666666666666666,0,6
20210908210603,3,1,1,36,1,100,2,4,1,1,1,1,1,1,1,3,2,2,2,8,1,15,0,15,0,0,15,0,0,0,0,0,0,0,0,0,0,0,0,0,0,0,0,0,60,60,0,0,0,0,0,0,0,0,0,0,0,0,240,0,0,0,0,240,240,0,0,0,0,60,0,435,0,30,0,405,0,0,0,0,0,0,0,0,0,0,0,0,0,0,0,0,0,0,0,0,0,0,0,0,690,0,0,0,690,0,3,1.3333333333333333,3.6666666666666665,2.3333333333333335,0,3
20210908210621,5,1,3,36,2,100,1,2,1,1,1,1,1,1,1,1,2,1,1,6,1,60,0,60,0,0,60,0,0,0,0,0,0,0,0,0,0,0,0,0,0,0,0,0,50,50,0,280,0,280,0,0,0,0,0,0,0,0,150,0,0,0,0,150,150,0,0,0,0,150,0,800,0,0,0,800,0,100,0,60,0,0,0,0,0,0,0,40,0,0,0,0,0,0,0,0,0,0,0,0,0,0,0,0,0,0,5,0,1.6666666666666667,1,1.6666666666666667,6
20210908210637,2,1,1,52,1,100,6,1,1,1,1,1,1,1,1,1,2,2,2,8,1,0,0,0,0,0,0,0,0,0,0,0,0,0,0,0,0,0,0,0,0,0,0,0,15,15,0,30,0,30,0,0,0,0,0,0,0,0,255,0,0,0,30,225,225,0,0,30,0,15,0,495,0,30,0,465,0,0,0,0,0,0,0,0,0,0,0,0,0,0,0,0,0,0,0,0,0,0,0,0,645,0,0,0,645,0,4,1.6666666666666667,3.3333333333333335,1,0.3333333333333333,5.333333333333333
20210908210639,7,1,5,37,2,100,1,1,1,1,1,1,1,1,1,3,2,2,2,8,1,345,0,283,134,30,119,62,0,0,0,0,0,0,0,0,0,0,0,0,0,0,0,0,75,75,0,183,0,93,0,90,0,0,0,0,0,0,118,0,0,0,0,103,118,15,15,0,0,103,0,551,0,11,0,540,0,168,0,0,0,0,120,0,0,0,120,48,0,0,0,0,0,0,0,0,0,0,0,0,0,0,0,0,0,0,5,0,2.5,0,0,3
20210908210654,3,1,1,37,1,100,1,2,1,1,1,1,1,1,1,2,2,2,2,4,1,140,0,140,0,0,140,0,0,0,0,0,0,0,0,0,0,0,0,0,0,0,0,0,5,5,0,15,0,15,0,0,0,0,0,0,0,0,580,310,0,0,0,260,570,0,0,0,10,50,0,550,0,40,0,510,0,0,0,0,0,0,0,0,0,0,0,0,0,0,0,0,0,0,0,0,0,0,0,0,150,0,0,0,150,0,3.3333333333333335,1.3333333333333333,1.6666666666666667,2.3333333333333335,0.3333333333333333,3
20210908210670,4,1,2,32,2,100,1,1,1,1,1,1,1,1,1,3,2,2,2,5,1,413,0,393,0,0,393,20,0,0,0,0,0,0,45,0,0,0,45,0,80,0,80,0,35,35,0,91,0,60,0,10,0,0,21,0,0,0,181,0,0,0,40,141,141,0,0,40,0,111,0,595,0,30,0,565,0,0,0,0,0,0,0,0,0,0,0,0,0,0,0,0,0,0,0,0,0,0,0,0,0,0,0,0,0,0,3.3333333333333335,0.6666666666666666,4,3.6666666666666665,0,1.3333333333333333
20210908210695,3,1,1,36,2,100,1,1,1,1,1,1,1,1,1,2,2,2,2,8,1,150,0,127,0,0,127,23,65,5,0,5,0,60,0,0,0,0,0,0,60,0,60,0,80,80,0,120,0,15,30,0,0,0,30,0,45,0,447,197,0,0,0,150,437,90,90,0,10,120,0,460,0,20,0,410,30,58,0,17,0,0,0,0,0,0,0,41,0,0,0,0,0,0,0,0,0,0,0,0,0,0,0,0,0,0,5.666666666666667,0.6666666666666666,1.6666666666666667,0.3333333333333333,0,4.666666666666667
20210908210700,4,1,2,38,1,100,1,3,1,1,1,1,1,1,1,2,1,1,2,6,1,30,0,30,0,0,30,0,0,0,0,0,0,0,0,0,0,0,0,0,0,0,0,0,90,90,0,60,0,60,0,0,0,0,0,0,0,0,165,0,30,0,0,135,165,30,0,0,0,135,0,491,0,60,0,431,0,94,0,20,0,0,60,0,0,0,60,14,0,0,0,0,0,0,0,0,0,0,0,0,510,0,0,0,510,0,3,1.3333333333333333,2.6666666666666665,4,2.3333333333333335,5.333333333333333
20210908210710,3,1,1,31,1,100,1,4,2,1,1,1,1,1,2,2,2,1,2,6,1,105,0,105,0,0,105,0,0,0,0,0,0,0,0,0,0,0,0,0,0,0,0,0,30,30,0,45,0,0,0,45,0,0,0,0,0,0,375,0,0,0,0,375,375,0,0,0,0,345,0,720,0,0,0,720,0,15,0,15,0,0,0,0,0,0,0,0,0,150,150,0,0,0,0,0,0,0,150,150,0,0,0,0,0,0,5,1.3333333333333333,2.6666666666666665,1.3333333333333333,3.3333333333333335,5.333333333333333
20210908210722,4,1,2,35,2,100,1,2,1,1,1,1,1,1,1,2,2,2,2,10,1,510,0,430,0,0,430,80,0,0,0,0,0,0,0,0,0,0,0,0,0,0,0,0,115,85,15,70,0,0,55,0,0,0,0,0,15,0,105,0,0,0,0,105,105,0,0,0,0,60,0,585,0,90,0,495,0,55,0,40,0,20,0,0,0,0,0,15,0,0,0,0,0,0,0,0,0,0,0,0,0,0,0,0,0,0,4.333333333333333,0,3.6666666666666665,0.6666666666666666,0,4.333333333333333
20210908210738,3,1,1,34,1,100,1,2,1,1,1,1,1,1,1,2,1,2,2,7,1,0,0,0,0,0,0,0,0,0,0,0,0,0,0,0,0,0,0,0,0,0,0,0,105,105,0,160,0,30,10,0,0,120,0,0,0,0,325,0,0,0,90,235,235,0,0,90,0,0,0,585,0,45,0,540,0,265,0,125,0,60,0,0,0,0,0,140,0,0,0,0,0,0,0,0,0,0,0,0,0,0,0,0,0,0,4.333333333333333,2,3,2,1.6666666666666667,4
20210908210753,6,1,4,44,2,100,1,2,1,1,1,1,1,1,1,3,2,1,2,8,1,0,0,0,0,0,0,0,0,0,0,0,0,0,0,0,0,0,0,0,0,0,0,0,60,60,0,425,0,100,0,235,0,0,60,0,30,0,300,0,0,0,0,240,300,60,60,0,0,100,0,655,0,15,0,640,0,0,0,0,0,0,0,0,0,0,0,0,0,0,0,0,0,0,0,0,0,0,0,0,0,0,0,0,0,0,5.666666666666667,0.3333333333333333,3.6666666666666665,3,0,6
20210908210757,4,1,2,41,1,100,1,1,1,1,1,1,1,1,1,3,2,2,2,7,1,60,0,60,15,0,45,0,0,0,0,0,0,0,0,0,0,0,0,0,0,0,0,0,30,30,0,30,0,30,0,0,0,0,0,0,0,0,350,0,0,0,120,180,180,0,0,120,50,180,45,385,0,10,0,375,0,0,0,0,0,0,0,0,0,0,0,0,0,0,0,0,0,0,0,0,0,0,0,0,540,0,0,0,540,0,3.6666666666666665,0,1.3333333333333333,0.3333333333333333,0.3333333333333333,4.333333333333333
20210908210759,7,1,3,46,1,110,1,2,1,1,1,1,1,1,1,4,2,2,2,4,1,0,0,0,0,0,0,0,0,0,0,0,0,0,0,0,0,0,0,0,0,0,0,0,30,30,0,0,0,0,0,0,0,0,0,0,0,0,60,0,0,0,0,60,60,0,0,0,0,60,0,320,0,90,0,230,0,25,0,10,0,10,0,0,0,0,0,15,0,0,0,0,0,0,0,0,0,0,0,0,1005,0,0,135,870,0,4.666666666666667,0,5,3.3333333333333335,4,5.666666666666667
20210908210762,4,1,2,36,1,100,1,3,1,1,1,1,1,1,1,2,1,2,1,7,1,120,0,120,0,0,120,0,0,0,0,0,0,0,0,0,0,0,0,0,0,0,0,0,70,70,0,5,0,5,0,0,0,0,0,0,0,0,270,0,0,0,30,240,240,0,0,30,0,90,0,480,0,0,0,480,0,0,0,0,0,0,0,0,0,0,0,0,0,0,0,0,0,0,0,0,0,0,0,0,495,0,0,0,495,0,5,0,1.6666666666666667,1.6666666666666667,0,4.333333333333333
20210908210779,4,1,1,38,1,100,1,3,1,1,1,1,1,1,1,1,1,1,2,8,1,0,0,0,0,0,0,0,0,0,0,0,0,0,0,0,0,0,0,0,0,0,0,0,170,165,5,60,0,0,60,0,0,0,0,0,0,0,265,0,0,0,0,240,240,0,0,0,25,0,0,645,0,30,0,615,0,300,0,270,0,0,0,0,0,0,0,30,0,0,0,0,0,0,0,0,0,0,0,0,0,0,0,0,0,0,6,0,0,0,0,4.666666666666667
20210908210847,4,1,2,30,2,100,1,3,1,1,1,1,1,1,1,2,2,2,1,10,1,280,0,280,0,0,280,0,0,0,0,0,0,0,0,0,0,0,0,0,0,0,0,0,110,110,0,227,0,97,0,130,0,0,0,0,0,0,143,0,0,0,0,20,143,123,123,0,0,0,0,630,0,30,0,600,0,50,0,30,0,30,0,0,0,0,0,20,0,0,0,0,0,0,0,0,0,0,0,0,0,0,0,0,0,0,5.333333333333333,0,2.3333333333333335,1.3333333333333333,0,2.6666666666666665
20210908210856,4,1,2,37,1,100,1,4,1,1,1,1,1,1,1,3,1,2,2,6,1,6,0,6,0,0,6,0,0,0,0,0,0,0,0,0,0,0,0,0,0,0,0,0,10,10,0,210,20,10,0,60,0,0,0,120,0,0,80,0,0,0,0,80,80,0,0,0,0,0,0,604,0,60,0,544,0,0,0,0,0,0,0,0,0,0,0,0,0,0,0,0,0,0,0,0,0,0,0,0,530,0,0,40,490,0,1.6666666666666667,0.3333333333333333,1,2.6666666666666665,1.3333333333333333,4.666666666666667
20210908210859,5,1,2,39,2,100,1,3,1,1,1,1,1,1,1,3,2,2,2,7,1,5,0,5,0,0,5,0,0,0,0,0,0,0,0,0,0,0,0,0,0,0,0,0,48,45,3,30,0,0,10,20,0,0,0,0,0,0,504,0,0,0,0,352,501,149,149,0,3,352,0,705,0,60,0,645,0,148,0,125,0,90,0,0,0,0,0,23,0,0,0,0,0,0,0,0,0,0,0,0,0,0,0,0,0,0,5,0,2,0.6666666666666666,0,5
20210908210861,5,1,2,65,2,100,1,2,1,1,1,1,1,1,1,2,1,2,2,6,1,0,0,0,0,0,0,0,0,0,0,0,0,0,0,0,0,0,0,0,0,0,0,0,90,90,0,60,0,60,0,0,0,0,0,0,0,0,690,0,0,0,0,690,690,0,0,0,0,630,0,600,0,0,0,600,0,0,0,0,0,0,0,0,0,0,0,0,0,0,0,0,0,0,0,0,0,0,0,0,0,0,0,0,0,0,3.3333333333333335,0,2.6666666666666665,1.6666666666666667,0,3.3333333333333335
20210908210868,5,1,2,80,2,100,4,2,1,1,1,1,1,1,1,2,1,1,2,5,1,0,0,0,0,0,0,0,0,0,0,0,0,0,0,0,0,0,0,0,0,0,0,0,90,90,0,195,0,30,45,120,0,0,0,0,0,0,465,0,0,0,0,465,465,0,0,0,0,0,0,690,0,0,0,690,0,0,0,0,0,0,0,0,0,0,0,0,0,0,0,0,0,0,0,0,0,0,0,0,0,0,0,0,0,0,4.666666666666667,1.3333333333333333,2.6666666666666665,0,1,3.3333333333333335
20210908210893,6,1,5,35,2,100,6,1,1,1,1,1,1,1,1,1,2,2,2,10,1,0,0,0,0,0,0,0,0,0,0,0,0,0,0,0,0,0,0,0,0,0,0,0,30,30,0,145,0,60,0,70,0,15,0,0,0,0,165,0,0,0,0,165,165,0,0,0,0,120,0,620,0,30,0,590,0,0,0,0,0,0,0,0,0,0,0,0,0,60,0,0,0,0,0,60,0,0,0,0,420,0,0,60,360,0,6,0,0.6666666666666666,0,0,6
20210908210899,5,1,4,76,2,110,3,2,1,1,1,1,1,1,1,1,1,1,1,10,1,0,0,0,0,0,0,0,0,0,0,0,0,0,0,0,0,0,0,0,0,0,0,0,15,15,0,10,0,10,0,0,0,0,0,0,0,0,620,0,0,0,0,620,620,0,0,0,0,620,0,780,0,0,0,780,0,0,0,0,0,0,0,0,0,0,0,0,0,15,0,0,0,0,0,15,0,0,0,0,0,0,0,0,0,0,6,0,0,0,0.3333333333333333,4
20210908210903,4,1,2,44,1,131,1,1,1,1,1,1,1,1,1,2,2,2,2,8,1,510,0,510,0,0,510,0,0,0,0,0,0,0,0,0,0,0,0,0,0,0,0,0,10,10,0,65,0,50,0,15,0,0,0,0,0,0,60,0,0,0,0,30,60,30,30,0,0,30,90,601,0,0,0,601,0,104,0,35,0,30,0,0,0,0,0,69,0,0,0,0,0,0,0,0,0,0,0,0,0,0,0,0,0,0,4,0,2,0,0,4
20210908210905,2,1,1,30,2,100,6,3,1,1,1,1,1,1,1,3,2,1,1,6,1,135,0,135,0,0,135,0,0,0,0,0,0,0,0,0,0,0,0,0,0,0,0,0,30,30,0,30,0,0,0,0,0,0,0,0,20,10,405,0,0,0,210,0,75,75,75,210,120,0,0,840,0,120,0,720,0,0,0,0,0,0,0,0,0,0,0,0,0,0,0,0,0,0,0,0,0,0,0,0,0,0,0,0,0,0,4.666666666666667,0,5.333333333333333,2.6666666666666665,0,6
20210908210915,6,1,2,78,2,100,1,3,2,1,1,1,1,2,1,2,1,2,2,7,1,0,0,0,0,0,0,0,0,0,0,0,0,0,0,0,0,0,0,0,0,0,0,0,15,15,0,225,0,165,0,60,0,0,0,0,0,0,515,0,0,0,0,515,515,0,0,0,0,360,0,585,0,0,0,585,0,40,0,10,0,0,0,5,0,0,0,25,5,60,0,0,60,0,0,0,0,0,60,0,0,0,0,0,0,0,5.333333333333333,0,2.6666666666666665,3.3333333333333335,3.3333333333333335,4.333333333333333
20210908210934,4,1,2,35,1,100,1,2,1,1,1,1,1,1,1,2,2,2,1,7,1,60,0,60,0,0,60,0,0,0,0,0,0,0,15,15,15,0,0,0,0,0,0,0,50,50,0,20,0,15,0,5,0,0,0,0,0,0,265,0,40,0,0,150,245,95,55,0,20,150,0,510,0,20,0,490,0,0,0,0,0,0,0,0,0,0,0,0,0,0,0,0,0,0,0,0,0,0,0,0,520,0,0,40,480,0,5,0,1.3333333333333333,0,0.3333333333333333,0.6666666666666666
20210908210935,8,1,4,56,1,100,1,2,2,1,1,1,1,2,1,1,1,2,1,10,1,92,2,0,0,0,0,90,0,0,0,0,0,0,0,0,0,0,0,0,0,0,0,0,153,150,3,150,0,60,0,0,0,90,0,0,0,0,0,0,0,0,0,0,0,0,0,0,0,0,0,862,0,5,0,857,0,183,0,105,0,60,0,0,0,0,0,78,0,0,0,0,0,0,0,0,0,0,0,0,0,0,0,0,0,0,5.666666666666667,0,1,0,0,6
20210908210939,4,1,2,34,2,100,1,2,1,1,1,1,1,1,1,2,2,1,1,7,1,400,0,370,0,0,370,30,0,0,0,0,0,0,0,0,0,0,0,0,0,0,0,0,130,120,10,0,0,0,0,0,0,0,0,0,0,0,245,0,0,0,0,240,240,0,0,0,5,0,0,495,0,0,0,495,0,20,0,10,0,0,0,0,0,0,0,10,0,90,0,0,0,0,0,60,0,30,0,0,60,0,0,30,30,0,5,0,3.6666666666666665,2,0,5
20210908210970,4,1,2,48,2,100,1,2,1,1,1,1,1,1,1,1,2,2,2,8,1,240,0,240,240,0,0,0,0,0,0,0,0,0,0,0,0,0,0,0,0,0,0,0,110,105,5,195,0,50,0,145,0,0,0,0,0,0,110,0,0,0,0,110,110,0,0,0,0,80,0,660,0,60,0,600,0,125,0,75,0,0,0,0,0,0,0,50,0,0,0,0,0,0,0,0,0,0,0,0,0,0,0,0,0,0,4.333333333333333,0,0.6666666666666666,0.3333333333333333,0,3.6666666666666665
20210908210976,4,1,2,33,1,110,1,2,1,1,1,1,1,1,1,1,2,2,2,8,1,75,0,75,0,0,75,0,0,0,0,0,0,0,0,0,0,0,0,0,0,0,0,0,30,30,0,75,0,60,0,15,0,0,0,0,0,0,540,0,0,0,0,540,540,0,0,0,0,540,0,720,0,45,0,675,0,0,0,0,0,0,0,0,0,0,0,0,0,0,0,0,0,0,0,0,0,0,0,0,0,0,0,0,0,0,5.666666666666667,0,0,0,0,6
20210908210985,4,1,2,35,2,100,1,2,1,1,1,1,1,1,1,1,2,2,3,7,1,110,75,35,0,20,15,0,0,0,0,0,0,0,0,0,0,0,0,0,0,0,0,0,110,100,10,55,0,0,0,40,0,0,15,0,0,0,0,0,0,0,0,0,0,0,0,0,0,0,0,668,0,70,0,598,0,232,0,150,0,30,0,0,0,0,0,82,0,265,0,0,0,0,0,135,90,40,90,90,0,0,0,0,0,0,3.3333333333333335,1.3333333333333333,2.6666666666666665,4.333333333333333,0,3.3333333333333335
20210908210988,5,1,2,50,1,100,6,3,1,1,1,1,1,1,1,2,1,1,2,5,1,0,0,0,0,0,0,0,0,0,0,0,0,0,0,0,0,0,0,0,0,0,0,0,30,30,0,255,0,0,0,0,0,0,0,0,0,255,180,0,0,0,0,180,180,0,0,0,0,180,0,600,0,47,0,553,0,195,0,5,0,0,90,0,0,0,90,100,0,0,0,0,0,0,0,0,0,0,0,0,180,0,0,60,120,0,4.333333333333333,0,2,2,2.6666666666666665,1
20210908211032,3,1,1,25,2,100,6,3,1,1,1,1,1,1,1,3,1,1,2,9,1,22,0,2,0,0,2,20,35,0,0,0,5,30,0,0,0,0,0,0,0,0,0,0,50,50,0,0,0,0,0,0,0,0,0,0,0,0,483,0,0,0,0,180,413,233,233,0,70,165,0,585,0,45,0,540,0,265,0,140,0,60,0,0,0,0,0,125,0,0,0,0,0,0,0,0,0,0,0,0,0,0,0,0,0,0,3.6666666666666665,0,2,0.3333333333333333,2,3.6666666666666665
20210908211062,6,1,3,49,1,100,1,3,1,1,1,1,1,1,1,2,1,2,1,6,1,80,0,80,0,0,80,0,0,0,0,0,0,0,45,0,0,0,45,0,0,0,0,0,65,65,0,0,0,0,0,0,0,0,0,0,0,0,325,0,0,0,0,295,325,30,30,0,0,164,0,555,0,65,0,490,0,0,0,0,0,0,0,0,0,0,0,0,0,160,0,0,0,0,0,140,0,20,0,0,210,0,0,0,210,0,5,0,2.3333333333333335,0.3333333333333333,0,5
20210908211066,4,1,1,63,1,100,1,3,1,1,1,1,1,1,1,4,1,2,3,8,1,0,0,0,0,0,0,0,0,0,0,0,0,0,0,0,0,0,0,0,0,0,0,0,210,210,0,510,360,0,0,0,0,0,0,0,150,0,180,0,0,0,0,180,180,0,0,0,0,180,0,540,0,0,0,540,0,0,0,0,0,0,0,0,0,0,0,0,0,0,0,0,0,0,0,0,0,0,0,0,0,0,0,0,0,0,1.3333333333333333,3.6666666666666665,4,4.666666666666667,5,3.3333333333333335
20210908211075,4,1,2,43,2,100,1,2,1,1,1,1,1,1,1,1,2,2,2,9,1,150,0,135,0,30,105,15,0,0,0,0,0,0,0,0,0,0,0,0,0,0,0,0,30,30,0,275,0,85,0,190,0,0,0,0,0,0,240,0,0,0,0,240,240,0,0,0,0,0,0,565,0,70,0,495,0,180,0,90,0,0,0,0,0,0,0,90,0,0,0,0,0,0,0,0,0,0,0,0,0,0,0,0,0,0,5,0,0,0,0,4.666666666666667
20210908211079,6,1,4,36,2,100,1,3,1,1,1,1,1,1,1,3,1,1,1,6,1,115,0,115,0,0,115,0,67,12,0,12,0,55,25,0,0,0,25,0,0,0,0,0,70,60,10,127,0,45,2,80,0,0,0,0,0,0,212,0,0,0,0,22,172,150,150,0,40,22,0,533,0,25,0,508,0,50,0,20,0,20,0,0,0,0,0,30,0,0,0,0,0,0,0,0,0,0,0,0,241,0,0,10,231,0,5,0,3,2,1,5.333333333333333
20210908211081,3,1,1,38,2,100,1,2,1,1,1,1,1,1,1,2,2,2,3,8,1,72,0,72,30,0,42,0,0,0,0,0,0,0,0,0,0,0,0,0,0,0,0,0,15,15,0,73,0,58,0,15,0,0,0,0,0,0,170,0,0,0,0,30,170,140,140,0,0,0,0,480,0,30,0,450,0,0,0,0,0,0,0,0,0,0,0,0,0,0,0,0,0,0,0,0,0,0,0,0,630,0,0,60,570,0,4.333333333333333,4,4.333333333333333,4,0,5.333333333333333
20210908211082,4,1,2,46,2,100,1,2,1,1,1,1,1,1,1,2,2,1,2,5,1,0,0,0,0,0,0,0,0,0,0,0,0,0,2,0,0,0,2,0,0,0,0,0,50,35,0,40,0,40,0,0,0,0,0,0,0,0,728,0,0,0,0,478,728,250,250,0,0,375,0,600,0,30,0,570,0,5,0,5,0,0,0,0,0,0,0,0,0,15,15,0,0,0,0,0,0,0,15,15,0,0,0,0,0,0,3.3333333333333335,1.6666666666666667,1.6666666666666667,2,2,3.3333333333333335
20210908211106,4,1,2,42,1,100,1,2,1,1,1,1,1,1,1,2,2,2,2,8,1,50,0,50,0,0,50,0,0,0,0,0,0,0,0,0,0,0,0,0,0,0,0,0,45,45,0,300,0,120,0,180,0,0,0,0,0,0,285,0,0,0,0,90,270,180,180,0,15,0,0,715,0,0,0,715,0,45,0,15,0,15,0,0,0,0,0,30,0,0,0,0,0,0,0,0,0,0,0,0,0,0,0,0,0,0,5,0.3333333333333333,2.6666666666666665,1,0,3.3333333333333335
20210908211113,7,1,4,44,2,100,1,3,1,1,1,1,1,1,1,2,2,2,1,7,1,250,0,135,0,0,135,115,0,0,0,0,0,0,0,0,0,0,0,0,0,0,0,0,195,120,75,50,0,50,0,0,0,0,0,0,0,0,240,0,0,150,0,60,60,0,0,150,30,0,0,580,0,0,0,580,0,125,0,120,0,0,0,0,0,0,0,5,0,0,0,0,0,0,0,0,0,0,0,0,0,0,0,0,0,0,3.6666666666666665,0.3333333333333333,3.3333333333333335,3.3333333333333335,0,3.3333333333333335
20210908211119,4,1,2,29,2,200,6,2,1,1,1,1,1,1,1,4,2,2,1,10,1,140,0,130,0,0,130,10,0,0,0,0,0,0,0,0,0,0,0,0,0,0,0,0,95,95,0,70,0,70,0,0,0,0,0,0,0,0,0,0,0,0,0,0,0,0,0,0,0,0,0,555,0,60,0,495,0,0,0,0,0,0,0,0,0,0,0,0,0,0,0,0,0,0,0,0,0,0,0,0,580,0,0,30,550,0,6,0,5,0.6666666666666666,0,6
20210908211120,4,1,2,41,1,100,1,3,1,1,1,1,1,1,1,2,2,2,2,10,1,10,0,10,0,0,10,0,0,0,0,0,0,0,0,0,0,0,0,0,0,0,0,0,60,60,0,290,0,130,10,150,0,0,0,0,0,0,330,0,0,0,60,270,270,0,0,60,0,240,0,560,0,10,0,550,0,70,0,45,0,30,0,0,0,0,0,25,0,0,0,0,0,0,0,0,0,0,0,0,120,0,0,0,120,0,4,0,0,0,0,4.333333333333333
20210908211121,4,1,2,38,2,131,1,3,1,1,1,1,1,1,1,3,2,2,3,6,1,635,0,615,240,0,375,20,0,0,0,0,0,0,0,0,0,0,0,0,0,0,0,0,65,65,0,250,0,40,0,210,0,0,0,0,0,0,0,0,0,0,0,0,0,0,0,0,0,0,10,375,0,15,0,360,0,105,0,55,0,30,0,0,0,0,0,50,0,0,0,0,0,0,0,0,0,0,0,0,0,0,0,0,0,0,3.3333333333333335,0.6666666666666666,3.3333333333333335,2,0.6666666666666666,0
20210908211154,3,1,1,42,2,100,4,1,1,1,1,1,1,1,1,2,2,2,1,8,1,50,0,50,0,0,50,0,0,0,0,0,0,0,0,0,0,0,0,0,0,0,0,0,100,100,0,120,0,90,15,15,0,0,0,0,0,0,490,0,0,0,270,90,180,90,90,270,40,90,0,605,0,35,0,570,0,75,0,30,0,0,0,0,0,0,0,45,0,0,0,0,0,0,0,0,0,0,0,0,0,0,0,0,0,0,5.666666666666667,0,0,0,0,5.666666666666667
20210908211189,6,1,4,31,1,100,1,2,1,1,1,1,1,1,1,1,2,1,2,10,1,30,0,30,0,0,30,0,0,0,0,0,0,0,0,0,0,0,0,0,30,0,30,0,45,45,0,60,0,60,0,0,0,0,0,0,0,0,100,0,0,0,0,100,100,0,0,0,0,100,0,450,0,0,0,450,0,0,0,0,0,0,0,0,0,0,0,0,0,0,0,0,0,0,0,0,0,0,0,0,725,0,0,5,720,0,5.333333333333333,0,3.6666666666666665,0,0,6
20210908211213,4,1,2,32,2,100,1,2,1,1,1,1,1,1,1,3,2,2,1,8,1,30,0,30,0,0,30,0,0,0,0,0,0,0,0,0,0,0,0,0,0,0,0,0,35,35,0,210,0,30,0,180,0,0,0,0,0,0,60,0,0,0,0,60,60,0,0,0,0,60,0,760,0,85,0,675,0,0,0,0,0,0,0,0,0,0,0,0,0,345,0,0,0,0,0,225,65,55,65,65,0,0,0,0,0,0,5.666666666666667,0,3,3,0,6
20210908211258,3,1,1,27,1,100,1,3,1,1,1,1,1,1,1,3,2,2,2,7,1,103,0,103,0,0,103,0,0,0,0,0,0,0,0,0,0,0,0,0,0,0,0,0,95,75,20,0,0,0,0,0,0,0,0,0,0,0,147,0,0,0,60,87,87,0,0,60,0,87,0,595,0,55,0,540,0,35,0,15,0,0,0,0,0,0,0,20,0,0,0,0,0,0,0,0,0,0,0,0,465,0,0,30,435,0,4.333333333333333,0,3.6666666666666665,2,0,4.333333333333333
20210908211266,5,1,1,62,2,131,1,3,1,1,1,1,1,1,1,1,1,2,1,10,1,40,30,0,0,0,0,10,0,0,0,0,0,0,0,0,0,0,0,0,0,0,0,0,120,120,0,310,90,140,0,0,0,20,0,0,0,60,210,0,0,0,60,30,150,120,120,60,0,30,0,643,0,25,0,618,0,52,0,25,0,25,0,0,0,0,0,27,0,65,0,0,0,0,0,50,0,15,0,0,0,0,0,0,0,0,1.6666666666666667,0.3333333333333333,3.6666666666666665,0.6666666666666666,2.6666666666666665,6
20210908211271,3,1,1,29,2,110,6,2,1,1,1,1,1,1,1,1,2,2,2,8,1,47,0,47,45,0,2,0,0,0,0,0,0,0,0,0,0,0,0,0,0,0,0,0,55,55,0,252,0,192,0,60,0,0,0,0,0,0,285,0,0,0,0,285,285,0,0,0,0,285,130,668,0,32,0,636,0,3,0,3,0,0,0,0,0,0,0,0,0,0,0,0,0,0,0,0,0,0,0,0,0,0,0,0,0,0,5,0,0.3333333333333333,0.3333333333333333,0,6
20210908211276,4,1,2,52,2,100,1,2,1,1,1,1,1,1,1,2,2,2,1,7,1,204,0,129,0,0,129,75,0,0,0,0,0,0,0,0,0,0,0,0,0,0,0,0,60,60,0,52,0,15,37,0,0,0,0,0,0,0,558,0,0,0,143,340,340,0,0,143,75,190,0,491,0,10,1,480,0,75,0,10,0,0,0,0,0,60,60,5,0,0,0,0,0,0,0,0,0,0,0,0,0,0,0,0,0,0,4,1,2.6666666666666665,1.3333333333333333,0,3.6666666666666665
20210908211287,3,1,1,34,2,100,1,3,1,1,1,1,1,1,1,3,2,2,1,8,1,440,0,440,0,0,440,0,0,0,0,0,0,0,0,0,0,0,0,0,0,0,0,0,0,0,0,45,0,15,0,0,0,0,30,0,0,0,60,0,0,0,60,0,0,0,0,60,0,0,0,445,0,0,0,445,0,0,0,0,0,0,0,0,0,0,0,0,0,0,0,0,0,0,0,0,0,0,0,0,450,0,0,0,450,0,5.666666666666667,0,3.6666666666666665,0,0,6
20210908211290,4,1,2,36,2,100,1,1,1,1,1,1,1,1,1,1,1,2,2,7,1,160,0,160,80,0,80,0,0,0,0,0,0,0,30,0,0,0,30,0,0,0,0,0,40,40,0,115,0,70,0,0,0,0,45,0,0,0,235,0,0,0,0,185,235,50,50,0,0,0,0,440,0,20,0,420,0,0,0,0,0,0,0,0,0,0,0,0,0,0,0,0,0,0,0,0,0,0,0,0,420,0,0,0,420,0,3.3333333333333335,0.3333333333333333,3,1.3333333333333333,0,3.6666666666666665
20210908211291,5,1,2,47,1,100,1,1,1,1,1,1,1,1,1,1,2,2,2,10,1,0,0,0,0,0,0,0,0,0,0,0,0,0,0,0,0,0,0,0,0,0,0,0,0,0,0,0,0,0,0,0,0,0,0,0,0,0,0,0,0,0,0,0,0,0,0,0,0,0,525,0,0,0,0,0,0,915,0,100,0,0,0,0,0,0,0,815,0,0,0,0,0,0,0,0,0,0,0,0,0,0,0,0,0,0,4,0,3,0,0,6
20210908211297,5,1,3,39,1,100,1,2,1,1,1,1,1,1,1,2,2,2,1,5,1,570,0,570,0,0,570,0,0,0,0,0,0,0,0,0,0,0,0,0,0,0,0,0,90,90,0,90,0,90,0,0,0,0,0,0,0,0,150,0,0,0,0,150,150,0,0,0,0,120,0,540,0,0,0,540,0,0,0,0,0,0,0,0,0,0,0,0,0,0,0,0,0,0,0,0,0,0,0,0,0,0,0,0,0,0,4.333333333333333,0,2,1,1,4.333333333333333
20210908211299,4,1,1,54,2,100,1,3,1,1,1,1,1,1,1,2,2,2,1,10,1,330,0,146,0,0,146,184,0,0,0,0,0,0,30,0,0,0,30,0,0,0,0,0,15,15,0,15,0,15,0,0,0,0,0,0,0,0,100,0,0,0,90,10,10,0,0,90,0,0,0,425,0,20,0,405,0,75,0,10,0,10,15,0,0,0,15,50,0,0,0,0,0,0,0,0,0,0,0,0,450,0,0,0,450,0,5.333333333333333,0,2,0.6666666666666666,0,5.333333333333333
20210908211300,4,1,2,36,1,100,1,2,1,1,1,1,1,1,1,3,2,2,1,8,1,142,0,136,0,0,136,6,0,0,0,0,0,0,0,0,0,0,0,0,0,0,0,0,30,30,0,180,0,180,0,0,0,0,0,0,0,0,59,0,0,0,0,59,59,0,0,0,0,59,2,480,0,30,0,450,0,0,0,0,0,0,0,0,0,0,0,0,0,0,0,0,0,0,0,0,0,0,0,0,547,0,0,0,547,0,5,0,3.3333333333333335,1.6666666666666667,0,4.666666666666667
20210908211302,4,1,1,28,1,131,6,2,1,1,1,1,1,1,1,1,2,2,2,8,1,54,0,4,0,0,4,50,0,0,0,0,0,0,0,0,0,0,0,0,0,0,0,0,110,90,20,10,0,0,0,10,0,0,0,0,0,0,348,0,0,0,0,348,348,0,0,0,0,348,0,728,0,38,0,690,0,190,0,120,0,30,0,0,0,0,0,70,0,0,0,0,0,0,0,0,0,0,0,0,0,0,0,0,0,0,3.6666666666666665,1,2,0,0,2.3333333333333335
20210908211306,4,1,2,37,1,100,1,2,1,1,1,1,1,1,1,1,2,2,1,6,1,265,0,265,0,0,265,0,0,0,0,0,0,0,0,0,0,0,0,0,0,0,0,0,65,65,0,30,0,30,0,0,0,0,0,0,0,0,500,105,0,150,0,65,170,0,0,150,180,60,0,480,0,10,0,470,0,100,0,60,0,0,0,0,0,0,0,40,0,0,0,0,0,0,0,0,0,0,0,0,0,0,0,0,0,0,5.333333333333333,0,1.3333333333333333,0,0,4
20210908211312,3,1,1,34,2,110,6,2,1,1,1,1,1,1,1,1,2,2,2,10,1,90,0,90,0,0,90,0,0,0,0,0,0,0,0,0,0,0,0,0,0,0,0,0,90,90,0,240,0,90,0,150,0,0,0,0,0,0,150,0,0,0,0,150,150,0,0,0,0,150,0,750,0,120,0,630,0,120,0,90,0,90,0,0,0,0,0,30,0,0,0,0,0,0,0,0,0,0,0,0,0,0,0,0,0,0,6,0,3,0.3333333333333333,0.3333333333333333,5.666666666666667
20210908211320,3,1,1,38,1,100,1,3,1,1,1,1,1,1,1,3,2,2,3,9,1,218,0,218,0,0,218,0,0,0,0,0,0,0,0,0,0,0,0,0,0,0,0,0,125,105,20,127,0,120,0,0,0,0,7,0,0,0,279,0,0,0,0,279,279,0,0,0,0,279,0,465,0,15,0,450,0,226,0,170,0,0,0,0,0,0,0,56,0,0,0,0,0,0,0,0,0,0,0,0,0,0,0,0,0,0,3,0,2,2,0,3
20210908211329,4,1,2,36,2,100,1,2,1,1,1,1,1,1,1,2,2,1,2,7,1,418,0,418,133,0,285,0,0,0,0,0,0,0,0,0,0,0,0,0,0,0,0,0,167,150,17,140,0,110,0,30,0,0,0,0,0,0,215,0,0,0,0,140,200,60,60,0,15,120,60,440,0,10,0,430,0,0,0,0,0,0,0,0,0,0,0,0,0,0,0,0,0,0,0,0,0,0,0,0,0,0,0,0,0,0,3.3333333333333335,0,3,2.6666666666666665,0.6666666666666666,6
20210908211352,3,1,1,26,2,100,1,2,1,1,1,1,1,1,1,2,2,2,2,7,1,115,0,115,0,0,115,0,0,0,0,0,0,0,0,0,0,0,0,0,0,0,0,0,30,30,0,360,0,75,0,255,0,0,30,0,0,0,120,0,0,0,0,120,120,0,0,0,0,120,0,635,0,0,0,635,0,180,0,90,0,0,0,0,0,0,0,90,0,0,0,0,0,0,0,0,0,0,0,0,0,0,0,0,0,0,4.666666666666667,0,3,2,0,5
20210908211364,3,1,2,41,1,100,6,2,1,1,1,1,1,1,1,1,2,2,1,7,1,0,0,0,0,0,0,0,0,0,0,0,0,0,0,0,0,0,0,0,0,0,0,0,60,55,5,180,0,180,0,0,0,0,0,0,0,0,660,600,0,0,0,60,660,0,0,0,0,0,0,540,0,0,0,535,5,0,0,0,0,0,0,0,0,0,0,0,0,0,0,0,0,0,0,0,0,0,0,0,0,0,0,0,0,0,4.333333333333333,0,0,0,0,3
20210908211390,4,1,2,33,1,100,1,2,1,1,1,1,1,1,1,4,2,1,1,8,1,390,0,255,0,0,255,135,0,0,0,0,0,0,0,0,0,0,0,0,0,0,0,0,45,45,0,270,0,45,0,210,0,0,15,0,0,0,150,0,0,0,60,90,90,0,0,60,0,60,0,525,0,60,0,465,0,60,0,5,0,0,0,0,0,0,0,55,0,0,0,0,0,0,0,0,0,0,0,0,0,0,0,0,0,0,4.666666666666667,0,4,0.3333333333333333,2.3333333333333335,3.3333333333333335
20210908211396,3,1,1,44,1,110,6,4,1,1,1,1,1,1,1,2,2,2,2,2,1,0,0,0,0,0,0,0,0,0,0,0,0,0,0,0,0,0,0,0,0,0,0,0,0,0,0,0,0,0,0,0,0,0,0,0,0,0,180,0,0,0,0,120,180,60,60,0,0,120,0,985,0,0,0,985,0,30,0,20,0,0,0,0,0,0,0,10,0,0,0,0,0,0,0,0,0,0,0,0,245,0,0,35,210,0,3.3333333333333335,5,6,5.666666666666667,5.333333333333333,4.666666666666667
20210908211412,4,1,2,40,1,100,1,1,1,1,1,1,1,1,1,1,2,2,2,9,1,30,0,30,0,0,30,0,0,0,0,0,0,0,0,0,0,0,0,0,0,0,0,0,120,120,0,35,0,35,0,0,0,0,0,0,0,0,235,0,0,0,0,175,235,60,60,0,0,50,0,480,0,20,0,460,0,0,0,0,0,0,0,0,0,0,0,0,0,0,0,0,0,0,0,0,0,0,0,0,540,0,0,30,510,0,5,0,0,0,0,3.6666666666666665
20210908211429,4,1,2,44,1,100,1,2,1,1,1,1,1,1,1,2,1,2,3,5,1,1,0,1,0,0,1,0,0,0,0,0,0,0,0,0,0,0,0,0,0,0,0,0,60,60,0,419,15,30,95,45,0,0,75,0,154,5,208,0,0,0,18,190,190,0,0,18,0,60,60,594,0,50,0,544,0,31,0,11,0,0,0,0,0,0,0,20,0,0,0,0,0,0,0,0,0,0,0,0,67,0,0,0,7,0,4,2.6666666666666665,2,1.6666666666666667,2.3333333333333335,4
20210908211445,5,1,3,35,1,100,1,1,1,1,1,1,1,1,1,1,2,2,2,8,1,60,0,60,0,0,60,0,0,0,0,0,0,0,0,0,0,0,0,0,0,0,0,0,30,30,0,120,0,15,60,0,0,0,25,0,20,0,440,0,0,0,135,120,270,150,150,135,35,120,0,519,0,39,0,480,0,65,0,20,0,0,0,0,0,0,0,45,0,0,0,0,0,0,0,0,0,0,0,0,206,0,0,80,126,0,4.666666666666667,0.3333333333333333,1.3333333333333333,0.3333333333333333,0,5
20210908211458,5,1,3,36,2,120,1,1,1,1,1,1,1,1,1,2,2,2,2,6,1,0,0,0,0,0,0,0,0,0,0,0,0,0,0,0,0,0,0,0,0,0,0,0,100,90,10,90,0,0,0,90,0,0,0,0,0,0,326,0,0,0,0,326,326,0,0,0,0,326,0,720,0,90,0,630,0,204,0,170,0,90,0,0,0,0,0,34,0,0,0,0,0,0,0,0,0,0,0,0,0,0,0,0,0,0,6,0,1.3333333333333333,0,0,6
20210908211464,3,1,1,35,1,100,1,2,1,1,1,1,1,1,1,2,1,2,2,7,1,0,0,0,0,0,0,0,0,0,0,0,0,0,0,0,0,0,0,0,0,0,0,0,267,225,42,0,0,0,0,0,0,0,0,0,0,0,0,0,0,0,0,0,0,0,0,0,0,0,0,615,0,25,0,590,0,0,0,0,0,0,0,0,0,0,0,0,0,0,0,0,0,0,0,0,0,0,0,0,558,0,0,47,511,0,3.6666666666666665,0,1,0.3333333333333333,0,1.6666666666666667
20210908211480,3,1,1,41,2,100,1,3,1,1,1,1,1,1,1,2,1,1,2,6,1,165,0,150,0,0,150,15,0,0,0,0,0,0,0,0,0,0,0,0,0,0,0,0,30,30,0,130,0,90,5,35,0,0,0,0,0,0,200,0,0,0,0,200,200,0,0,0,0,140,0,775,0,85,0,690,0,140,0,80,0,60,0,0,0,0,0,60,0,0,0,0,0,0,0,0,0,0,0,0,0,0,0,0,0,0,4.333333333333333,2.3333333333333335,5.333333333333333,3,3.6666666666666665,4.666666666666667
20210908211487,4,1,3,30,2,100,6,3,1,1,1,1,1,1,1,3,2,2,2,5,1,104,0,86,10,0,76,18,0,0,0,0,0,0,0,0,0,0,0,0,0,0,0,0,30,30,0,113,0,85,4,17,0,5,0,2,0,0,69,0,0,0,0,55,57,2,2,0,12,55,0,624,0,44,0,580,0,0,0,0,0,0,0,0,0,0,0,0,0,0,0,0,0,0,0,0,0,0,0,0,500,0,0,20,480,0,2.3333333333333335,0,2.6666666666666665,1.3333333333333333,0,3
20210908211501,3,1,1,35,2,131,1,3,1,1,1,1,1,1,1,2,2,2,2,7,1,224,0,199,0,0,199,25,0,0,0,0,0,0,0,0,0,0,0,0,30,0,30,0,60,60,0,270,0,220,0,50,0,0,0,0,0,0,318,0,0,0,30,288,288,0,0,30,0,128,0,432,0,2,0,430,0,106,0,90,0,60,0,0,0,0,0,16,0,0,0,0,0,0,0,0,0,0,0,0,0,0,0,0,0,0,5,1.3333333333333333,3.6666666666666665,3,1,5.333333333333333
20210908211522,6,1,3,74,1,100,1,3,1,1,1,1,1,1,1,1,1,1,1,10,1,0,0,0,0,0,0,0,120,0,0,0,60,60,0,0,0,0,0,0,0,0,0,0,160,90,70,0,0,0,0,0,0,0,0,0,0,0,210,0,0,0,0,210,210,0,0,0,0,90,0,480,0,5,0,475,0,0,0,0,0,0,0,0,0,0,0,0,0,0,0,0,0,0,0,0,0,0,0,0,470,0,0,0,470,0,6,0,4,0,0.6666666666666666,6
20210908211572,4,1,2,38,1,100,1,2,1,1,1,1,1,1,1,3,2,1,3,3,1,0,0,0,0,0,0,0,0,0,0,0,0,0,0,0,0,0,0,0,0,0,0,0,30,30,0,40,0,40,0,0,0,0,0,0,0,0,180,0,0,0,0,180,180,0,0,0,0,105,0,695,0,60,0,635,0,0,0,0,0,0,0,0,0,0,0,0,0,0,0,0,0,0,0,0,0,0,0,0,495,0,0,20,475,0,2.3333333333333335,1.3333333333333333,4.333333333333333,1,2.6666666666666665,2.6666666666666665
20210908211575,6,1,1,51,1,131,1,2,1,1,1,1,1,1,1,2,1,2,2,8,1,0,0,0,0,0,0,0,0,0,0,0,0,0,90,60,60,0,30,0,0,0,0,0,360,175,185,0,0,0,0,0,0,0,0,0,0,0,290,0,0,0,30,245,260,15,15,30,0,215,0,625,0,60,0,565,0,45,45,0,0,0,0,0,0,0,45,0,0,30,0,0,0,0,30,0,0,0,30,30,0,0,0,0,0,0,3,0,0,0.6666666666666666,0,4.666666666666667
20210908211585,5,1,1,62,2,100,1,1,1,1,1,1,1,1,1,1,2,2,1,10,1,0,0,0,0,0,0,0,0,0,0,0,0,0,0,0,0,0,0,0,0,0,0,0,95,90,5,385,0,30,140,120,0,0,0,0,95,0,400,0,0,0,0,400,400,0,0,0,0,165,0,500,0,20,0,480,0,0,0,0,0,0,0,0,0,0,0,0,0,0,0,0,0,0,0,0,0,0,0,0,60,0,0,0,60,0,6,0,1,0,0,4.333333333333333
20210908211596,3,1,1,33,2,100,6,1,1,1,1,1,1,1,1,1,2,2,2,10,1,127,0,47,0,0,47,80,0,0,0,0,0,0,0,0,0,0,0,0,0,0,0,0,90,85,5,175,0,80,15,0,0,0,0,0,80,0,415,0,0,20,0,195,285,90,90,80,50,195,0,533,0,110,0,423,0,100,0,15,0,0,75,0,0,0,75,10,0,0,0,0,0,0,0,0,0,0,0,0,0,0,0,0,0,0,4,0,1.6666666666666667,0,0,0
20210908211604,5,1,3,27,2,100,6,5,1,1,1,1,1,1,1,1,1,2,1,7,1,0,0,0,0,0,0,0,0,0,0,0,0,0,0,0,0,0,0,0,0,0,0,0,60,60,0,0,0,0,0,0,0,0,0,0,0,0,398,0,382,0,0,0,382,382,0,0,16,0,0,592,0,120,0,472,0,390,0,233,0,0,0,0,0,120,120,37,0,0,0,0,0,0,0,0,0,0,0,0,0,0,0,0,0,0,6,0,3,1,1,6
20210908211607,3,1,1,49,2,100,1,2,1,1,1,1,1,1,1,2,2,2,2,7,1,120,0,120,0,0,120,0,0,0,0,0,0,0,0,0,0,0,0,0,0,0,0,0,30,30,0,390,0,30,0,360,0,0,0,0,0,0,400,0,0,0,260,120,120,0,0,260,20,0,0,500,0,0,0,500,0,0,0,0,0,0,0,0,0,0,0,0,0,0,0,0,0,0,0,0,0,0,0,0,0,0,0,0,0,0,3.3333333333333335,0,1,0.3333333333333333,1.3333333333333333,3.3333333333333335
20210908211612,2,1,1,32,2,131,5,1,1,1,1,1,1,1,1,3,2,1,1,7,1,0,0,0,0,0,0,0,0,0,0,0,0,0,0,0,0,0,0,0,0,0,0,0,30,30,0,30,0,30,0,0,0,0,0,0,0,0,810,0,0,0,0,180,570,390,390,0,240,180,0,570,0,0,0,570,0,0,0,0,0,0,0,0,0,0,0,0,0,0,0,0,0,0,0,0,0,0,0,0,0,0,0,0,0,0,3,0.3333333333333333,4.333333333333333,0.6666666666666666,1.6666666666666667,5
20210908211620,4,1,1,41,2,131,1,1,1,1,1,1,1,1,1,1,2,2,2,1,1,9,0,1,0,0,1,8,0,0,0,0,0,0,0,0,0,0,0,0,0,0,0,0,10,10,0,70,0,10,0,60,0,0,0,0,0,0,319,0,0,0,0,319,319,0,0,0,0,319,0,542,0,2,0,540,0,0,0,0,0,0,0,0,0,0,0,0,0,0,0,0,0,0,0,0,0,0,0,0,490,0,0,10,480,0,4.666666666666667,0.3333333333333333,1.6666666666666667,1,0.3333333333333333,3
20210908211645,6,1,4,42,1,100,1,3,1,1,1,1,1,1,1,1,1,2,2,8,1,0,0,0,0,0,0,0,0,0,0,0,0,0,0,0,0,0,0,0,0,0,0,0,15,15,0,0,0,0,0,0,0,0,0,0,0,0,115,0,0,0,0,0,115,115,115,0,0,0,0,525,0,45,0,480,0,0,0,0,0,0,0,0,0,0,0,0,0,0,0,0,0,0,0,0,0,0,0,0,785,0,0,70,715,0,5,0,0.3333333333333333,0,0,5
20210908211658,5,1,3,40,1,100,1,2,1,1,1,1,1,1,1,2,2,2,2,5,1,145,0,65,0,0,65,80,0,0,0,0,0,0,0,0,0,0,0,0,0,0,0,0,100,100,0,0,0,0,0,0,0,0,0,0,0,0,30,0,0,0,0,30,30,0,0,0,0,30,0,555,0,55,0,500,0,0,0,0,0,0,0,0,0,0,0,0,0,0,0,0,0,0,0,0,0,0,0,0,610,0,0,30,580,0,5,0,2.6666666666666665,1.6666666666666667,1.3333333333333333,5.666666666666667
20210908211669,3,1,1,34,1,131,1,3,1,1,1,1,1,1,1,1,2,2,2,5,1,0,0,0,0,0,0,0,0,0,0,0,0,0,0,0,0,0,0,0,0,0,0,0,75,75,0,0,0,0,0,0,0,0,0,0,0,0,180,0,0,0,120,60,60,0,0,120,0,60,30,660,0,60,0,600,0,15,0,5,0,0,0,0,0,0,0,10,0,0,0,0,0,0,0,0,0,0,0,0,480,0,0,0,480,0,3,1,2,0.6666666666666666,0,3
20210908211681,5,1,3,29,2,100,1,1,1,1,1,1,1,1,1,1,2,2,2,10,1,65,0,65,0,0,65,0,0,0,0,0,0,0,25,25,0,25,0,0,0,0,0,0,115,115,0,520,0,510,0,0,0,0,10,0,0,0,140,0,0,0,0,110,140,30,30,0,0,0,60,515,0,20,0,495,0,0,0,0,0,0,0,0,0,0,0,0,0,0,0,0,0,0,0,0,0,0,0,0,0,0,0,0,0,0,5.333333333333333,0.3333333333333333,1.6666666666666667,1,0.6666666666666666,6
20210908211723,5,1,3,36,1,100,1,1,1,1,1,1,1,1,1,2,2,2,1,8,1,215,0,215,0,0,215,0,0,0,0,0,0,0,0,0,0,0,0,0,0,0,0,0,70,70,0,12,0,12,0,0,0,0,0,0,0,0,360,0,0,0,0,360,360,0,0,0,0,120,0,604,0,64,0,540,0,59,0,0,0,0,0,0,0,35,35,24,0,0,0,0,0,0,0,0,0,0,0,0,120,0,0,0,120,0,4.666666666666667,0,2,1,0,3
20210908211724,4,1,2,35,2,100,1,2,1,1,1,1,1,1,1,4,2,2,1,7,1,299,0,279,0,40,239,20,0,0,0,0,0,0,0,0,0,0,0,0,0,0,0,0,110,105,5,190,60,50,0,60,0,0,0,0,0,20,391,110,0,0,56,20,265,135,135,56,70,0,0,395,0,30,0,365,0,55,0,10,0,0,0,0,0,0,0,45,0,0,0,0,0,0,0,0,0,0,0,0,0,0,0,0,0,0,5,0,2,0,0,6
20210908211767,3,1,1,35,1,100,1,1,1,1,1,1,1,1,1,2,2,2,2,7,1,35,0,35,0,0,35,0,0,0,0,0,0,0,0,0,0,0,0,0,0,0,0,0,90,90,0,100,0,25,20,5,0,0,50,0,0,0,85,0,0,0,0,85,85,0,0,0,0,0,0,450,0,55,0,395,0,40,0,10,0,0,0,0,0,0,0,30,0,0,0,0,0,0,0,0,0,0,0,0,640,0,0,30,610,0,5,0,2.6666666666666665,1.3333333333333333,1.3333333333333333,5
20210908211776,4,1,3,39,1,100,4,3,1,1,1,1,1,1,1,2,2,2,2,10,1,39,0,13,0,0,13,26,0,0,0,0,0,0,0,0,0,0,0,0,0,0,0,0,10,10,0,329,0,20,6,0,210,0,65,0,6,22,25,0,0,0,0,25,25,0,0,0,0,0,88,455,25,28,0,402,0,0,0,0,0,0,0,0,0,0,0,0,0,0,0,0,0,0,0,0,0,0,0,0,494,0,0,14,480,0,4.333333333333333,0.6666666666666666,2.3333333333333335,3,1.6666666666666667,4.666666666666667
20210908211797,3,1,2,40,2,100,4,2,1,1,1,1,1,1,1,2,2,2,2,8,1,30,0,30,0,0,30,0,0,0,0,0,0,0,15,0,0,0,15,0,0,0,0,0,50,50,0,45,0,45,0,0,0,0,0,0,0,0,115,0,0,0,0,115,115,0,0,0,0,90,0,660,0,90,0,570,0,0,0,0,0,0,0,0,0,0,0,0,0,0,0,0,0,0,0,0,0,0,0,0,525,0,0,30,495,0,4,0,1,0.6666666666666666,0,6
20210908211827,4,1,2,53,1,131,1,1,1,1,1,1,1,1,1,1,2,2,1,10,1,65,0,30,0,0,30,35,0,0,0,0,0,0,0,0,0,0,0,0,0,0,0,0,105,105,0,85,0,0,15,0,0,0,70,0,0,0,130,0,0,0,45,70,85,15,15,45,0,30,0,596,0,30,0,566,0,60,0,35,0,35,0,0,0,0,0,25,0,19,0,0,0,0,0,15,0,4,0,0,380,0,0,20,360,0,6,0,4.666666666666667,0,0,6
20210908211830,4,1,3,37,2,110,4,3,1,1,1,1,1,1,1,2,1,2,2,7,1,300,0,300,0,0,300,0,0,0,0,0,0,0,0,0,0,0,0,0,0,0,0,0,45,45,0,65,0,65,0,0,0,0,0,0,0,0,225,0,0,0,0,225,225,0,0,0,0,180,0,805,0,15,0,790,0,0,0,0,0,0,0,0,0,0,0,0,0,0,0,0,0,0,0,0,0,0,0,0,0,0,0,0,0,0,4.333333333333333,0,1.3333333333333333,0.3333333333333333,0,3.6666666666666665
20210908211834,5,1,3,32,2,100,5,1,1,1,1,1,1,1,1,2,2,2,2,7,1,398,0,345,0,120,225,53,0,0,0,0,0,0,0,0,0,0,0,0,0,0,0,0,45,35,10,152,0,55,7,90,0,0,0,0,0,0,223,0,0,0,0,173,223,50,50,0,0,173,25,458,0,60,0,398,0,139,0,30,0,0,0,0,0,0,0,109,0,0,0,0,0,0,0,0,0,0,0,0,0,0,0,0,0,0,5.333333333333333,1.3333333333333333,1.6666666666666667,4,0,6
20210908211835,4,1,2,37,2,100,1,2,2,1,1,1,1,1,2,2,2,2,2,4,1,105,0,105,0,0,105,0,0,0,0,0,0,0,0,0,0,0,0,0,0,0,0,0,165,165,0,420,0,25,20,130,0,180,45,0,20,0,100,0,0,0,0,15,90,75,75,0,10,0,15,575,0,65,0,510,0,60,0,45,0,0,0,0,0,0,0,15,0,0,0,0,0,0,0,0,0,0,0,0,0,0,0,0,0,0,4,0,3,2.6666666666666665,0,3
20210908211842,3,1,1,52,1,100,1,3,1,1,1,1,1,1,1,2,2,1,3,6,1,0,0,0,0,0,0,0,0,0,0,0,0,0,0,0,0,0,0,0,0,0,0,0,5,5,0,400,0,15,0,0,0,0,385,0,0,0,0,0,0,0,0,0,0,0,0,0,0,0,0,345,0,10,0,335,0,0,0,0,0,0,0,0,0,0,0,0,0,0,0,0,0,0,0,0,0,0,0,0,690,0,0,0,690,0,5,0,5.333333333333333,2,4,2
20210908211865,6,1,4,48,1,110,6,1,1,1,1,1,1,1,1,2,2,2,2,10,1,60,0,60,60,0,0,0,0,0,0,0,0,0,0,0,0,0,0,0,0,0,0,0,125,125,0,0,0,0,0,0,0,0,0,0,0,0,100,0,0,0,0,100,100,0,0,0,0,100,0,495,0,10,0,485,0,0,0,0,0,0,0,0,0,0,0,0,0,0,0,0,0,0,0,0,0,0,0,0,660,0,0,70,590,0,6,0,0,0,0,0
20210908211878,4,1,2,42,1,100,1,2,1,1,1,1,1,1,1,2,2,1,1,8,1,140,0,100,0,0,100,40,0,0,0,0,0,0,0,0,0,0,0,0,0,0,0,0,55,55,0,55,0,25,30,0,0,0,0,0,0,0,525,0,0,0,0,185,455,270,270,0,70,60,75,420,0,40,0,380,0,170,0,120,0,0,0,0,0,0,0,50,0,0,0,0,0,0,0,0,0,0,0,0,0,0,0,0,0,0,3,1,1,0.6666666666666666,0.6666666666666666,1.3333333333333333
20210908211911,4,1,2,30,2,100,1,3,1,1,1,1,1,1,1,4,2,2,2,7,1,120,0,120,0,0,120,0,0,0,0,0,0,0,0,0,0,0,0,0,0,0,0,0,90,90,0,255,0,105,0,150,0,0,0,0,0,0,300,0,0,0,0,300,300,0,0,0,0,300,0,495,0,45,0,450,0,0,0,0,0,0,0,0,0,0,0,0,0,180,0,0,0,0,0,150,0,30,0,0,0,0,0,0,0,0,3.3333333333333335,0.3333333333333333,4.666666666666667,1.6666666666666667,0,3.6666666666666665
20210908211921,3,1,1,31,1,100,1,2,1,1,1,1,1,1,1,2,2,2,1,6,1,130,0,130,0,0,130,0,0,0,0,0,0,0,0,0,0,0,0,0,145,0,145,0,80,80,0,180,0,60,0,120,0,0,0,0,0,0,335,0,0,0,90,225,225,0,0,90,20,135,0,570,0,30,0,540,0,0,0,0,0,0,0,0,0,0,0,0,0,0,0,0,0,0,0,0,0,0,0,0,0,0,0,0,0,0,5.333333333333333,1,3.3333333333333335,2.3333333333333335,0,4.666666666666667
20210908211922,3,1,2,35,2,100,5,4,1,1,1,1,1,1,1,1,2,2,2,10,1,120,0,90,0,0,90,30,0,0,0,0,0,0,0,0,0,0,0,0,0,0,0,0,30,30,0,260,0,90,0,170,0,0,0,0,0,0,130,0,0,0,0,130,130,0,0,0,0,130,45,525,0,25,0,480,20,0,0,0,0,0,0,0,0,0,0,0,0,0,0,0,0,0,0,0,0,0,0,0,330,0,0,0,330,0,5,0,3,1,0,4
20210908211939,3,1,1,46,2,100,1,3,1,1,1,1,1,1,1,2,2,2,1,7,1,190,0,140,30,0,110,50,15,0,0,0,5,10,0,0,0,0,0,0,0,0,0,0,150,130,20,115,0,40,0,45,0,0,30,0,0,0,105,0,0,0,0,105,105,0,0,0,0,105,172,693,0,55,0,638,0,0,0,0,0,0,0,0,0,0,0,0,0,0,0,0,0,0,0,0,0,0,0,0,0,0,0,0,0,0,3.6666666666666665,0,2.6666666666666665,1.3333333333333333,0,3
20210908211942,3,1,1,45,1,100,1,3,1,1,1,1,1,1,1,1,1,2,2,8,1,0,0,0,0,0,0,0,0,0,0,0,0,0,5,5,0,5,0,0,0,0,0,0,45,45,0,30,0,30,0,0,0,0,0,0,0,0,280,0,0,0,0,190,250,60,60,0,30,175,0,585,0,15,0,570,0,0,0,0,0,0,0,0,0,0,0,0,0,0,0,0,0,0,0,0,0,0,0,0,495,0,0,30,465,0,4.333333333333333,0,1.3333333333333333,0,0,3
20210908211978,3,1,1,47,1,110,1,3,1,1,1,1,1,1,1,2,2,2,2,8,1,15,0,15,0,0,15,0,160,10,0,10,100,50,0,0,0,0,0,0,0,0,0,0,88,88,0,52,0,52,0,0,0,0,0,0,0,0,200,0,0,0,65,135,135,0,0,65,0,120,0,485,0,75,0,410,0,0,0,0,0,0,0,0,0,0,0,0,0,0,0,0,0,0,0,0,0,0,0,0,440,0,0,0,440,0,4.666666666666667,0,5,1.3333333333333333,0,6
20210908211995,4,1,2,28,1,100,1,3,1,1,1,1,1,1,1,1,1,1,1,5,1,90,0,70,0,0,70,20,0,0,0,0,0,0,210,0,0,0,210,0,0,0,0,0,40,40,0,0,0,0,0,0,0,0,0,0,0,0,125,60,0,0,0,0,120,60,60,0,5,0,0,510,0,50,0,460,0,165,0,130,0,0,0,0,0,0,0,35,0,300,0,0,0,0,0,0,0,0,300,300,0,0,0,0,0,0,4.666666666666667,0,2,2.3333333333333335,0,6
20210908211997,3,1,1,38,1,100,1,1,1,1,1,1,1,1,1,3,1,1,3,9,1,0,0,0,0,0,0,0,0,0,0,0,0,0,0,0,0,0,0,0,0,0,0,0,30,30,0,0,0,0,0,0,0,0,0,0,0,0,298,0,0,0,0,298,298,0,0,0,0,120,52,885,0,0,420,465,0,115,0,5,0,0,75,0,0,0,75,35,0,0,0,0,0,0,0,0,0,0,0,0,60,0,0,0,60,0,3.6666666666666665,0,0.6666666666666666,0,2.6666666666666665,2.3333333333333335
20210908212087,4,1,2,37,2,100,1,2,1,1,1,1,1,1,1,1,2,2,2,8,1,195,0,155,0,0,155,40,0,0,0,0,0,0,0,0,0,0,0,0,0,0,0,0,0,0,0,35,0,35,0,0,0,0,0,0,0,0,185,0,0,0,45,45,132,87,87,45,8,0,0,662,0,30,0,632,0,363,0,75,0,0,0,0,0,210,215,73,0,0,0,0,0,0,0,0,0,0,0,0,0,0,0,0,0,0,4.666666666666667,0,2.3333333333333335,0.6666666666666666,1,5
20210908212096,4,1,2,42,2,131,1,3,1,1,1,1,1,1,1,3,2,2,2,6,1,390,0,260,0,0,260,130,0,0,0,0,0,0,0,0,0,0,0,0,0,0,0,0,60,60,0,405,0,375,0,30,0,0,0,0,0,0,0,0,0,0,0,0,0,0,0,0,0,0,0,585,0,60,0,525,0,0,0,0,0,0,0,0,0,0,0,0,0,0,0,0,0,0,0,0,0,0,0,0,0,0,0,0,0,0,3.6666666666666665,0,3,0,0,3.6666666666666665
20210908212109,7,1,4,40,1,201,1,2,2,1,1,1,1,1,2,1,2,1,2,9,1,266,5,151,0,0,151,110,0,0,0,0,0,0,0,0,0,0,0,0,0,0,0,0,21,21,0,125,0,120,0,0,0,0,5,0,0,0,140,0,0,0,0,140,140,0,0,0,0,95,0,573,0,16,0,557,0,0,0,0,0,0,0,0,0,0,0,0,0,0,0,0,0,0,0,0,0,0,0,0,315,0,0,15,300,0,3.3333333333333335,1,2,0,0,4
20210908212114,3,1,1,54,1,110,1,2,1,1,1,1,1,1,1,2,2,2,2,8,1,0,0,0,0,0,0,0,0,0,0,0,0,0,0,0,0,0,0,0,0,0,0,0,15,15,0,150,0,0,0,0,0,150,0,0,0,0,340,0,0,0,0,210,210,0,0,0,130,195,0,400,0,115,0,285,0,10,10,0,0,0,0,0,0,0,10,0,0,0,0,0,0,0,0,0,0,0,0,0,525,0,0,55,470,0,4.666666666666667,0.6666666666666666,2.3333333333333335,1.3333333333333333,0,5.333333333333333
20210908212158,3,1,2,41,1,100,4,3,1,1,1,1,1,1,1,2,2,2,2,5,1,217,0,147,60,0,87,70,0,0,0,0,0,0,0,0,0,0,0,0,0,0,0,0,52,50,2,140,0,50,0,30,0,0,0,0,0,60,105,0,0,0,0,105,105,0,0,0,0,60,0,420,0,20,0,400,0,50,0,40,0,40,0,0,0,0,0,10,0,0,0,0,0,0,0,0,0,0,0,0,456,0,0,27,429,0,2.6666666666666665,0,1.3333333333333333,1,0.3333333333333333,1.6666666666666667
20210908212159,5,1,3,36,2,100,1,2,1,1,1,1,1,1,1,2,2,2,3,9,1,165,0,107,30,0,77,58,0,0,0,0,0,0,0,0,0,0,0,0,0,0,0,0,50,30,20,15,0,0,15,0,0,0,0,0,0,0,75,0,0,0,0,30,55,25,25,0,20,30,84,510,0,60,0,450,0,30,0,20,0,0,0,0,0,0,0,10,0,0,0,0,0,0,0,0,0,0,0,0,511,0,0,20,491,0,4.666666666666667,0,3.3333333333333335,1.3333333333333333,0,4.666666666666667
20210908212160,4,1,2,38,1,100,1,3,1,1,1,1,1,1,1,2,1,2,3,7,1,189,0,163,30,0,133,26,0,0,0,0,0,0,0,0,0,0,0,0,0,0,0,0,60,60,0,61,0,60,0,1,0,0,0,0,0,0,205,0,0,0,0,80,160,80,80,0,45,45,10,435,0,50,0,385,0,0,0,0,0,0,0,0,0,0,0,0,0,0,0,0,0,0,0,0,0,0,0,0,480,0,0,45,435,0,5,0.6666666666666666,3.3333333333333335,0.6666666666666666,1.6666666666666667,6
20210908212169,3,1,1,61,2,100,1,2,1,1,1,1,1,1,1,2,2,1,3,10,1,0,0,0,0,0,0,0,130,120,0,120,0,10,0,0,0,0,0,0,0,0,0,0,140,140,0,190,0,10,0,180,0,0,0,0,0,0,409,0,0,0,0,409,409,0,0,0,0,180,90,455,0,35,0,420,0,26,0,15,0,10,0,0,0,0,0,11,0,0,0,0,0,0,0,0,0,0,0,0,0,0,0,0,0,0,5,0.6666666666666666,5,1.3333333333333333,3,4
20210908212215,3,1,1,33,2,100,1,2,1,1,1,1,1,1,1,2,2,2,2,9,1,30,0,30,0,0,30,0,0,0,0,0,0,0,0,0,0,0,0,0,0,0,0,0,80,80,0,40,0,40,0,0,0,0,0,0,0,0,120,0,0,0,0,120,120,0,0,0,0,120,120,570,0,60,0,510,0,0,0,0,0,0,0,0,0,0,0,0,0,0,0,0,0,0,0,0,0,0,0,0,480,0,0,0,480,0,4.666666666666667,0,1,1.6666666666666667,0,3.3333333333333335
20210908212222,5,1,3,37,1,110,6,3,1,1,1,1,1,1,1,1,2,2,1,2,1,0,0,0,0,0,0,0,0,0,0,0,0,0,0,0,0,0,0,0,0,0,0,0,75,75,0,30,0,30,0,0,0,0,0,0,0,0,200,0,0,0,30,35,170,135,135,30,0,0,0,610,0,60,0,550,0,0,0,0,0,0,0,0,0,0,0,0,0,0,0,0,0,0,0,0,0,0,0,0,525,0,0,0,525,0,0,0,0,0,1,0
20210908212305,4,1,2,40,1,131,1,2,1,1,1,1,1,1,1,1,2,2,2,6,1,135,0,135,0,0,135,0,0,0,0,0,0,0,0,0,0,0,0,0,0,0,0,0,105,105,0,0,0,0,0,0,0,0,0,0,0,0,150,0,0,0,0,150,150,0,0,0,0,90,0,540,0,60,0,480,0,0,0,0,0,0,0,0,0,0,0,0,0,0,0,0,0,0,0,0,0,0,0,0,510,0,0,0,510,0,5.333333333333333,0,0.6666666666666666,1.3333333333333333,0,5.333333333333333
20210908212307,3,1,1,33,1,100,6,1,1,1,1,1,1,1,1,2,2,2,2,7,1,661,0,661,0,0,661,0,0,0,0,0,0,0,0,0,0,0,0,0,0,0,0,0,50,50,0,51,0,50,1,0,0,0,0,0,0,0,190,0,0,0,60,120,120,0,0,60,10,120,0,488,0,0,0,488,0,0,0,0,0,0,0,0,0,0,0,0,0,0,0,0,0,0,0,0,0,0,0,0,0,0,0,0,0,0,4.666666666666667,0,2.3333333333333335,2,0,4.333333333333333
20210908212320,3,1,1,40,2,100,1,3,1,1,1,1,1,1,1,3,2,2,3,8,1,75,0,75,0,0,75,0,0,0,0,0,0,0,0,0,0,0,0,0,0,0,0,0,45,45,0,205,0,40,5,120,0,0,30,0,10,0,485,0,0,0,0,420,465,45,45,0,20,200,9,591,0,30,0,561,0,30,0,30,0,0,0,0,0,0,0,0,0,0,0,0,0,0,0,0,0,0,0,0,0,0,0,0,0,0,4.333333333333333,0,4.333333333333333,1.3333333333333333,0,4.333333333333333
20210908212341,4,1,3,36,2,100,5,2,1,1,1,1,1,1,1,2,2,2,2,10,1,88,0,70,0,0,70,18,0,0,0,0,0,0,0,0,0,0,0,0,0,0,0,0,90,90,0,120,0,60,0,60,0,0,0,0,0,0,197,0,0,0,0,197,197,0,0,0,0,197,0,510,0,30,0,480,0,0,0,0,0,0,0,0,0,0,0,0,0,0,0,0,0,0,0,0,0,0,0,0,435,0,0,8,427,0,6,0,0,0,6,6
20210908212352,3,1,1,37,2,100,1,2,1,1,1,1,1,1,1,3,2,2,2,10,1,0,0,0,0,0,0,0,0,0,0,0,0,0,0,0,0,0,0,0,120,0,120,0,60,60,0,12,0,2,0,10,0,0,0,0,0,0,30,0,0,0,0,30,30,0,0,0,0,30,0,602,0,60,0,542,0,23,0,17,0,0,0,0,0,0,0,6,0,0,0,0,0,0,0,0,0,0,0,0,593,0,0,16,577,0,4.666666666666667,0,3.6666666666666665,3,0,5
20210908212363,4,1,2,35,2,100,2,2,1,1,1,1,1,1,1,2,2,2,2,10,1,0,0,0,0,0,0,0,0,0,0,0,0,0,0,0,0,0,0,0,0,0,0,0,88,83,5,310,0,180,10,120,0,0,0,0,0,0,160,90,0,0,0,60,150,0,0,0,10,60,0,715,85,0,0,625,5,167,0,145,0,0,0,0,0,0,0,22,0,0,0,0,0,0,0,0,0,0,0,0,0,0,0,0,0,0,5.333333333333333,0,1.3333333333333333,0,0,3.3333333333333335
20210909210590,5,1,3,47,1,100,1,3,1,1,1,1,1,1,1,2,2,2,2,8,1,460,0,460,0,0,460,0,0,0,0,0,0,0,0,0,0,0,0,0,0,0,0,0,30,30,0,80,0,40,0,5,0,0,35,0,0,0,218,0,0,0,63,95,155,60,60,63,0,45,0,645,0,25,0,620,0,7,0,7,0,7,0,0,0,0,0,0,0,0,0,0,0,0,0,0,0,0,0,0,0,0,0,0,0,0,5.333333333333333,0,1,0,0.3333333333333333,5.333333333333333
20210909211240,3,1,1,54,2,100,1,3,1,1,1,1,1,1,1,2,2,2,2,10,1,100,0,90,0,0,90,10,0,0,0,0,0,0,0,0,0,0,0,0,0,0,0,0,40,40,0,170,0,100,60,10,0,0,0,0,0,0,135,0,0,0,30,80,90,10,10,30,15,0,0,585,0,45,0,540,0,25,0,15,0,0,0,0,0,0,0,10,0,155,0,0,0,0,0,125,0,30,0,0,230,0,0,0,230,0,5,0,1.3333333333333333,0,0,6
20210909211375,3,1,1,42,2,100,1,3,1,1,1,1,1,1,1,3,1,2,1,8,1,0,0,0,0,0,0,0,0,0,0,0,0,0,0,0,0,0,0,0,0,0,0,0,145,145,0,200,0,110,0,90,0,0,0,0,0,0,510,0,0,0,0,210,510,300,300,0,0,210,0,585,0,0,0,585,0,0,0,0,0,0,0,0,0,0,0,0,0,0,0,0,0,0,0,0,0,0,0,0,0,0,0,0,0,0,4.333333333333333,3.3333333333333335,0.3333333333333333,1,0,3.6666666666666665
20210909211461,2,1,1,44,2,100,4,4,1,1,1,1,1,1,1,2,2,1,2,6,1,20,0,20,0,0,20,0,0,0,0,0,0,0,10,0,0,0,10,0,0,0,0,0,35,35,0,82,0,75,0,2,0,0,5,0,0,0,468,0,0,0,0,468,468,0,0,0,0,468,0,785,0,65,5,715,0,40,0,20,0,20,0,0,0,0,0,20,0,0,0,0,0,0,0,0,0,0,0,0,0,0,0,0,0,0,4,0,2,3,2.6666666666666665,2.3333333333333335
20210909211478,3,1,1,33,1,100,1,2,1,1,1,1,1,1,1,1,2,2,2,10,1,0,0,0,0,0,0,0,0,0,0,0,0,0,0,0,0,0,0,0,0,0,0,0,105,105,0,0,0,0,0,0,0,0,0,0,0,0,675,0,0,0,180,255,255,0,0,180,240,255,0,660,0,0,0,660,0,0,0,0,0,0,0,0,0,0,0,0,0,0,0,0,0,0,0,0,0,0,0,0,0,0,0,0,0,0,0,0,0,0,0,0
20210909211488,3,1,1,38,2,100,1,2,1,1,1,1,1,1,1,2,2,2,2,8,1,195,0,120,0,0,120,75,0,0,0,0,0,0,0,0,0,0,0,0,0,0,0,0,80,80,0,80,0,50,0,30,0,0,0,0,0,0,110,0,0,0,20,90,90,0,0,20,0,90,0,420,0,15,0,405,0,0,0,0,0,0,0,0,0,0,0,0,0,0,0,0,0,0,0,0,0,0,0,0,555,0,0,5,550,0,3,0.3333333333333333,4.333333333333333,2.6666666666666665,0,2.6666666666666665
20210909211490,3,1,1,39,2,131,1,1,1,1,1,1,1,1,1,1,2,2,2,7,1,350,0,330,0,0,330,20,0,0,0,0,0,0,0,0,0,0,0,0,0,0,0,0,150,150,0,225,0,120,0,65,0,0,40,0,0,0,145,0,0,0,0,120,145,25,25,0,0,90,0,525,0,30,0,495,0,45,0,30,0,30,0,0,0,0,0,15,0,0,0,0,0,0,0,0,0,0,0,0,0,0,0,0,0,0,4,0,0.6666666666666666,0,0,2.6666666666666665
20210909211807,3,1,1,27,2,201,1,1,1,1,1,1,1,1,1,1,1,2,1,10,1,11,0,5,0,0,5,6,0,0,0,0,0,0,0,0,0,0,0,0,0,0,0,0,60,60,0,0,0,0,0,0,0,0,0,0,0,0,91,0,0,0,0,0,79,79,79,0,12,0,0,704,0,20,0,684,0,0,0,0,0,0,0,0,0,0,0,0,0,0,0,0,0,0,0,0,0,0,0,0,574,0,0,64,510,0,6,0,0,0,0,6
20210909212163,4,1,1,57,2,200,5,4,2,1,1,1,1,2,1,3,1,1,1,3,1,90,0,52,52,0,0,38,0,0,0,0,0,0,0,0,0,0,0,0,0,0,0,0,55,55,0,120,0,120,0,0,0,0,0,0,0,0,250,0,0,0,0,250,250,0,0,0,0,220,0,645,0,105,0,540,0,260,0,0,0,0,85,0,0,0,85,175,0,20,0,0,0,0,0,20,0,0,0,0,0,0,0,0,0,0,4,1.6666666666666667,4,4.333333333333333,5.333333333333333,6
20210909212197,4,1,2,46,2,100,1,3,1,1,1,1,1,1,1,3,2,1,2,7,1,166,0,121,25,0,96,45,0,0,0,0,0,0,0,0,0,0,0,0,0,0,0,0,10,10,0,70,0,55,2,10,0,0,0,0,3,0,15,0,0,0,0,0,15,15,15,0,0,0,0,530,0,50,0,480,0,18,0,15,0,0,0,0,0,0,0,3,0,0,0,0,0,0,0,0,0,0,0,0,631,0,0,55,576,0,3,0.3333333333333333,2,1,1.6666666666666667,4.333333333333333
20211007210653,4,1,2,47,1,100,1,3,1,1,1,1,1,1,1,4,2,2,2,5,1,30,0,30,0,0,30,0,0,0,0,0,0,0,0,0,0,0,0,0,0,0,0,0,60,60,0,0,0,0,0,0,0,0,0,0,0,0,580,0,260,0,0,240,560,320,60,0,20,240,0,770,0,75,0,695,0,0,0,0,0,0,0,0,0,0,0,0,0,0,0,0,0,0,0,0,0,0,0,0,0,0,0,0,0,0,3.6666666666666665,3.6666666666666665,4.333333333333333,4,0,4
20211007210707,3,1,1,45,1,100,1,2,1,1,1,1,1,1,1,2,2,2,1,9,1,90,0,90,0,0,90,0,0,0,0,0,0,0,0,0,0,0,0,0,0,0,0,0,75,75,0,150,0,60,0,0,0,90,0,0,0,0,450,0,0,0,0,450,450,0,0,0,0,330,0,570,0,0,0,570,0,0,0,0,0,0,0,0,0,0,0,0,0,0,0,0,0,0,0,0,0,0,0,0,105,0,0,0,105,0,5.666666666666667,0,1.6666666666666667,0.3333333333333333,0.3333333333333333,6
20211008210059,5,1,2,57,2,100,3,4,1,1,1,1,1,1,1,3,1,1,2,5,1,0,0,0,0,0,0,0,0,0,0,0,0,0,0,0,0,0,0,0,0,0,0,0,75,75,0,323,0,143,0,180,0,0,0,0,0,0,360,0,0,0,0,360,360,0,0,0,0,360,0,682,0,20,0,662,0,0,0,0,0,0,0,0,0,0,0,0,0,0,0,0,0,0,0,0,0,0,0,0,0,0,0,0,0,0,6,0,3,3,3.6666666666666665,3.6666666666666665
20211008210103,4,1,2,25,2,100,6,5,1,1,1,1,1,1,1,1,2,2,2,7,1,310,0,310,0,0,310,0,0,0,0,0,0,0,0,0,0,0,0,0,0,0,0,0,30,30,0,260,0,170,0,90,0,0,0,0,0,0,0,0,0,0,0,0,0,0,0,0,0,0,0,840,0,60,0,780,0,0,0,0,0,0,0,0,0,0,0,0,0,0,0,0,0,0,0,0,0,0,0,0,0,0,0,0,0,0,5,0,3.6666666666666665,0,0,5
20211008210158,5,1,1,24,2,100,6,2,1,1,1,1,1,1,1,2,2,2,3,5,1,60,0,60,0,0,60,0,0,0,0,0,0,0,0,0,0,0,0,0,660,0,660,0,65,65,0,30,0,30,0,0,0,0,0,0,0,0,0,0,0,0,0,0,0,0,0,0,0,0,0,510,0,60,0,450,0,115,0,40,0,0,0,0,0,0,0,75,0,0,0,0,0,0,0,0,0,0,0,0,0,0,0,0,0,0,1.6666666666666667,1,4.666666666666667,5,0,3.6666666666666665
20211008210165,6,1,3,21,2,100,6,4,1,1,1,1,1,1,1,4,2,1,2,8,1,0,0,0,0,0,0,0,0,0,0,0,0,0,0,0,0,0,0,0,400,180,115,105,65,65,0,55,0,30,25,0,0,0,0,0,0,0,0,0,0,0,0,0,0,0,0,0,0,0,0,545,0,50,5,490,0,30,0,25,0,0,0,0,0,0,0,5,0,0,0,0,0,0,0,0,0,0,0,0,345,0,0,60,285,0,3.6666666666666665,0,3.3333333333333335,0,2.3333333333333335,1
20211008210271,5,1,2,20,2,100,6,3,1,1,1,1,1,1,1,2,2,2,2,9,1,0,0,0,0,0,0,0,0,0,0,0,0,0,0,0,0,0,0,0,120,0,120,0,95,95,0,65,0,0,5,60,0,0,0,0,0,0,285,0,0,0,0,285,285,0,0,0,0,120,0,400,0,55,0,345,0,0,0,0,0,0,0,0,0,0,0,0,0,0,0,0,0,0,0,0,0,0,0,0,475,0,0,25,450,0,4.333333333333333,1,4.666666666666667,4.333333333333333,0,4.333333333333333
20211008210576,4,1,2,37,2,120,1,4,1,1,1,1,1,1,1,3,1,1,2,7,1,0,0,0,0,0,0,0,0,0,0,0,0,0,0,0,0,0,0,0,0,0,0,0,30,30,0,0,0,0,0,0,0,0,0,0,0,0,90,0,0,0,0,90,90,0,0,0,0,90,0,1320,0,60,0,1260,0,0,0,0,0,0,0,0,0,0,0,0,0,0,0,0,0,0,0,0,0,0,0,0,0,0,0,0,0,0,5.5,5,5.5,5,5,4
20211008210626,2,1,1,33,1,200,5,3,1,1,1,1,1,1,1,1,2,2,1,10,1,104,0,97,0,0,97,7,0,0,0,0,0,0,0,0,0,0,0,0,0,0,0,0,15,15,0,0,0,0,0,0,0,0,0,0,0,0,90,0,0,0,0,90,90,0,0,0,0,90,0,599,0,65,0,534,0,50,0,5,0,0,0,0,0,0,0,45,0,0,0,0,0,0,0,0,0,0,0,0,582,0,0,15,567,0,5.666666666666667,0,3.6666666666666665,2.3333333333333335,4.333333333333333,6
20211008210694,3,1,1,35,1,131,1,1,1,1,1,1,1,1,1,2,2,2,2,9,1,150,0,150,0,0,150,0,0,0,0,0,0,0,0,0,0,0,0,0,0,0,0,0,120,120,0,0,0,0,0,0,0,0,0,0,0,0,105,0,0,0,15,60,90,30,30,15,0,30,0,555,0,45,0,510,0,60,0,60,0,0,0,0,0,0,0,0,0,450,60,0,0,0,0,0,0,65,385,385,0,0,0,0,0,0,5.666666666666667,0,3.3333333333333335,0.6666666666666666,0,5.333333333333333
20211008210730,4,1,2,36,2,100,1,2,1,1,1,1,1,1,1,1,2,2,1,10,1,275,0,275,0,0,275,0,0,0,0,0,0,0,75,0,0,0,75,0,0,0,0,0,115,115,0,135,0,20,15,100,0,0,0,0,0,0,265,0,55,0,0,180,235,55,0,0,30,180,0,435,0,0,0,435,0,0,0,0,0,0,0,0,0,0,0,0,0,140,0,0,0,0,0,0,0,20,0,0,0,0,0,0,0,0,6,0,0,0,0,6
20211008210731,3,1,1,41,1,100,1,3,1,1,1,1,1,1,1,3,1,2,1,10,1,320,0,320,0,0,320,0,0,0,0,0,0,0,0,0,0,0,0,0,0,0,0,0,115,95,20,60,0,0,0,60,0,0,0,0,0,0,365,0,0,0,0,365,365,0,0,0,0,365,0,405,0,0,0,405,0,175,0,120,0,0,0,0,0,0,0,55,0,0,0,0,0,0,0,0,0,0,0,0,0,0,0,0,0,0,4.666666666666667,0,5.666666666666667,0.6666666666666666,0.3333333333333333,4
20211008210744,4,1,2,41,2,110,1,4,1,1,1,1,1,1,1,1,1,2,1,4,1,0,0,0,0,0,0,0,0,0,0,0,0,0,0,0,0,0,0,0,0,0,0,0,20,20,0,25,0,0,0,25,0,0,0,0,0,0,690,0,0,0,60,0,624,624,624,60,6,0,0,660,0,45,0,615,0,0,0,0,0,0,0,0,0,0,0,0,0,45,0,0,0,0,0,45,0,0,0,0,0,0,0,0,0,0,6,0,2.3333333333333335,0,0,6
20211008210972,4,1,2,38,2,100,1,2,1,1,1,1,1,1,1,1,2,2,2,7,1,180,0,165,0,0,165,15,0,0,0,0,0,0,0,0,0,0,0,0,0,0,0,0,50,50,0,40,0,40,0,0,0,0,0,0,0,0,260,0,0,150,0,30,30,0,0,150,80,30,0,565,0,50,0,515,0,0,0,0,0,0,0,0,0,0,0,0,0,0,0,0,0,0,0,0,0,0,0,0,345,0,0,0,345,0,4,0,3,0,0,3.6666666666666665
20211008211043,4,1,3,33,2,100,6,4,2,1,1,1,1,1,2,2,2,2,2,8,1,174,0,109,5,0,104,65,0,0,0,0,0,0,10,10,10,0,0,0,0,0,0,0,0,0,0,60,0,60,0,0,0,0,0,0,0,0,80,0,0,0,45,35,35,0,0,45,0,30,0,606,0,15,0,591,0,0,0,0,0,0,0,0,0,0,0,0,0,0,0,0,0,0,0,0,0,0,0,0,510,0,0,30,480,0,6,0,3.6666666666666665,1,3,6
20211008211149,5,1,2,67,2,131,3,4,1,1,1,1,1,1,1,1,1,2,2,4,1,0,0,0,0,0,0,0,0,0,0,0,0,0,0,0,0,0,0,0,0,0,0,0,30,30,0,810,0,270,0,240,0,180,120,0,0,0,30,0,0,0,0,30,30,0,0,0,0,30,0,570,0,60,0,510,0,0,0,0,0,0,0,0,0,0,0,0,0,0,0,0,0,0,0,0,0,0,0,0,0,0,0,0,0,0,3.3333333333333335,1.6666666666666667,3.3333333333333335,2,0.3333333333333333,5
20211008211249,6,1,2,36,1,131,1,1,1,1,1,1,1,1,1,3,2,1,2,7,1,236,55,171,0,1,170,10,0,0,0,0,0,0,0,0,0,0,0,0,0,0,0,0,70,70,0,10,0,10,0,0,0,0,0,0,0,0,120,0,0,0,0,60,60,0,0,0,60,0,0,489,0,60,0,429,0,0,0,0,0,0,0,0,0,0,0,0,0,0,0,0,0,0,0,0,0,0,0,0,515,0,0,40,475,0,3,0,3,2.3333333333333335,3,2.6666666666666665
20211008211409,6,1,3,32,1,100,1,1,1,1,1,1,1,1,1,2,2,1,1,8,1,0,0,0,0,0,0,0,0,0,0,0,0,0,0,0,0,0,0,0,0,0,0,0,50,50,0,35,0,20,5,0,0,0,0,0,10,0,40,0,0,0,0,40,40,0,0,0,0,40,45,560,0,30,0,530,0,85,5,0,0,0,0,0,0,45,50,35,0,0,0,0,0,0,0,0,0,0,0,0,625,0,0,40,585,0,4,0,2.6666666666666665,3,2.3333333333333335,0.6666666666666666
20211008211539,2,1,1,28,2,110,6,2,1,1,1,1,1,1,1,3,2,2,3,0,1,25,0,25,0,0,25,0,0,0,0,0,0,0,60,0,0,0,60,0,0,0,0,0,0,0,0,0,0,0,0,0,0,0,0,0,0,0,305,0,210,0,0,60,270,210,0,0,35,60,70,800,0,60,0,740,0,0,0,0,0,0,0,0,0,0,0,0,0,0,0,0,0,0,0,0,0,0,0,0,180,0,0,35,145,0,2,2,6,6,3,3.3333333333333335
20211008211611,3,1,1,41,1,100,1,2,1,1,1,1,1,1,1,2,1,1,2,8,1,0,0,0,0,0,0,0,90,90,0,90,0,0,0,0,0,0,0,0,0,0,0,0,140,140,0,335,0,20,0,0,0,270,0,45,0,0,85,0,0,0,0,85,85,0,0,0,0,0,0,600,0,60,0,540,0,190,0,60,0,0,0,0,0,60,60,70,0,0,0,0,0,0,0,0,0,0,0,0,0,0,0,0,0,0,3.6666666666666665,0,2.3333333333333335,0,0,3.3333333333333335
20211008211637,6,1,2,36,2,110,1,4,1,1,1,1,1,1,1,3,2,2,1,6,1,20,0,20,0,0,20,0,94,61,60,1,0,33,0,0,0,0,0,0,0,0,0,0,30,30,0,215,0,45,0,70,0,90,0,0,0,10,626,0,103,0,0,366,592,226,123,0,34,366,0,240,0,60,30,150,0,125,0,75,0,10,0,0,0,0,0,50,0,0,0,0,0,0,0,0,0,0,0,0,90,0,0,0,90,0,2.3333333333333335,0.3333333333333333,4.666666666666667,2,0,3.3333333333333335
20211008211660,3,1,1,65,2,100,1,3,1,1,1,1,1,1,1,2,2,1,2,9,1,0,0,0,0,0,0,0,0,0,0,0,0,0,0,0,0,0,0,0,0,0,0,0,105,105,0,510,0,240,0,270,0,0,0,0,0,0,240,0,0,0,0,240,240,0,0,0,0,120,0,405,0,15,0,390,0,0,0,0,0,0,0,0,0,0,0,0,0,0,0,0,0,0,0,0,0,0,0,0,180,0,0,0,180,0,4,1,2.6666666666666665,0.6666666666666666,2.3333333333333335,5.666666666666667
20211008211680,5,1,2,47,2,100,1,1,1,1,1,1,1,1,1,2,2,2,2,8,1,0,0,0,0,0,0,0,0,0,0,0,0,0,0,0,0,0,0,0,0,0,0,0,45,45,0,160,0,100,0,60,0,0,0,0,0,0,105,0,0,0,45,60,60,0,0,45,0,60,30,585,0,45,0,540,0,0,0,0,0,0,0,0,0,0,0,0,0,0,0,0,0,0,0,0,0,0,0,0,515,0,0,0,515,0,4.333333333333333,0,2,0,0,2
20211008211688,4,1,1,52,2,100,1,4,1,1,1,1,1,1,1,2,1,1,1,9,1,0,0,0,0,0,0,0,0,0,0,0,0,0,30,0,0,0,30,0,0,0,0,0,80,80,0,180,0,0,0,180,0,0,0,0,0,0,300,0,0,0,0,180,300,120,120,0,0,0,0,660,0,65,0,595,0,130,0,90,0,0,0,0,0,0,0,40,0,60,0,0,0,0,0,60,0,0,0,0,0,0,0,0,0,0,5,0,4,1.6666666666666667,2,4.333333333333333
20211008211705,2,1,1,36,1,100,4,4,1,1,1,1,1,1,1,2,2,2,2,7,1,0,0,0,0,0,0,0,0,0,0,0,0,0,0,0,0,0,0,0,0,0,0,0,20,20,0,930,0,0,0,0,0,930,0,0,0,0,0,0,0,0,0,0,0,0,0,0,0,0,0,490,0,0,0,490,0,0,0,0,0,0,0,0,0,0,0,0,0,0,0,0,0,0,0,0,0,0,0,0,0,0,0,0,0,0,5,0,3,0,0,5.5
20211008211805,3,1,1,38,2,100,1,2,1,1,1,1,1,1,1,3,1,1,2,8,1,180,0,140,0,0,140,40,0,0,0,0,0,0,0,0,0,0,0,0,0,0,0,0,120,120,0,60,0,0,0,60,0,0,0,0,0,0,60,0,0,0,0,60,60,0,0,0,0,0,0,585,0,30,0,555,0,0,0,0,0,0,0,0,0,0,0,0,0,0,0,0,0,0,0,0,0,0,0,0,435,0,0,0,435,0,5,0,5,3,2,4.333333333333333
20211008211858,3,1,1,50,2,100,1,1,1,1,1,1,1,1,1,1,1,2,2,7,1,85,25,30,0,0,30,30,0,0,0,0,0,0,0,0,0,0,0,0,0,0,0,0,135,120,15,130,0,25,60,45,0,0,0,0,0,0,150,0,0,0,60,90,90,0,0,60,0,90,60,733,0,65,0,668,0,62,0,10,0,0,0,0,0,0,15,37,0,85,0,0,0,0,0,65,0,20,0,0,0,0,0,0,0,0,4.5,2,2,3,0.5,4
20211008211873,3,1,1,32,1,100,1,1,1,1,1,1,1,1,1,1,2,2,3,10,1,0,0,0,0,0,0,0,0,0,0,0,0,0,0,0,0,0,0,0,0,0,0,0,110,110,0,1,0,1,0,0,0,0,0,0,0,0,174,0,0,0,0,174,174,0,0,0,0,150,25,510,0,30,0,480,0,0,0,0,0,0,0,0,0,0,0,0,0,160,0,0,0,130,0,0,0,30,130,130,460,0,0,10,450,0,5,0,3.6666666666666665,0.6666666666666666,0,4.666666666666667
20211008211882,9,1,6,32,2,100,4,2,1,1,1,1,1,1,1,2,2,2,3,8,1,185,0,125,70,0,55,60,0,0,0,0,0,0,0,0,0,0,0,0,0,0,0,0,15,15,0,85,0,45,10,15,15,0,0,0,0,0,95,0,0,0,0,95,95,0,0,0,0,80,45,510,0,30,0,480,0,325,40,30,30,0,40,0,0,0,95,170,0,0,0,0,0,0,0,0,0,0,0,0,180,0,0,0,180,0,2,2.3333333333333335,4.666666666666667,4.333333333333333,0,2.3333333333333335
20211008212113,5,1,3,46,1,100,1,3,1,1,1,1,1,1,1,3,2,2,2,8,1,145,0,105,0,0,105,40,0,0,0,0,0,0,0,0,0,0,0,0,0,0,0,0,60,60,0,60,0,0,0,0,0,0,60,0,0,0,0,0,0,0,0,0,0,0,0,0,0,0,0,485,0,30,0,455,0,0,0,0,0,0,0,0,0,0,0,0,0,0,0,0,0,0,0,0,0,0,0,0,690,0,0,135,555,0,5.666666666666667,0,5.333333333333333,2,0,5
20211008212145,4,1,2,51,1,100,1,2,1,1,1,1,1,1,1,1,1,1,2,8,1,0,0,0,0,0,0,0,0,0,0,0,0,0,0,0,0,0,0,0,0,0,0,0,90,90,0,495,0,45,0,0,0,390,60,0,0,0,135,0,0,0,0,135,135,0,0,0,0,135,0,640,0,60,0,580,0,80,0,60,0,60,0,0,0,0,0,20,0,0,0,0,0,0,0,0,0,0,0,0,0,0,0,0,0,0,3.6666666666666665,0,1.3333333333333333,0,1.3333333333333333,2.6666666666666665
20211008212155,4,1,1,50,2,100,1,2,1,1,1,1,1,1,1,1,2,2,2,7,1,67,0,36,0,0,36,31,0,0,0,0,0,0,0,0,0,0,0,0,0,0,0,0,70,45,25,50,0,50,0,0,0,0,0,0,0,0,473,0,0,0,60,238,413,175,175,60,0,180,0,520,0,40,0,480,0,0,0,0,0,0,0,0,0,0,0,0,0,260,258,0,0,0,0,0,0,2,258,258,0,0,0,0,0,0,5.666666666666667,0,1.6666666666666667,0,0,5
20211008212234,4,1,2,47,2,100,1,3,1,1,1,1,1,1,1,2,1,1,1,5,1,0,0,0,0,0,0,0,0,0,0,0,0,0,60,0,0,0,60,0,0,0,0,0,90,90,0,45,0,45,0,0,0,0,0,0,0,0,135,0,0,0,0,135,135,0,0,0,0,90,0,510,0,0,0,510,0,0,0,0,0,0,0,0,0,0,0,0,0,0,0,0,0,0,0,0,0,0,0,0,600,0,0,0,600,0,6,0.6666666666666666,2.6666666666666665,1,0.3333333333333333,6
20211008212303,3,1,1,30,1,100,1,4,1,1,1,1,1,1,1,2,2,1,2,6,1,25,0,5,0,0,5,20,0,0,0,0,0,0,0,0,0,0,0,0,0,0,0,0,110,110,0,10,0,0,10,0,0,0,0,0,0,0,0,0,0,0,0,0,0,0,0,0,0,0,0,590,0,45,0,545,0,160,0,120,0,0,0,0,0,0,0,40,0,0,0,0,0,0,0,0,0,0,0,0,545,0,0,40,505,0,6,0,0,0,0,6
20211008212321,2,1,1,34,2,100,6,3,1,1,1,1,1,1,1,2,2,2,2,6,1,150,0,150,0,0,150,0,0,0,0,0,0,0,0,0,0,0,0,0,0,0,0,0,60,30,0,110,0,20,0,90,0,0,0,0,0,0,518,0,0,0,0,168,498,330,330,0,20,168,0,540,0,60,0,480,0,62,0,62,0,60,0,0,0,0,0,0,0,0,0,0,0,0,0,0,0,0,0,0,0,0,0,0,0,0,4.333333333333333,0,3.3333333333333335,1.3333333333333333,0,5
20211009210004,5,1,3,42,1,131,1,2,1,1,1,1,1,1,1,1,2,2,2,7,1,120,0,120,0,0,120,0,0,0,0,0,0,0,60,0,0,0,60,0,0,0,0,0,60,60,0,180,0,120,60,0,0,0,0,0,0,0,60,0,0,0,0,60,60,0,0,0,0,60,0,630,0,60,0,570,0,105,0,60,0,60,0,0,0,0,0,45,0,225,0,0,0,0,0,180,0,45,0,0,0,0,0,0,0,0,4,0,0.6666666666666666,1,0,3
20211009210076,5,1,3,25,2,100,1,3,1,1,1,1,1,1,1,3,2,1,2,10,1,455,47,178,0,0,178,230,0,0,0,0,0,0,10,0,0,0,10,0,60,0,60,0,63,60,3,95,0,95,0,0,0,0,0,0,0,0,90,0,0,0,0,90,90,0,0,0,0,40,0,465,0,55,0,410,0,0,0,0,0,0,0,0,0,0,0,0,0,0,0,0,0,0,0,0,0,0,0,0,202,0,0,0,202,0,3.6666666666666665,0,5.333333333333333,0.6666666666666666,0,4
20211009210153,4,1,1,18,1,100,6,2,1,1,1,1,1,1,1,1,2,2,2,7,1,0,0,0,0,0,0,0,0,0,0,0,0,0,0,0,0,0,0,0,337,113,210,14,55,55,0,0,0,0,0,0,0,0,0,0,0,0,270,0,0,0,0,270,270,0,0,0,0,90,0,597,0,30,0,567,0,0,0,0,0,0,0,0,0,0,0,0,0,0,0,0,0,0,0,0,0,0,0,0,181,0,0,28,153,0,5,0,1.3333333333333333,2.3333333333333335,0,4
20211009210234,5,1,2,18,2,100,6,1,1,1,1,1,1,1,1,1,2,2,1,5,1,0,0,0,0,0,0,0,0,0,0,0,0,0,0,0,0,0,0,0,0,0,0,0,140,120,20,130,0,0,0,130,0,0,0,0,0,0,330,0,0,0,0,90,330,240,240,0,0,90,0,660,0,0,0,660,0,180,0,135,0,0,0,0,0,0,0,45,0,0,0,0,0,0,0,0,0,0,0,0,0,0,0,0,0,0,4,0,3.3333333333333335,0,0,2.6666666666666665
20211009210275,3,1,1,23,2,100,6,3,1,1,1,1,1,1,1,1,2,2,2,10,1,243,0,243,0,0,243,0,0,0,0,0,0,0,0,0,0,0,0,0,0,0,0,0,90,90,0,120,0,120,0,0,0,0,0,0,0,0,269,0,0,0,90,179,179,0,0,90,0,179,0,718,0,0,0,718,0,0,0,0,0,0,0,0,0,0,0,0,0,0,0,0,0,0,0,0,0,0,0,0,0,0,0,0,0,0,6,0,0,0,0,6
20211009210276,5,1,2,20,2,100,6,2,1,1,1,1,1,1,1,2,2,2,2,6,1,0,0,0,0,0,0,0,0,0,0,0,0,0,0,0,0,0,0,0,630,60,540,30,60,60,0,0,0,0,0,0,0,0,0,0,0,0,180,0,0,0,0,180,180,0,0,0,0,180,0,570,0,90,0,480,0,0,0,0,0,0,0,0,0,0,0,0,0,0,0,0,0,0,0,0,0,0,0,0,0,0,0,0,0,0,4.666666666666667,0.3333333333333333,3.6666666666666665,1,0,3.6666666666666665
20211009210284,6,1,4,22,1,100,6,4,1,1,1,1,1,1,1,3,2,2,1,6,1,0,0,0,0,0,0,0,0,0,0,0,0,0,0,0,0,0,0,0,0,0,0,0,23,23,0,5,0,5,0,0,0,0,0,0,0,0,291,0,0,0,60,209,209,0,0,60,22,0,0,595,0,25,0,570,0,0,0,0,0,0,0,0,0,0,0,0,0,0,0,0,0,0,0,0,0,0,0,0,526,0,0,32,494,0,4.333333333333333,0,3,1.6666666666666667,0,0.3333333333333333
20211009210516,3,1,2,74,2,110,4,3,1,1,1,1,1,1,1,2,1,2,2,8,1,323,0,178,0,50,128,145,0,0,0,0,0,0,70,0,0,0,70,0,0,0,0,0,50,50,0,0,0,0,0,0,0,0,0,0,0,0,242,0,0,0,0,242,242,0,0,0,0,242,0,660,0,30,0,630,0,95,0,30,0,0,0,0,0,0,20,45,0,0,0,0,0,0,0,0,0,0,0,0,0,0,0,0,0,0,5.666666666666667,0,3,0,0,6
20211009210520,4,1,2,40,2,100,1,5,2,1,1,1,1,2,2,1,2,2,1,5,1,0,0,0,0,0,0,0,0,0,0,0,0,0,0,0,0,0,0,0,0,0,0,0,45,35,10,25,10,0,0,15,0,0,0,0,0,0,315,0,0,0,0,315,315,0,0,0,0,0,0,690,0,30,0,660,0,365,0,170,0,0,0,0,0,45,45,150,0,0,0,0,0,0,0,0,0,0,0,0,0,0,0,0,0,0,4,0.6666666666666666,3,1.3333333333333333,3,4
20211009210528,4,1,2,29,2,100,1,4,1,1,1,1,1,1,1,3,2,2,2,7,1,350,0,350,0,0,350,0,0,0,0,0,0,0,0,0,0,0,0,0,0,0,0,0,125,125,0,150,0,150,0,0,0,0,0,0,0,0,35,0,0,0,0,35,35,0,0,0,0,35,0,600,0,90,0,510,0,0,0,0,0,0,0,0,0,0,0,0,0,180,0,0,0,0,0,120,0,60,0,0,0,0,0,0,0,0,4,0,6,1.6666666666666667,2.3333333333333335,4
20211009210531,3,1,1,46,2,100,1,3,1,1,1,1,1,1,1,2,1,1,3,8,1,135,0,125,0,0,125,10,0,0,0,0,0,0,0,0,0,0,0,0,0,0,0,0,130,110,20,30,0,0,0,30,0,0,0,0,0,0,455,0,0,0,0,455,455,0,0,0,0,390,0,690,0,45,0,645,0,0,0,0,0,0,0,0,0,0,0,0,0,0,0,0,0,0,0,0,0,0,0,0,0,0,0,0,0,0,4,2,4,0,2.3333333333333335,2
20211009210544,3,1,1,39,2,100,6,3,1,1,1,1,1,1,1,1,2,2,2,10,1,0,0,0,0,0,0,0,0,0,0,0,0,0,0,0,0,0,0,0,0,0,0,0,75,75,0,331,0,31,0,300,0,0,0,0,0,0,434,0,0,0,0,434,434,0,0,0,0,434,0,600,0,0,0,600,0,0,0,0,0,0,0,0,0,0,0,0,0,0,0,0,0,0,0,0,0,0,0,0,0,0,0,0,0,0,6,0,1.3333333333333333,1.3333333333333333,0,6
20211009210576,4,1,2,30,2,110,6,3,1,1,1,1,1,1,1,3,2,2,2,7,1,146,0,146,0,0,146,0,0,0,0,0,0,0,0,0,0,0,0,0,0,0,0,0,25,25,0,102,0,65,12,10,0,0,0,0,15,0,270,0,0,0,0,270,270,0,0,0,0,270,0,822,0,70,0,752,0,75,0,60,0,60,0,0,0,0,0,15,0,0,0,0,0,0,0,0,0,0,0,0,0,0,0,0,0,0,5.333333333333333,0,1.6666666666666667,0,0,4.333333333333333
20211009210580,5,1,3,60,2,100,1,2,2,1,1,1,1,2,1,2,2,1,2,4,1,205,0,203,0,0,203,2,0,0,0,0,0,0,0,0,0,0,0,0,0,0,0,0,110,110,0,255,0,210,0,20,15,0,10,0,0,0,219,0,0,0,0,209,219,10,10,0,0,44,0,533,0,63,0,470,0,0,0,0,0,0,0,0,0,0,0,0,0,118,0,0,0,0,0,103,0,15,0,0,0,0,0,0,0,0,4,2.6666666666666665,4,2.6666666666666665,3.3333333333333335,6
20211009210612,4,1,1,39,2,100,5,5,1,1,1,1,1,1,1,1,1,2,1,7,1,235,3,192,0,0,192,40,0,0,0,0,0,0,0,0,0,0,0,0,0,0,0,0,30,30,0,1,0,1,0,0,0,0,0,0,0,0,435,0,0,0,0,385,395,10,10,0,40,0,0,736,0,2,0,734,0,3,0,3,0,0,0,0,0,0,0,0,0,0,0,0,0,0,0,0,0,0,0,0,0,0,0,0,0,0,3,0,1,0,4.333333333333333,2.6666666666666665
20211009210628,3,1,1,34,2,100,6,4,1,1,1,1,1,1,1,1,2,2,2,7,1,0,0,0,0,0,0,0,0,0,0,0,0,0,0,0,0,0,0,0,0,0,0,0,85,85,0,110,0,60,45,0,0,0,5,0,0,0,515,0,0,0,0,515,515,0,0,0,0,395,0,660,0,70,0,590,0,70,0,60,0,60,0,0,0,0,0,10,0,0,0,0,0,0,0,0,0,0,0,0,0,0,0,0,0,0,3.6666666666666665,0,2,2,0,4.333333333333333
20211009210650,5,1,1,41,2,100,1,3,1,1,1,1,1,1,1,3,2,1,3,4,1,1,1,0,0,0,0,0,0,0,0,0,0,0,0,0,0,0,0,0,0,0,0,0,105,60,45,20,0,0,0,0,0,0,20,0,0,0,169,30,0,0,0,109,139,0,0,0,30,109,0,450,0,30,0,420,0,50,0,15,0,0,0,0,0,0,0,35,0,0,0,0,0,0,0,0,0,0,0,0,645,0,0,40,605,0,3.6666666666666665,0.6666666666666666,4.333333333333333,2.6666666666666665,1.6666666666666667,1.6666666666666667
20211009210669,5,1,3,41,2,100,1,1,1,1,1,1,1,1,1,1,2,2,2,9,1,226,0,200,0,0,200,26,0,0,0,0,0,0,17,17,17,0,0,0,0,0,0,0,25,25,0,250,0,80,10,150,0,0,0,0,10,0,90,0,0,0,0,90,90,0,0,0,0,60,0,535,0,55,0,480,0,102,0,65,0,30,0,0,0,0,0,37,0,0,0,0,0,0,0,0,0,0,0,0,195,0,0,15,180,0,5.666666666666667,0,1.3333333333333333,1,0,5.333333333333333
20211009210736,6,1,4,36,2,100,1,2,1,1,1,1,1,1,1,1,2,1,1,10,1,317,0,255,0,0,255,62,0,0,0,0,0,0,0,0,0,0,0,0,0,0,0,0,25,25,0,30,0,30,0,0,0,0,0,0,0,0,240,0,0,0,60,180,180,0,0,60,0,180,70,628,0,40,0,588,0,0,0,0,0,0,0,0,0,0,0,0,0,130,0,0,0,0,0,90,0,40,0,0,0,0,0,0,0,0,5.333333333333333,0,2,1.3333333333333333,0,5.333333333333333
20211009210763,3,1,1,44,2,100,1,2,1,1,1,1,1,1,1,1,2,2,1,8,1,188,0,140,40,2,98,48,0,0,0,0,0,0,180,0,0,0,180,0,0,0,0,0,35,35,0,262,0,175,35,5,40,0,7,0,0,0,45,0,0,0,0,25,35,10,10,0,10,20,30,516,0,25,0,491,0,124,0,61,0,0,0,0,0,0,0,63,0,0,0,0,0,0,0,0,0,0,0,0,60,0,60,0,0,0,5,1.6666666666666667,2,2,2,3
20211009210784,3,1,1,47,1,100,1,1,1,1,1,1,1,1,1,2,2,1,2,10,1,0,0,0,0,0,0,0,0,0,0,0,0,0,0,0,0,0,0,0,0,0,0,0,50,50,0,644,60,0,66,0,0,450,60,0,3,5,0,0,0,0,0,0,0,0,0,0,0,0,127,563,0,31,0,532,0,56,0,7,0,0,0,0,0,0,0,49,0,0,0,0,0,0,0,0,0,0,0,0,0,0,0,0,0,0,5.333333333333333,0,2,0,0,6
20211009210795,3,1,2,49,1,100,4,2,1,1,1,1,1,1,1,4,2,2,3,5,1,0,0,0,0,0,0,0,0,0,0,0,0,0,0,0,0,0,0,0,0,0,0,0,30,30,0,0,0,0,0,0,0,0,0,0,0,0,540,0,0,0,0,540,540,0,0,0,0,540,0,870,0,0,0,870,0,0,0,0,0,0,0,0,0,0,0,0,0,0,0,0,0,0,0,0,0,0,0,0,0,0,0,0,0,0,2.6666666666666665,2.6666666666666665,4,3,0,2.6666666666666665
20211009210807,4,1,1,31,2,100,1,4,1,1,1,1,1,1,1,2,1,1,1,6,1,75,0,75,5,0,70,0,0,0,0,0,0,0,0,0,0,0,0,0,0,0,0,0,30,30,0,306,0,55,3,110,138,0,0,0,0,0,570,0,0,0,0,120,570,450,450,0,0,0,0,419,0,65,0,354,0,40,0,10,0,0,0,0,0,0,0,30,0,0,0,0,0,0,0,0,0,0,0,0,0,0,0,0,0,0,5.666666666666667,0,2,1.3333333333333333,0,5
20211009210811,2,1,1,40,2,100,6,2,1,1,1,1,1,1,1,2,2,2,2,10,1,190,0,155,0,0,155,35,0,0,0,0,0,0,0,0,0,0,0,0,0,0,0,0,105,80,15,65,0,30,0,35,0,0,0,0,0,0,290,0,0,0,0,290,290,0,0,0,0,140,0,600,0,90,0,510,0,190,0,100,0,60,0,15,0,0,0,75,15,0,0,0,0,0,0,0,0,0,0,0,0,0,0,0,0,0,5,0,0,0,0,5
20211009210840,2,1,1,46,2,100,4,3,2,1,1,1,1,2,1,4,1,1,1,8,1,30,0,30,0,0,30,0,25,10,0,10,0,15,61,0,0,0,61,0,0,0,0,0,130,130,0,115,0,15,0,100,0,0,0,0,0,0,334,0,0,0,0,334,334,0,0,0,0,180,0,723,0,40,0,683,0,22,0,10,0,0,0,0,0,0,0,12,0,0,0,0,0,0,0,0,0,0,0,0,0,0,0,0,0,0,3.3333333333333335,0,5.666666666666667,0,0,2.3333333333333335
20211009210862,2,1,1,26,2,100,6,2,1,1,1,1,1,1,1,2,2,2,1,6,1,145,0,145,0,0,145,0,25,0,0,0,0,25,0,0,0,0,0,0,0,0,0,0,60,60,0,90,0,40,0,40,0,0,0,0,10,0,290,0,130,0,0,150,280,130,0,0,10,150,145,630,0,60,0,570,0,55,0,40,0,0,0,0,0,0,0,15,0,0,0,0,0,0,0,0,0,0,0,0,0,0,0,0,0,0,5.666666666666667,0,2,0,0,4.666666666666667
20211009210877,4,1,2,44,1,131,1,3,1,1,1,1,1,1,1,2,2,2,3,7,1,90,0,90,90,0,0,0,0,0,0,0,0,0,0,0,0,0,0,0,0,0,0,0,110,75,35,60,0,60,0,0,0,0,0,0,0,0,90,0,0,0,30,60,60,0,0,30,0,60,120,385,0,0,0,385,0,0,0,0,0,0,0,0,0,0,0,0,0,45,0,0,0,0,0,30,0,15,0,0,540,0,0,0,540,0,3,0.3333333333333333,0.6666666666666666,0.6666666666666666,0,3.6666666666666665
20211009210887,3,1,1,50,1,100,1,3,1,1,1,1,1,1,1,3,1,1,2,7,1,10,0,10,0,0,10,0,0,0,0,0,0,0,0,0,0,0,0,0,0,0,0,0,5,5,0,47,0,15,0,2,0,0,30,0,0,0,120,0,0,0,0,120,120,0,0,0,0,60,0,441,0,6,0,435,0,28,0,5,0,0,0,0,0,0,20,3,0,0,0,0,0,0,0,0,0,0,0,0,789,0,0,60,729,0,0.6666666666666666,0,1.6666666666666667,3,0.3333333333333333,4.333333333333333
20211009210900,5,1,2,34,1,100,6,3,2,1,1,1,1,1,2,3,2,1,1,8,1,121,0,121,0,0,121,0,0,0,0,0,0,0,0,0,0,0,0,0,0,0,0,0,20,20,0,402,0,65,0,87,150,0,40,60,0,0,268,0,0,0,0,268,268,0,0,0,0,148,0,570,0,0,0,570,0,59,0,40,0,0,0,0,0,0,0,19,0,0,0,0,0,0,0,0,0,0,0,0,0,0,0,0,0,0,4,0,0.6666666666666666,0.6666666666666666,0,4.333333333333333
20211009210908,3,1,1,59,2,100,1,2,1,1,1,1,1,1,1,1,2,2,2,8,1,0,0,0,0,0,0,0,0,0,0,0,0,0,0,0,0,0,0,0,0,0,0,0,60,60,0,255,0,45,0,210,0,0,0,0,0,0,450,0,280,0,0,120,400,280,0,0,50,120,0,605,0,120,0,485,0,70,0,60,0,60,0,0,0,0,0,10,0,0,0,0,0,0,0,0,0,0,0,0,0,0,0,0,0,0,5,0,0,0,0,5
20211009210920,4,1,1,60,1,100,1,3,1,1,1,1,1,1,1,2,1,1,1,9,1,0,0,0,0,0,0,0,0,0,0,0,0,0,0,0,0,0,0,0,0,0,0,0,108,105,3,15,0,15,0,0,0,0,0,0,0,0,237,0,0,0,0,237,237,0,0,0,0,237,0,390,0,0,0,390,0,0,0,0,0,0,0,0,0,0,0,0,0,0,0,0,0,0,0,0,0,0,0,0,690,0,0,3,687,0,5,0,3.3333333333333335,1,3,5
20211009210943,4,1,2,35,1,100,1,2,1,1,1,1,1,1,1,3,1,1,1,7,1,260,0,185,0,0,185,75,0,0,0,0,0,0,0,0,0,0,0,0,0,0,0,0,140,140,0,135,0,65,10,0,0,0,0,0,60,0,380,0,0,0,0,250,350,100,100,0,30,250,0,525,0,30,0,495,0,0,0,0,0,0,0,0,0,0,0,0,0,0,0,0,0,0,0,0,0,0,0,0,0,0,0,0,0,0,3,1,4.666666666666667,3.6666666666666665,1,6
20211009210945,3,1,2,43,2,100,4,5,1,1,1,1,1,1,1,3,2,1,3,10,1,95,0,80,0,0,80,15,0,0,0,0,0,0,0,0,0,0,0,0,0,0,0,0,120,60,60,530,0,80,0,440,0,0,10,0,0,0,45,0,0,0,0,45,45,0,0,0,0,0,0,525,0,60,0,465,0,125,0,65,0,0,0,0,0,0,0,60,0,0,0,0,0,0,0,0,0,0,0,0,0,0,0,0,0,0,4,2.6666666666666665,4,1.3333333333333333,3.6666666666666665,6
20211009210949,4,1,2,42,2,100,1,1,1,1,1,1,1,1,1,1,2,2,1,10,1,160,0,150,0,0,150,10,7,0,0,0,1,6,0,0,0,0,0,0,0,0,0,0,70,60,10,180,0,0,0,90,70,0,0,0,20,0,400,0,255,0,0,120,375,255,0,0,25,120,0,603,0,10,0,593,0,0,0,0,0,0,0,0,0,0,0,0,0,0,0,0,0,0,0,0,0,0,0,0,20,0,0,0,20,0,6,0,3,0,0,6
20211009210967,4,1,1,32,2,100,1,3,1,1,1,1,1,1,1,2,2,1,2,9,1,210,0,210,0,0,210,0,0,0,0,0,0,0,0,0,0,0,0,0,0,0,0,0,75,75,0,360,0,290,0,70,0,0,0,0,0,0,100,0,0,0,0,100,100,0,0,0,0,90,0,695,0,30,0,665,0,0,0,0,0,0,0,0,0,0,0,0,0,0,0,0,0,0,0,0,0,0,0,0,0,0,0,0,0,0,6,1.3333333333333333,3.6666666666666665,2.3333333333333335,0,5.333333333333333
20211009210977,4,1,2,33,2,100,4,3,1,1,1,1,1,1,1,2,2,2,2,8,1,245,0,105,15,0,90,140,0,0,0,0,0,0,0,0,0,0,0,0,0,0,0,0,20,20,0,355,0,5,10,340,0,0,0,0,0,0,150,0,0,0,0,90,150,60,60,0,0,70,0,500,0,30,0,470,0,170,0,75,0,0,0,0,0,0,0,95,0,0,0,0,0,0,0,0,0,0,0,0,0,0,0,0,0,0,3.6666666666666665,2.3333333333333335,5.333333333333333,4,0,4.333333333333333
20211009210984,2,1,1,25,2,100,4,3,1,1,1,1,1,1,1,3,1,2,2,3,1,40,0,26,0,0,26,14,0,0,0,0,0,0,0,0,0,0,0,0,0,0,0,0,90,90,0,10,0,10,0,0,0,0,0,0,0,0,446,0,0,0,0,0,436,436,436,0,10,0,0,425,0,35,0,365,25,0,0,0,0,0,0,0,0,0,0,0,0,0,0,0,0,0,0,0,0,0,0,0,429,0,0,6,423,0,4,0,1.6666666666666667,1.3333333333333333,0,4
20211009210985,4,1,2,45,1,100,1,4,1,1,1,1,1,1,1,1,2,2,1,8,1,0,0,0,0,0,0,0,0,0,0,0,0,0,0,0,0,0,0,0,0,0,0,0,45,45,0,165,0,65,20,0,0,20,45,0,15,0,195,120,0,0,0,70,190,0,0,0,5,0,0,515,0,135,0,380,0,0,0,0,0,0,0,0,0,0,0,0,0,0,0,0,0,0,0,0,0,0,0,0,520,0,0,20,500,0,5.666666666666667,0,2,0.6666666666666666,0,6
20211009210986,4,1,2,35,1,100,1,2,1,1,1,1,1,1,1,2,1,1,1,7,1,270,0,245,30,0,215,25,0,0,0,0,0,0,0,0,0,0,0,0,0,0,0,0,40,40,0,95,0,65,0,30,0,0,0,0,0,0,210,0,0,0,90,120,120,0,0,90,0,120,0,435,0,15,0,420,0,0,0,0,0,0,0,0,0,0,0,0,0,0,0,0,0,0,0,0,0,0,0,0,390,385,0,5,0,0,4,1.3333333333333333,2,1,4,5.666666666666667
20211009210998,4,1,2,36,1,100,1,1,1,1,1,1,1,1,1,1,2,2,2,10,1,60,0,60,0,0,60,0,0,0,0,0,0,0,0,0,0,0,0,0,0,0,0,0,60,60,0,0,0,0,0,0,0,0,0,0,0,0,0,0,0,0,0,0,0,0,0,0,0,0,0,600,0,60,0,540,0,0,0,0,0,0,0,0,0,0,0,0,0,0,0,0,0,0,0,0,0,0,0,0,720,0,0,60,660,0,6,0,0.6666666666666666,0,0,6
20211009211017,4,1,2,34,2,100,1,1,1,1,1,1,1,1,1,2,2,2,1,6,1,320,0,320,0,0,320,0,0,0,0,0,0,0,0,0,0,0,0,0,0,0,0,0,130,105,25,120,0,30,0,90,0,0,0,0,0,0,240,0,0,0,0,240,240,0,0,0,0,120,0,603,0,60,0,543,0,27,0,7,0,0,0,0,0,0,0,20,0,0,0,0,0,0,0,0,0,0,0,0,0,0,0,0,0,0,5,0,2,1,0,2.3333333333333335
20211009211037,5,1,3,27,2,200,1,3,1,1,1,1,1,1,1,3,2,2,1,8,1,324,0,292,0,0,292,32,0,0,0,0,0,0,0,0,0,0,0,0,0,0,0,0,25,25,0,166,0,0,2,149,0,0,0,0,15,0,180,0,0,0,0,180,180,0,0,0,0,180,0,540,0,90,0,450,0,205,0,113,0,53,60,0,0,0,60,32,0,0,0,0,0,0,0,0,0,0,0,0,0,0,0,0,0,0,5,0,2.6666666666666665,0.6666666666666666,0,6
20211009211066,5,1,1,54,2,100,1,4,1,1,1,1,1,1,1,2,1,1,2,7,1,0,0,0,0,0,0,0,0,0,0,0,0,0,0,0,0,0,0,0,0,0,0,0,70,70,0,420,0,145,0,215,0,60,0,0,0,0,150,0,0,0,0,150,150,0,0,0,0,150,0,725,0,20,0,705,0,75,0,0,0,0,0,25,0,0,0,50,25,0,0,0,0,0,0,0,0,0,0,0,0,0,0,0,0,0,1.6666666666666667,0,2.6666666666666665,1.3333333333333333,5,6
20211009211074,3,1,2,41,2,100,6,3,1,1,1,1,1,1,1,4,1,1,3,3,1,106,0,71,0,0,71,35,0,0,0,0,0,0,36,35,35,0,1,0,0,0,0,0,20,20,0,330,0,30,5,220,30,0,45,0,0,0,103,0,0,0,0,103,103,0,0,0,0,8,0,620,0,15,0,605,0,225,0,185,0,150,0,0,0,0,0,40,0,0,0,0,0,0,0,0,0,0,0,0,0,0,0,0,0,0,3.6666666666666665,4.666666666666667,6,4.666666666666667,4,5.333333333333333
20211009211080,4,1,2,48,1,100,1,2,1,1,1,1,1,1,1,1,2,1,2,8,1,30,0,30,0,0,30,0,0,0,0,0,0,0,0,0,0,0,0,0,0,0,0,0,185,185,0,30,0,30,0,0,0,0,0,0,0,0,220,0,0,0,0,190,220,30,30,0,0,120,0,595,0,55,0,540,0,0,0,0,0,0,0,0,0,0,0,0,0,0,0,0,0,0,0,0,0,0,0,0,380,0,0,40,340,0,5,0.6666666666666666,1.3333333333333333,1.3333333333333333,1,5
20211009211085,4,1,3,41,2,100,4,2,1,1,1,1,1,1,1,2,2,2,3,3,1,0,0,0,0,0,0,0,0,0,0,0,0,0,0,0,0,0,0,0,0,0,0,0,45,45,0,187,0,45,0,142,0,0,0,0,0,0,100,0,0,0,0,100,100,0,0,0,0,60,0,610,0,30,0,580,0,0,0,0,0,0,0,0,0,0,0,0,0,0,0,0,0,0,0,0,0,0,0,0,498,0,0,50,448,0,3.3333333333333335,0,0.6666666666666666,2.3333333333333335,0,6
20211009211092,3,1,2,41,2,100,4,2,1,1,1,1,1,1,1,1,2,2,1,8,1,39,0,24,0,0,24,15,0,0,0,0,0,0,10,10,10,0,0,0,0,0,0,0,15,15,0,110,0,110,0,0,0,0,0,0,0,0,120,0,0,0,0,120,120,0,0,0,0,120,64,602,0,50,0,552,0,0,0,0,0,0,0,0,0,0,0,0,0,0,0,0,0,0,0,0,0,0,0,0,480,0,0,5,475,0,6,0,0,0,0,6
20211009211115,3,1,1,42,1,110,4,3,1,1,1,1,1,1,1,3,2,2,2,5,1,60,0,40,0,0,40,20,0,0,0,0,0,0,0,0,0,0,0,0,0,0,0,0,75,75,0,0,0,0,0,0,0,0,0,0,0,0,150,0,0,0,0,150,150,0,0,0,0,150,45,570,0,60,0,510,0,0,0,0,0,0,0,0,0,0,0,0,0,0,0,0,0,0,0,0,0,0,0,0,540,0,0,0,540,0,3,0,3,0,0,6
20211009211116,6,1,1,47,2,131,1,3,1,1,1,1,1,1,1,1,2,2,2,10,1,0,0,0,0,0,0,0,0,0,0,0,0,0,0,0,0,0,0,0,0,0,0,0,45,45,0,120,0,0,0,120,0,0,0,0,0,0,780,0,0,0,60,270,660,390,390,60,60,150,0,495,0,25,0,470,0,0,0,0,0,0,0,0,0,0,0,0,0,0,0,0,0,0,0,0,0,0,0,0,0,0,0,0,0,0,0,0,2.3333333333333335,0,0,1
20211009211130,2,1,1,57,2,100,4,2,1,1,1,1,1,1,1,2,2,2,3,7,1,206,0,206,0,0,206,0,0,0,0,0,0,0,0,0,0,0,0,0,0,0,0,0,50,50,0,96,0,21,0,75,0,0,0,0,0,0,265,0,0,0,0,119,254,135,135,0,11,119,0,753,0,63,0,690,0,0,0,0,0,0,0,0,0,0,0,0,0,70,0,0,0,0,0,65,0,5,0,0,0,0,0,0,0,0,3.3333333333333335,1.3333333333333333,1.6666666666666667,2.6666666666666665,0,3.6666666666666665
20211009211133,4,1,2,41,2,100,1,3,1,1,1,1,1,1,1,1,2,2,3,7,1,140,0,140,0,0,140,0,110,10,0,10,0,100,0,0,0,0,0,0,0,0,0,0,80,65,15,130,0,40,0,60,0,30,0,0,0,0,370,0,0,0,0,210,370,160,160,0,0,190,0,570,0,0,0,570,0,40,0,4,0,0,0,0,0,0,0,36,0,0,0,0,0,0,0,0,0,0,0,0,0,0,0,0,0,0,2,0.6666666666666666,2.6666666666666665,2.6666666666666665,1,2.3333333333333335
20211009211134,3,1,1,42,1,100,1,3,1,1,1,1,1,1,1,2,2,2,1,10,1,260,30,202,0,0,202,28,110,0,0,0,75,35,0,0,0,0,0,0,0,0,0,0,40,40,0,95,0,0,15,0,0,0,0,0,60,20,410,0,0,0,0,60,353,293,293,0,57,60,0,450,0,30,0,420,0,75,0,10,0,0,0,10,0,0,0,55,10,0,0,0,0,0,0,0,0,0,0,0,0,0,0,0,0,0,6,0,0,0,0,6
20211009211135,3,1,1,41,2,100,1,4,1,1,1,1,1,1,1,2,2,2,2,8,1,435,0,435,0,0,435,0,0,0,0,0,0,0,120,120,120,0,0,0,0,0,0,0,105,105,0,150,0,30,0,120,0,0,0,0,0,0,165,0,0,0,45,120,120,0,0,45,0,0,75,390,0,30,0,360,0,0,0,0,0,0,0,0,0,0,0,0,0,0,0,0,0,0,0,0,0,0,0,0,0,0,0,0,0,0,3.6666666666666665,1.6666666666666667,3.6666666666666665,5,2.3333333333333335,2.6666666666666665
20211009211198,4,1,1,29,1,100,1,1,1,1,1,1,1,1,1,2,2,2,1,6,1,35,0,35,0,0,35,0,0,0,0,0,0,0,0,0,0,0,0,0,0,0,0,0,30,30,0,75,0,75,0,0,0,0,0,0,0,0,560,180,0,0,0,295,475,0,0,0,85,295,0,660,0,15,0,645,0,80,0,30,0,30,0,30,0,0,0,20,30,0,0,0,0,0,0,0,0,0,0,0,0,0,0,0,0,0,4,0,1,1.6666666666666667,1,4
20211009211202,5,1,3,29,2,100,1,3,1,1,1,1,1,1,1,1,2,1,1,7,1,407,65,252,0,0,252,90,0,0,0,0,0,0,0,0,0,0,0,0,120,0,120,0,55,55,0,430,0,95,60,15,240,0,20,0,0,0,120,0,0,0,0,120,120,0,0,0,0,60,0,240,0,60,0,180,0,68,0,60,0,60,0,0,0,0,0,8,0,0,0,0,0,0,0,0,0,0,0,0,0,0,0,0,0,0,5,0,2.3333333333333335,1,1,5
20211009211218,4,1,2,42,1,100,1,2,1,1,1,1,1,1,1,2,1,1,1,6,1,30,0,30,0,0,30,0,0,0,0,0,0,0,0,0,0,0,0,0,0,0,0,0,90,90,0,40,0,0,0,0,0,0,40,0,0,0,300,130,0,0,0,150,280,0,0,0,20,0,60,855,0,20,0,835,0,65,0,35,0,0,0,0,0,0,0,30,0,0,0,0,0,0,0,0,0,0,0,0,0,0,0,0,0,0,5.333333333333333,0.3333333333333333,4.333333333333333,2.6666666666666665,2,4.666666666666667
20211009211246,3,1,2,45,2,100,3,1,1,1,1,1,1,1,1,4,2,1,2,9,1,156,0,45,0,0,45,111,0,0,0,0,0,0,35,30,30,0,5,0,0,0,0,0,17,17,0,442,0,63,5,359,0,0,14,1,0,0,30,0,0,0,0,30,30,0,0,0,0,0,0,520,0,35,0,485,0,235,0,115,0,60,40,0,0,0,40,80,0,5,0,0,0,0,0,5,0,0,0,0,0,0,0,0,0,0,5,0,2,1,0,5.333333333333333
20211009211250,5,1,2,36,1,131,1,4,1,1,1,1,1,1,1,1,2,2,2,9,1,85,0,85,0,0,85,0,0,0,0,0,0,0,0,0,0,0,0,0,0,0,0,0,45,45,0,512,0,30,0,2,0,480,0,0,0,0,438,0,0,0,0,438,438,0,0,0,0,438,0,360,0,20,0,340,0,0,0,0,0,0,0,0,0,0,0,0,0,0,0,0,0,0,0,0,0,0,0,0,0,0,0,0,0,0,5,0,2,1.6666666666666667,0,4.666666666666667
20211009211251,4,1,2,50,1,100,1,2,1,1,1,1,1,1,1,2,2,2,2,9,1,90,0,90,0,0,90,0,0,0,0,0,0,0,0,0,0,0,0,0,0,0,0,0,35,20,15,0,0,0,0,0,0,0,0,0,0,0,0,0,0,0,0,0,0,0,0,0,0,0,0,555,0,30,0,525,0,670,10,120,0,0,0,0,0,0,10,540,0,0,0,0,0,0,0,0,0,0,0,0,90,0,0,0,90,0,3.6666666666666665,0,3,1.3333333333333333,0.3333333333333333,3.6666666666666665
20211009211260,5,1,3,37,2,100,1,3,1,1,1,1,1,1,1,2,2,2,1,7,1,225,0,170,0,0,170,55,0,0,0,0,0,0,15,15,15,0,0,0,0,0,0,0,20,20,0,45,0,45,0,0,0,0,0,0,0,0,130,0,0,0,60,60,60,0,0,60,10,60,0,495,0,15,0,480,0,70,30,15,0,0,0,0,0,0,30,25,0,50,0,0,0,0,0,0,10,40,10,10,390,0,0,35,355,0,4.666666666666667,0.3333333333333333,1.6666666666666667,2.6666666666666665,0,4.666666666666667
20211009211265,4,1,2,28,2,100,6,2,1,1,1,1,1,1,1,2,2,2,1,7,1,570,0,550,0,0,550,20,0,0,0,0,0,0,0,0,0,0,0,0,0,0,0,0,30,30,0,210,0,90,0,120,0,0,0,0,0,0,60,0,0,0,0,60,60,0,0,0,0,60,0,390,0,0,0,390,0,180,0,60,0,60,60,0,0,0,60,60,0,0,0,0,0,0,0,0,0,0,0,0,0,0,0,0,0,0,5,0,2.3333333333333335,2,0,4.666666666666667
20211009211276,6,1,3,57,1,110,1,3,1,1,1,1,1,1,1,2,1,2,2,5,1,31,0,31,31,0,0,0,0,0,0,0,0,0,0,0,0,0,0,0,0,0,0,0,30,30,0,30,0,30,0,0,0,0,0,0,0,0,454,0,0,0,0,454,454,0,0,0,0,364,10,755,0,50,0,705,0,130,0,80,0,50,0,0,0,0,0,50,0,0,0,0,0,0,0,0,0,0,0,0,0,0,0,0,0,0,6,0,0,0,0,6
20211009211281,4,1,2,47,2,200,1,1,1,1,1,1,1,1,1,2,1,2,3,9,1,240,0,210,60,0,150,30,0,0,0,0,0,0,0,0,0,0,0,0,0,0,0,0,45,45,0,15,0,15,0,0,0,0,0,0,0,0,30,0,0,0,0,0,30,30,30,0,0,0,0,540,0,45,0,495,0,0,0,0,0,0,0,0,0,0,0,0,0,0,0,0,0,0,0,0,0,0,0,0,570,0,0,0,570,0,5,0,2.6666666666666665,1.3333333333333333,0,6
20211009211285,5,1,4,31,2,120,6,3,1,1,1,1,1,1,1,2,1,1,2,7,1,244,0,220,0,0,220,24,0,0,0,0,0,0,0,0,0,0,0,0,0,0,0,0,20,20,0,321,0,120,20,121,0,60,0,0,0,0,165,0,0,0,0,165,165,0,0,0,0,105,0,390,0,20,15,355,0,300,0,140,0,0,60,0,0,0,60,100,0,0,0,0,0,0,0,0,0,0,0,0,0,0,0,0,0,0,6,0,5.333333333333333,2,4,6
20211009211320,3,1,1,30,1,100,1,4,1,1,1,1,1,1,1,1,1,2,1,7,1,187,0,187,0,0,187,0,0,0,0,0,0,0,0,0,0,0,0,0,0,0,0,0,60,60,0,30,0,30,0,0,0,0,0,0,0,0,180,0,0,0,0,180,180,0,0,0,0,180,0,370,0,40,0,330,0,0,0,0,0,0,0,0,0,0,0,0,0,0,0,0,0,0,0,0,0,0,0,0,613,0,0,26,587,0,3,0,3.6666666666666665,3.3333333333333335,1.3333333333333333,3
20211009211329,3,1,1,39,2,100,1,2,1,1,1,1,1,1,1,4,2,2,3,7,1,210,0,210,0,0,210,0,0,0,0,0,0,0,0,0,0,0,0,0,0,0,0,0,30,30,0,280,0,35,0,20,0,185,40,0,0,0,230,0,0,0,115,90,90,0,0,115,25,0,0,525,0,45,0,480,0,165,0,120,0,120,0,0,0,0,0,45,0,0,0,0,0,0,0,0,0,0,0,0,0,0,0,0,0,0,5.333333333333333,1.3333333333333333,2.6666666666666665,1.3333333333333333,0,6
20211009211332,3,1,1,26,2,100,1,3,1,1,1,1,1,1,1,2,1,2,1,7,1,375,0,345,0,0,345,30,0,0,0,0,0,0,0,0,0,0,0,0,0,0,0,0,80,50,0,40,0,25,0,0,0,0,15,0,0,0,300,0,0,0,0,300,300,0,0,0,0,300,0,555,0,0,0,555,0,30,0,30,0,0,0,0,0,0,0,0,0,0,0,0,0,0,0,0,0,0,0,0,60,0,0,0,60,0,5,0,3,0,0,3
20211009211342,4,1,2,39,1,100,1,2,1,1,1,1,1,1,1,2,1,2,1,8,1,155,0,135,0,0,135,20,0,0,0,0,0,0,0,0,0,0,0,0,0,0,0,0,20,20,0,80,0,70,2,8,0,0,0,0,0,0,165,0,0,0,0,165,165,0,0,0,0,135,30,395,0,35,0,360,0,110,0,60,0,60,0,0,0,0,0,50,0,0,0,0,0,0,0,0,0,0,0,0,485,0,0,35,450,0,3.3333333333333335,0.6666666666666666,2.6666666666666665,2.3333333333333335,0,4
20211009211367,2,1,1,39,2,100,5,3,2,1,1,1,1,1,2,2,2,1,3,8,1,20,0,20,0,0,20,0,0,0,0,0,0,0,0,0,0,0,0,0,0,0,0,0,45,45,0,130,0,65,5,60,0,0,0,0,0,0,210,0,0,0,0,120,210,90,90,0,0,120,154,760,0,0,0,760,0,121,0,101,0,101,0,0,0,0,0,20,0,0,0,0,0,0,0,0,0,0,0,0,0,0,0,0,0,0,4,2.6666666666666665,5.666666666666667,2.6666666666666665,4,5.333333333333333
20211009211380,3,1,1,36,2,100,1,2,1,1,1,1,1,1,1,1,2,2,2,8,1,122,0,122,0,0,122,0,0,0,0,0,0,0,0,0,0,0,0,0,0,0,0,0,115,90,25,278,0,0,5,273,0,0,0,0,0,0,210,0,0,0,0,5,170,165,165,0,40,0,0,665,0,35,0,630,0,50,0,30,0,0,0,0,0,0,0,20,0,0,0,0,0,0,0,0,0,0,0,0,0,0,0,0,0,0,4.333333333333333,0,3.6666666666666665,1,0,2.6666666666666665
20211009211381,5,1,2,57,2,100,3,3,2,1,1,1,1,2,1,1,1,2,2,10,1,180,0,180,0,0,180,0,0,0,0,0,0,0,0,0,0,0,0,0,0,0,0,0,60,60,0,200,0,135,45,0,0,0,0,0,20,0,355,0,145,0,0,150,325,175,30,0,30,30,0,645,0,75,0,570,0,0,0,0,0,0,0,0,0,0,0,0,0,0,0,0,0,0,0,0,0,0,0,0,0,0,0,0,0,0,6,0,3,0,2,6
20211009211398,5,1,1,42,2,100,1,4,2,1,1,1,1,2,1,3,1,1,3,7,1,311,0,226,20,0,206,85,0,0,0,0,0,0,20,0,0,0,20,0,0,0,0,0,15,15,0,150,0,90,0,60,0,0,0,0,0,0,125,0,0,0,0,125,125,0,0,0,0,60,0,559,0,60,14,485,0,205,0,125,0,120,0,0,0,0,0,80,0,55,0,0,0,0,0,55,0,0,0,0,0,0,0,0,0,0,5.333333333333333,0.6666666666666666,5.333333333333333,2.6666666666666665,4,5
20211009211428,2,1,1,49,2,100,5,4,1,1,1,1,1,1,1,2,2,1,1,5,1,0,0,0,0,0,0,0,0,0,0,0,0,0,20,0,0,0,20,0,0,0,0,0,60,60,0,80,0,80,0,0,0,0,0,0,0,0,170,0,0,0,0,170,170,0,0,0,0,120,0,610,0,35,0,540,35,0,0,0,0,0,0,0,0,0,0,0,0,0,0,0,0,0,0,0,0,0,0,0,500,0,0,20,480,0,5.666666666666667,4.333333333333333,4.666666666666667,5,4,4.666666666666667
20211009211481,5,1,3,33,1,100,1,3,1,1,1,1,1,1,1,2,1,2,1,8,1,360,0,330,0,0,330,30,0,0,0,0,0,0,0,0,0,0,0,0,0,0,0,0,60,60,0,120,0,60,0,60,0,0,0,0,0,0,225,0,0,0,0,225,225,0,0,0,0,225,0,555,0,15,0,540,0,0,0,0,0,0,0,0,0,0,0,0,0,120,0,0,0,0,0,115,0,5,0,0,0,0,0,0,0,0,4.333333333333333,0,1.3333333333333333,0.6666666666666666,0,4.666666666666667
20211009211505,7,1,4,49,1,100,1,5,1,1,1,1,1,1,1,4,1,2,2,5,1,97,0,57,0,0,57,40,0,0,0,0,0,0,10,0,0,0,10,0,0,0,0,0,40,40,0,135,0,50,0,60,0,0,25,0,0,0,298,0,0,0,0,223,298,75,75,0,0,203,0,730,0,40,0,690,0,130,0,0,0,0,110,0,0,0,110,20,0,0,0,0,0,0,0,0,0,0,0,0,0,0,0,0,0,0,3.6666666666666665,0,6,0,3.3333333333333335,4.666666666666667
20211009211527,5,1,3,37,1,100,1,3,1,1,1,1,1,1,1,2,2,2,2,5,1,0,0,0,0,0,0,0,0,0,0,0,0,0,0,0,0,0,0,0,0,0,0,0,40,40,0,191,100,15,0,0,0,0,0,0,76,0,69,0,0,0,0,69,69,0,0,0,0,69,0,540,0,40,0,500,0,0,0,0,0,0,0,0,0,0,0,0,0,0,0,0,0,0,0,0,0,0,0,0,600,0,0,35,565,0,2,0,2.6666666666666665,0.6666666666666666,0,2
20211009211540,4,1,2,38,1,100,1,2,1,1,1,1,1,1,1,1,1,2,2,10,1,400,0,320,0,0,320,80,0,0,0,0,0,0,0,0,0,0,0,0,0,0,0,0,45,45,0,255,255,0,0,0,0,0,0,0,0,0,230,0,0,0,0,230,230,0,0,0,0,230,0,510,0,0,0,510,0,0,0,0,0,0,0,0,0,0,0,0,0,0,0,0,0,0,0,0,0,0,0,0,0,0,0,0,0,0,4.666666666666667,0,0.6666666666666666,1.3333333333333333,0,4.666666666666667
20211009211544,5,1,3,42,1,100,1,1,1,1,1,1,1,1,1,1,2,1,2,8,1,375,0,320,0,0,320,55,0,0,0,0,0,0,0,0,0,0,0,0,0,0,0,0,120,120,0,170,0,120,30,20,0,0,0,0,0,0,20,0,0,0,0,0,20,20,20,0,0,0,0,525,0,15,0,510,0,230,0,160,0,0,0,0,0,0,0,70,0,0,0,0,0,0,0,0,0,0,0,0,0,0,0,0,0,0,3.3333333333333335,0,4,3.3333333333333335,0.6666666666666666,2
20211009211545,4,1,2,62,2,120,4,4,1,1,1,1,1,1,1,1,2,2,1,10,1,60,0,40,0,0,40,20,0,0,0,0,0,0,5,5,0,5,0,0,0,0,0,0,30,30,0,310,0,65,0,120,0,120,0,0,5,0,75,0,0,0,0,75,75,0,0,0,0,75,0,710,0,60,0,650,0,250,0,145,0,0,0,0,0,0,0,105,0,0,0,0,0,0,0,0,0,0,0,0,0,0,0,0,0,0,6,0,5,0,0,6
20211009211569,3,1,1,48,2,100,1,4,1,1,1,1,1,1,1,1,2,2,2,8,1,0,0,0,0,0,0,0,0,0,0,0,0,0,0,0,0,0,0,0,0,0,0,0,70,70,0,85,0,15,0,60,0,0,10,0,0,0,420,165,0,0,0,185,380,30,30,0,40,125,0,770,0,60,0,710,0,95,0,50,0,0,0,0,0,0,0,45,0,0,0,0,0,0,0,0,0,0,0,0,0,0,0,0,0,0,4,0,0.6666666666666666,0.6666666666666666,0,2.6666666666666665
20211009211571,4,1,2,34,1,100,1,2,1,1,1,1,1,1,1,1,1,2,2,7,1,50,0,50,0,0,50,0,0,0,0,0,0,0,0,0,0,0,0,0,0,0,0,0,80,70,10,90,0,30,0,0,0,60,0,0,0,0,120,0,0,0,0,120,120,0,0,0,0,120,0,480,0,60,0,420,0,0,0,0,0,0,0,0,0,0,0,0,0,0,0,0,0,0,0,0,0,0,0,0,620,0,0,30,590,0,4,0,0.3333333333333333,0.3333333333333333,0,3.6666666666666665
20211009211578,7,1,3,37,2,110,1,2,1,1,1,1,1,1,1,2,2,2,2,7,1,184,0,160,0,0,160,24,0,0,0,0,0,0,0,0,0,0,0,0,0,0,0,0,60,60,0,90,0,90,0,0,0,0,0,0,0,0,510,0,0,0,0,30,330,300,300,0,180,0,0,566,0,140,0,426,0,0,0,0,0,0,0,0,0,0,0,0,0,30,0,0,0,0,0,30,0,0,0,0,0,0,0,0,0,0,3,0,1.6666666666666667,1.3333333333333333,0.3333333333333333,1
20211009211581,4,1,1,49,2,100,1,2,1,1,1,1,1,1,1,2,2,2,1,8,1,0,0,0,0,0,0,0,0,0,0,0,0,0,0,0,0,0,0,0,0,0,0,0,150,120,30,10,0,0,0,10,0,0,0,0,0,0,445,0,0,0,0,205,415,210,210,0,30,205,0,785,0,95,0,690,0,50,0,30,0,30,0,0,0,0,0,20,0,0,0,0,0,0,0,0,0,0,0,0,0,0,0,0,0,0,5.333333333333333,0,2,0,0,5
20211009211582,4,1,1,60,1,100,1,2,1,1,1,1,1,1,1,1,2,2,2,8,1,0,0,0,0,0,0,0,0,0,0,0,0,0,0,0,0,0,0,0,0,0,0,0,45,45,0,35,0,35,0,0,0,0,0,0,0,0,110,0,0,0,0,110,110,0,0,0,0,110,0,370,0,70,0,300,0,25,0,25,0,0,0,0,0,0,0,0,0,0,0,0,0,0,0,0,0,0,0,0,855,0,0,35,820,0,6,0,1,0,0,0
20211009211598,3,1,1,34,1,100,1,3,1,1,1,1,1,1,1,1,2,2,3,8,1,0,0,0,0,0,0,0,0,0,0,0,0,0,0,0,0,0,0,0,0,0,0,0,105,90,15,30,0,0,0,30,0,0,0,0,0,0,90,0,0,0,0,90,90,0,0,0,0,90,0,805,0,80,0,725,0,170,0,100,0,60,0,0,0,0,0,70,0,240,0,0,0,90,0,140,0,10,90,90,0,0,0,0,0,0,4,0,3.6666666666666665,3,0,4.666666666666667
20211009211616,3,1,1,61,2,100,1,4,1,1,1,1,1,1,1,2,2,2,2,7,1,0,0,0,0,0,0,0,0,0,0,0,0,0,0,0,0,0,0,0,0,0,0,0,75,75,0,340,0,160,0,180,0,0,0,0,0,0,440,0,0,0,0,440,440,0,0,0,0,440,0,585,0,0,0,585,0,0,0,0,0,0,0,0,0,0,0,0,0,0,0,0,0,0,0,0,0,0,0,0,0,0,0,0,0,0,3.6666666666666665,3.6666666666666665,4.333333333333333,3.6666666666666665,4,4
20211009211619,5,1,3,52,1,100,1,2,1,1,1,1,1,1,1,2,2,2,2,8,1,30,0,30,0,0,30,0,0,0,0,0,0,0,0,0,0,0,0,0,0,0,0,0,45,45,0,10,0,10,0,0,0,0,0,0,0,0,155,0,0,0,0,125,155,30,30,0,0,125,0,510,0,60,0,450,0,0,0,0,0,0,0,0,0,0,0,0,0,0,0,0,0,0,0,0,0,0,0,0,690,0,0,25,665,0,4.666666666666667,1.6666666666666667,4.333333333333333,2.3333333333333335,0.6666666666666666,4
20211009211628,4,1,2,44,2,100,1,2,1,1,1,1,1,1,1,3,1,2,2,10,1,145,0,145,0,0,145,0,0,0,0,0,0,0,0,0,0,0,0,0,0,0,0,0,105,105,0,20,0,20,0,0,0,0,0,0,0,0,300,0,0,0,0,300,300,0,0,0,0,225,0,735,0,30,0,705,0,0,0,0,0,0,0,0,0,0,0,0,0,135,0,0,0,0,0,90,0,45,0,0,0,0,0,0,0,0,5.333333333333333,0,6,3,0,5.666666666666667
20211009211654,4,1,2,28,1,100,1,4,1,1,1,1,1,1,1,4,2,1,2,7,1,150,0,150,0,0,150,0,0,0,0,0,0,0,0,0,0,0,0,0,120,0,120,0,60,60,0,0,0,0,0,0,0,0,0,0,0,0,90,0,0,0,0,90,90,0,0,0,0,0,0,480,0,0,0,480,0,0,0,0,0,0,0,0,0,0,0,0,0,0,0,0,0,0,0,0,0,0,0,0,540,0,0,120,420,0,6,0,4.666666666666667,1.3333333333333333,3.3333333333333335,6
20211009211664,6,1,5,31,2,110,6,3,1,1,1,1,1,1,1,1,2,1,2,10,1,165,0,90,0,0,90,75,0,0,0,0,0,0,0,0,0,0,0,0,265,245,0,20,100,100,0,210,0,15,10,140,0,0,0,0,45,0,150,0,0,0,0,150,150,0,0,0,0,120,40,510,0,30,0,480,0,0,0,0,0,0,0,0,0,0,0,0,0,0,0,0,0,0,0,0,0,0,0,0,0,0,0,0,0,0,0,4,5.666666666666667,6,4.666666666666667,6
20211009211679,5,1,3,38,2,100,4,4,1,1,1,1,1,1,1,1,2,2,1,10,1,100,0,70,60,0,10,30,0,0,0,0,0,0,0,0,0,0,0,0,0,0,0,0,1,1,0,180,0,180,0,0,0,0,0,0,0,0,60,0,0,0,0,60,60,0,0,0,0,60,0,510,0,10,0,500,0,0,0,0,0,0,0,0,0,0,0,0,0,0,0,0,0,0,0,0,0,0,0,0,589,0,0,10,579,0,6,2,4,2.3333333333333335,6,6
20211009211680,8,1,6,29,1,100,6,2,2,1,1,1,2,1,2,1,2,2,2,7,1,49,0,35,0,0,35,14,0,0,0,0,0,0,0,0,0,0,0,0,0,0,0,0,85,85,0,0,0,0,0,0,0,0,0,0,0,0,285,0,0,0,0,155,275,120,120,0,10,120,0,660,0,90,0,570,0,0,0,0,0,0,0,0,0,0,0,0,0,0,0,0,0,0,0,0,0,0,0,0,361,0,0,30,331,0,6,0,1.3333333333333333,1.6666666666666667,0,5.666666666666667
20211009211681,4,1,2,32,2,100,1,2,1,1,1,1,1,1,1,2,2,2,2,9,1,0,0,0,0,0,0,0,0,0,0,0,0,0,0,0,0,0,0,0,0,0,0,0,35,35,0,265,0,115,0,135,0,0,15,0,0,0,483,0,0,0,45,216,434,218,218,45,4,126,0,540,0,15,0,525,0,117,0,75,0,30,0,0,0,0,0,42,0,0,0,0,0,0,0,0,0,0,0,0,0,0,0,0,0,0,4,0,1.3333333333333333,0,0,5.333333333333333
20211009211682,3,1,1,51,2,110,5,4,1,1,1,1,1,1,1,4,1,1,2,5,1,0,0,0,0,0,0,0,0,0,0,0,0,0,0,0,0,0,0,0,0,0,0,0,0,0,0,0,0,0,0,0,0,0,0,0,0,0,60,0,0,0,0,0,60,60,60,0,0,0,0,870,0,90,0,780,0,0,0,0,0,0,0,0,0,0,0,0,0,510,0,0,0,0,0,435,0,75,0,0,0,0,0,0,0,0,5.666666666666667,1.6666666666666667,5,1.6666666666666667,5,4.666666666666667
20211009211686,5,1,3,41,1,100,1,3,1,1,1,1,1,1,1,1,2,2,1,10,1,330,0,330,0,0,330,0,0,0,0,0,0,0,0,0,0,0,0,0,0,0,0,0,90,90,0,0,0,0,0,0,0,0,0,0,0,0,90,0,0,0,0,90,90,0,0,0,0,0,0,520,0,40,0,480,0,20,0,20,0,20,0,0,0,0,0,0,0,0,0,0,0,0,0,0,0,0,0,0,390,0,0,0,390,0,3,2.6666666666666665,3,2,0,4.666666666666667
20211009211688,7,1,4,55,1,100,4,3,1,1,1,1,1,1,1,2,2,1,1,7,1,0,0,0,0,0,0,0,0,0,0,0,0,0,0,0,0,0,0,0,0,0,0,0,15,15,0,0,0,0,0,0,0,0,0,0,0,0,0,0,0,0,0,0,0,0,0,0,0,0,0,615,0,15,0,600,0,0,0,0,0,0,0,0,0,0,0,0,0,0,0,0,0,0,0,0,0,0,0,0,810,495,0,75,240,0,3,1.3333333333333333,3.6666666666666665,2,2,4
20211009211690,3,1,1,25,2,100,4,5,1,1,1,1,1,1,1,2,2,1,2,6,1,185,0,140,0,0,140,45,0,0,0,0,0,0,0,0,0,0,0,0,0,0,0,0,90,90,0,65,0,65,0,0,0,0,0,0,0,0,90,0,0,0,0,90,90,0,0,0,0,0,0,535,0,85,0,450,0,0,0,0,0,0,0,0,0,0,0,0,0,0,0,0,0,0,0,0,0,0,0,0,475,0,0,15,460,0,3.6666666666666665,2,3.3333333333333335,2.6666666666666665,5.333333333333333,2.3333333333333335
20211009211700,4,1,2,47,2,100,1,2,1,1,1,1,1,1,1,2,2,2,2,9,1,160,0,160,160,0,0,0,0,0,0,0,0,0,0,0,0,0,0,0,0,0,0,0,80,80,0,0,0,0,0,0,0,0,0,0,0,0,120,0,0,0,0,120,120,0,0,0,0,120,0,570,0,80,0,490,0,0,0,0,0,0,0,0,0,0,0,0,0,0,0,0,0,0,0,0,0,0,0,0,510,0,0,27,483,0,5,0,3,0.6666666666666666,0,5.333333333333333
20211009211701,4,1,2,36,1,200,1,3,1,1,1,1,1,1,1,1,2,2,1,6,1,0,0,0,0,0,0,0,0,0,0,0,0,0,0,0,0,0,0,0,0,0,0,0,10,10,0,80,0,0,0,0,0,80,0,0,0,0,15,0,0,0,0,15,15,0,0,0,0,0,0,790,0,20,0,770,0,0,0,0,0,0,0,0,0,0,0,0,0,0,0,0,0,0,0,0,0,0,0,0,545,0,0,140,405,0,5.333333333333333,3.3333333333333335,5.666666666666667,3.3333333333333335,0,4.666666666666667
20211009211723,3,1,1,44,2,100,1,3,1,1,1,1,1,1,1,1,2,2,2,9,1,0,0,0,0,0,0,0,0,0,0,0,0,0,0,0,0,0,0,0,0,0,0,0,180,180,0,300,0,0,0,120,0,180,0,0,0,0,270,0,0,0,0,270,270,0,0,0,0,270,0,690,0,60,0,630,0,0,0,0,0,0,0,0,0,0,0,0,0,0,0,0,0,0,0,0,0,0,0,0,0,0,0,0,0,0,5,0,1,0,0,4.666666666666667
20211009211737,7,1,2,27,1,100,6,2,1,1,1,1,1,1,1,1,2,2,1,9,1,0,0,0,0,0,0,0,0,0,0,0,0,0,0,0,0,0,0,0,0,0,0,0,0,0,0,0,0,0,0,0,0,0,0,0,0,0,645,240,0,0,0,240,480,0,0,0,165,240,0,795,0,30,0,765,0,0,0,0,0,0,0,0,0,0,0,0,0,0,0,0,0,0,0,0,0,0,0,0,0,0,0,0,0,0,6,0,0,0,0,6
20211009211751,6,1,2,57,1,100,1,3,1,1,1,1,1,1,1,2,2,2,2,7,1,60,0,60,0,0,60,0,0,0,0,0,0,0,30,30,0,30,0,0,0,0,0,0,175,150,25,235,0,90,0,0,0,135,0,0,10,0,250,0,0,0,0,250,250,0,0,0,0,70,0,555,0,15,0,540,0,135,0,120,0,0,0,0,0,0,0,15,0,0,0,0,0,0,0,0,0,0,0,0,0,0,0,0,0,0,5.666666666666667,0,1,0,0,5
20211009211755,4,1,2,43,1,131,1,3,1,1,1,1,1,1,1,2,2,2,2,7,1,1,1,0,0,0,0,0,11,1,0,1,0,10,0,0,0,0,0,0,0,0,0,0,15,15,0,0,0,0,0,0,0,0,0,0,0,0,190,0,0,0,0,0,160,160,160,0,30,0,0,397,0,40,0,357,0,0,0,0,0,0,0,0,0,0,0,0,0,0,0,0,0,0,0,0,0,0,0,0,826,0,0,50,776,0,4,0,2.6666666666666665,0.6666666666666666,0,4.666666666666667
20211009211792,4,1,2,64,1,131,1,4,1,1,1,1,1,1,1,1,1,2,2,10,1,0,0,0,0,0,0,0,0,0,0,0,0,0,0,0,0,0,0,0,0,0,0,0,45,45,0,60,0,60,0,0,0,0,0,0,0,0,395,0,0,0,0,305,395,90,90,0,0,305,0,515,0,35,0,480,0,80,0,20,0,0,0,0,0,0,0,60,0,210,0,0,0,150,0,0,0,60,150,150,135,0,0,0,135,0,5.666666666666667,0,0,0,0,6
20211009211793,3,1,1,56,2,100,6,1,1,1,1,1,1,1,1,2,2,1,2,8,1,0,0,0,0,0,0,0,0,0,0,0,0,0,90,0,0,0,90,0,0,0,0,0,30,30,0,390,0,180,120,60,0,0,30,0,0,0,253,0,0,0,0,213,253,40,40,0,0,183,0,662,0,32,0,630,0,15,0,15,0,15,0,0,0,0,0,0,0,0,0,0,0,0,0,0,0,0,0,0,0,0,0,0,0,0,5.666666666666667,0,3,0,0.6666666666666666,4
20211009211817,4,1,2,40,1,100,1,4,1,1,1,1,1,1,1,3,2,2,2,7,1,95,0,95,0,0,95,0,0,0,0,0,0,0,0,0,0,0,0,0,0,0,0,0,90,90,0,75,0,75,0,0,0,0,0,0,0,0,120,0,0,0,0,120,120,0,0,0,0,120,0,705,0,75,0,630,0,0,0,0,0,0,0,0,0,0,0,0,0,340,0,0,0,0,0,260,0,80,0,0,15,0,0,0,15,0,4.333333333333333,0,3.6666666666666665,2.3333333333333335,0,4.333333333333333
20211009211821,4,1,2,39,2,100,1,1,1,1,1,1,1,1,1,2,2,2,2,8,1,60,0,60,0,0,60,0,0,0,0,0,0,0,0,0,0,0,0,0,0,0,0,0,30,30,0,0,0,0,0,0,0,0,0,0,0,0,135,0,0,0,60,75,75,0,0,60,0,60,0,540,0,45,0,495,0,0,0,0,0,0,0,0,0,0,0,0,0,0,0,0,0,0,0,0,0,0,0,0,675,0,0,80,495,100,3.3333333333333335,0,3,3,0,3
20211009211852,4,1,1,50,1,110,5,4,1,1,1,1,1,1,1,3,1,1,2,10,1,0,0,0,0,0,0,0,0,0,0,0,0,0,0,0,0,0,0,0,0,0,0,0,10,10,0,75,0,30,0,0,0,0,45,0,0,0,1145,0,0,0,0,1145,1145,0,0,0,0,1114,0,210,0,0,0,210,0,0,0,0,0,0,0,0,0,0,0,0,0,0,0,0,0,0,0,0,0,0,0,0,0,0,0,0,0,0,3,2.3333333333333335,2.3333333333333335,1.6666666666666667,3,4
20211009211853,4,1,2,48,1,100,1,3,1,1,1,1,1,1,1,2,2,2,2,9,1,0,0,0,0,0,0,0,0,0,0,0,0,0,0,0,0,0,0,0,0,0,0,0,140,140,0,35,0,35,0,0,0,0,0,0,0,0,90,0,0,0,60,30,30,0,0,60,0,0,0,650,0,35,0,615,0,0,0,0,0,0,0,0,0,0,0,0,0,0,0,0,0,0,0,0,0,0,0,0,525,0,0,60,465,0,4.333333333333333,0,1.3333333333333333,0,0,4.666666666666667
20211009211866,2,1,1,50,2,110,5,3,1,1,1,1,1,1,1,1,1,1,2,8,1,0,0,0,0,0,0,0,0,0,0,0,0,0,180,0,0,0,180,0,0,0,0,0,120,120,0,330,0,115,0,150,0,0,65,0,0,0,105,0,0,0,0,105,105,0,0,0,0,0,0,540,0,70,0,470,0,165,0,5,0,0,0,0,0,120,120,40,0,0,0,0,0,0,0,0,0,0,0,0,0,0,0,0,0,0,6,0,4,0,0,6
20211009211900,3,1,1,60,2,100,4,2,1,1,1,1,1,1,1,1,2,2,3,6,1,0,0,0,0,0,0,0,0,0,0,0,0,0,0,0,0,0,0,0,0,0,0,0,30,30,0,46,0,18,10,0,0,0,1,0,17,0,105,0,0,0,0,75,105,30,30,0,0,0,0,554,0,45,0,509,0,0,0,0,0,0,0,0,0,0,0,0,0,0,0,0,0,0,0,0,0,0,0,0,705,0,0,35,670,0,2.6666666666666665,4,3,3.6666666666666665,0,3
20211009211910,2,1,1,43,1,100,4,3,1,1,1,1,1,1,1,2,2,2,2,6,1,75,0,25,0,0,25,50,0,0,0,0,0,0,0,0,0,0,0,0,0,0,0,0,50,50,0,163,0,68,0,0,0,0,65,30,0,0,150,0,0,0,0,150,150,0,0,0,0,60,0,535,0,30,0,505,0,30,0,20,0,20,0,0,0,0,0,10,0,0,0,0,0,0,0,0,0,0,0,0,437,0,0,0,437,0,4.333333333333333,0.6666666666666666,3.3333333333333335,0.6666666666666666,0,4
20211009211932,4,1,2,56,2,100,1,5,2,1,1,1,1,2,1,4,2,1,2,8,1,5,0,5,0,0,5,0,0,0,0,0,0,0,0,0,0,0,0,0,120,0,120,0,0,0,0,150,0,30,0,120,0,0,0,0,0,0,595,0,0,0,30,565,565,0,0,30,0,445,0,520,0,0,10,510,0,0,0,0,0,0,0,0,0,0,0,0,0,0,0,0,0,0,0,0,0,0,0,0,50,50,0,0,0,0,5.333333333333333,1.6666666666666667,5.333333333333333,1.6666666666666667,4,5.666666666666667
20211009211949,4,1,1,45,1,100,1,3,1,1,1,1,1,1,1,2,2,2,3,7,1,0,0,0,0,0,0,0,0,0,0,0,0,0,0,0,0,0,0,0,0,0,0,0,75,75,0,55,0,25,0,30,0,0,0,0,0,0,680,0,0,0,0,560,680,120,120,0,0,500,0,630,0,60,0,570,0,0,0,0,0,0,0,0,0,0,0,0,0,0,0,0,0,0,0,0,0,0,0,0,0,0,0,0,0,0,4.333333333333333,3,2.3333333333333335,0.6666666666666666,0.3333333333333333,3.6666666666666665
20211009211968,4,1,2,55,1,202,1,3,1,1,1,1,1,1,1,1,2,2,2,6,1,0,0,0,0,0,0,0,0,0,0,0,0,0,0,0,0,0,0,0,0,0,0,0,55,55,0,0,0,0,0,0,0,0,0,0,0,0,205,0,0,0,30,175,175,0,0,30,0,0,0,720,0,75,0,645,0,0,0,0,0,0,0,0,0,0,0,0,0,0,0,0,0,0,0,0,0,0,0,0,460,0,0,20,440,0,4,2.6666666666666665,3.6666666666666665,1.6666666666666667,3.3333333333333335,5
20211009211975,3,1,2,48,2,100,4,2,1,1,1,1,1,1,1,3,2,2,1,8,1,0,0,0,0,0,0,0,0,0,0,0,0,0,0,0,0,0,0,0,0,0,0,0,180,120,60,120,0,0,0,120,0,0,0,0,0,0,540,0,0,0,0,540,540,0,0,0,0,540,0,600,0,0,0,600,0,0,0,0,0,0,0,0,0,0,0,0,0,0,0,0,0,0,0,0,0,0,0,0,0,0,0,0,0,0,5,0.5,1,1.5,0,5
20211009211993,4,1,1,43,1,100,1,3,1,1,1,1,1,1,1,2,2,2,2,5,1,0,0,0,0,0,0,0,0,0,0,0,0,0,0,0,0,0,0,0,0,0,0,0,45,45,0,45,0,45,0,0,0,0,0,0,0,0,330,0,0,0,0,270,330,60,60,0,0,270,0,520,0,45,0,475,0,0,0,0,0,0,0,0,0,0,0,0,0,0,0,0,0,0,0,0,0,0,0,0,500,0,0,10,490,0,5.333333333333333,0,0,1,0,6
20211009212026,6,1,3,43,2,100,1,1,1,1,1,1,1,1,1,3,2,2,2,10,1,160,0,160,0,0,160,0,0,0,0,0,0,0,40,20,20,0,20,0,0,0,0,0,55,55,0,330,0,140,130,50,0,0,10,0,0,0,130,0,0,0,0,130,130,0,0,0,0,130,0,490,0,90,0,400,0,0,0,0,0,0,0,0,0,0,0,0,0,235,0,0,0,0,0,0,180,25,210,210,0,0,0,0,0,0,5,0,3,1.3333333333333333,0,2.3333333333333335
20211009212028,4,1,2,50,1,100,1,2,2,1,1,2,1,1,1,2,2,1,1,8,1,0,0,0,0,0,0,0,0,0,0,0,0,0,0,0,0,0,0,0,0,0,0,0,80,60,20,20,0,20,0,0,0,0,0,0,0,0,295,0,0,0,0,295,295,0,0,0,0,295,110,935,0,300,0,635,0,0,0,0,0,0,0,0,0,0,0,0,0,0,0,0,0,0,0,0,0,0,0,0,0,0,0,0,0,0,4,0.3333333333333333,0.3333333333333333,0,0,4.666666666666667
20211009212034,3,1,1,29,1,100,1,2,1,1,1,1,1,1,1,3,2,1,2,8,1,175,0,175,0,0,175,0,0,0,0,0,0,0,0,0,0,0,0,0,0,0,0,0,20,20,0,25,0,25,0,0,0,0,0,0,0,0,495,0,0,0,0,420,495,75,75,0,0,150,135,590,0,10,0,580,0,0,0,0,0,0,0,0,0,0,0,0,0,0,0,0,0,0,0,0,0,0,0,0,0,0,0,0,0,0,4,0,1.3333333333333333,0.3333333333333333,1,1.6666666666666667
20211009212067,6,1,3,43,1,100,1,3,1,1,1,1,1,1,1,1,1,2,1,7,1,115,0,95,60,0,35,20,0,0,0,0,0,0,0,0,0,0,0,0,0,0,0,0,55,55,0,115,0,100,0,15,0,0,0,0,0,0,210,0,0,0,30,105,180,75,75,30,0,60,0,455,0,75,0,380,0,0,0,0,0,0,0,0,0,0,0,0,0,0,0,0,0,0,0,0,0,0,0,0,490,0,0,50,440,0,4,0,1.3333333333333333,2,0,2.6666666666666665
20211009212088,4,1,2,38,1,110,1,3,1,1,1,1,1,1,1,4,2,2,2,5,1,90,0,50,0,0,50,40,0,0,0,0,0,0,0,0,0,0,0,0,0,0,0,0,20,20,0,90,0,90,0,0,0,0,0,0,0,0,60,0,0,0,0,60,60,0,0,0,0,60,0,355,0,75,0,280,0,100,0,5,0,0,0,0,0,0,90,5,0,0,0,0,0,0,0,0,0,0,0,0,725,0,0,45,680,0,2.6666666666666665,1.3333333333333333,6,4.333333333333333,0,4
20211009212096,4,1,2,49,2,131,1,2,1,1,1,1,1,1,1,3,2,2,1,5,1,40,0,40,0,0,40,0,0,0,0,0,0,0,70,20,20,0,50,0,0,0,0,0,70,70,0,140,0,90,0,50,0,0,0,0,0,0,280,0,0,0,0,280,280,0,0,0,0,130,0,480,0,30,0,450,0,235,0,195,0,0,0,0,0,0,0,40,0,125,0,0,0,0,0,0,125,0,125,125,0,0,0,0,0,0,3.6666666666666665,1,1.6666666666666667,1,0,3
20211009212110,3,1,1,25,1,110,1,2,1,1,1,1,1,1,1,1,2,2,1,7,1,150,0,150,0,0,150,0,0,0,0,0,0,0,0,0,0,0,0,0,0,0,0,0,120,120,0,615,0,60,0,555,0,0,0,0,0,0,160,0,0,0,50,110,110,0,0,50,0,110,0,395,0,5,0,390,0,0,0,0,0,0,0,0,0,0,0,0,0,0,0,0,0,0,0,0,0,0,0,0,0,0,0,0,0,0,4.333333333333333,0,3.6666666666666665,1.3333333333333333,1.3333333333333333,4.666666666666667
20211009212134,6,1,2,64,1,110,1,4,2,1,1,1,1,2,1,2,1,1,1,5,1,0,0,0,0,0,0,0,0,0,0,0,0,0,0,0,0,0,0,0,0,0,0,0,15,15,0,225,0,60,0,0,0,165,0,0,0,0,945,0,0,0,0,945,945,0,0,0,0,525,0,255,0,15,0,240,0,0,0,0,0,0,0,0,0,0,0,0,0,0,0,0,0,0,0,0,0,0,0,0,0,0,0,0,0,0,4,0,2.3333333333333335,1.3333333333333333,3,2.3333333333333335
20211009212166,4,1,2,47,2,100,6,3,1,1,1,1,1,1,1,2,1,2,2,5,1,75,0,75,0,0,75,0,0,0,0,0,0,0,0,0,0,0,0,0,0,0,0,0,75,60,15,0,0,0,0,0,0,0,0,0,0,0,85,0,0,0,25,60,60,0,0,25,0,60,240,510,0,80,0,430,0,0,0,0,0,0,0,0,0,0,0,0,0,0,0,0,0,0,0,0,0,0,0,0,455,0,0,10,445,0,4,0.6666666666666666,2.6666666666666665,2.3333333333333335,1,4.666666666666667
20211009212167,5,1,3,43,2,100,1,2,1,1,1,1,1,1,1,2,2,2,2,8,1,130,0,120,0,0,120,10,0,0,0,0,0,0,0,0,0,0,0,0,0,0,0,0,100,100,0,285,0,65,0,95,0,120,5,0,0,0,275,0,0,0,0,275,275,0,0,0,0,275,0,530,0,20,0,510,0,0,0,0,0,0,0,0,0,0,0,0,0,0,0,0,0,0,0,0,0,0,0,0,120,0,0,0,120,0,4,0,3,0.3333333333333333,0,3.6666666666666665
20211009212170,4,1,2,30,2,100,1,2,1,1,1,1,1,1,1,1,2,2,1,9,1,90,0,90,0,0,90,0,0,0,0,0,0,0,0,0,0,0,0,0,0,0,0,0,45,45,0,50,0,30,0,20,0,0,0,0,0,0,536,0,456,0,0,60,516,456,0,0,20,60,0,675,0,30,0,645,0,44,0,30,0,30,0,0,0,0,0,14,0,0,0,0,0,0,0,0,0,0,0,0,0,0,0,0,0,0,6,0,4,3.3333333333333335,0,6
20211009212181,3,1,1,43,2,100,1,2,1,1,1,1,1,1,1,2,2,2,2,8,1,182,0,122,30,0,92,60,0,0,0,0,0,0,0,0,0,0,0,0,0,0,0,0,40,40,0,397,0,65,22,160,150,0,0,0,0,0,185,0,0,0,0,140,185,45,45,0,0,70,0,491,0,60,0,431,0,85,0,25,0,15,0,0,0,0,0,60,0,60,60,0,0,0,0,0,0,0,60,60,0,0,0,0,0,0,3.6666666666666665,0,3.3333333333333335,3,0,5
20211009212184,3,1,1,73,1,100,1,3,1,1,1,1,1,1,1,2,2,2,1,7,1,85,0,25,0,0,25,60,0,0,0,0,0,0,0,0,0,0,0,0,0,0,0,0,35,35,0,330,0,110,10,30,0,180,0,0,0,0,150,0,0,0,0,90,150,60,60,0,0,90,0,455,0,0,0,455,0,55,0,30,0,0,0,0,0,0,0,25,0,0,0,0,0,0,0,0,0,0,0,0,330,0,0,0,330,0,4.333333333333333,0,2,0,0,5.333333333333333
20211009212200,4,1,2,39,2,100,1,3,1,1,1,1,1,1,1,3,2,2,2,8,1,170,0,170,0,0,170,0,0,0,0,0,0,0,0,0,0,0,0,0,0,0,0,0,79,79,0,35,0,20,0,15,0,0,0,0,0,0,45,0,0,0,0,45,45,0,0,0,0,35,0,460,0,40,0,420,0,65,0,30,0,30,0,0,0,0,0,35,0,0,0,0,0,0,0,0,0,0,0,0,586,0,0,30,556,0,5.333333333333333,0,1.6666666666666667,0,0,4.666666666666667
20211009212209,5,1,3,33,2,100,1,2,1,1,1,1,1,1,1,4,2,2,2,8,1,315,0,315,0,0,315,0,0,0,0,0,0,0,0,0,0,0,0,0,0,0,0,0,80,80,0,370,270,90,0,10,0,0,0,0,0,0,155,0,0,0,0,60,155,95,95,0,0,0,0,495,0,15,0,480,0,25,0,15,0,15,0,0,0,0,0,10,0,0,0,0,0,0,0,0,0,0,0,0,0,0,0,0,0,0,5,0,0,1.3333333333333333,0,6
20211009212214,5,1,3,47,2,100,4,1,1,1,1,1,1,1,1,2,2,2,2,8,1,30,0,30,0,0,30,0,0,0,0,0,0,0,0,0,0,0,0,0,0,0,0,0,60,60,0,95,0,95,0,0,0,0,0,0,0,0,650,0,0,240,0,0,210,210,210,240,200,0,0,605,0,40,0,565,0,0,0,0,0,0,0,0,0,0,0,0,0,0,0,0,0,0,0,0,0,0,0,0,0,0,0,0,0,0,4.333333333333333,0,3,0.6666666666666666,0,5
20211009212221,4,1,2,42,1,100,1,3,1,1,1,1,1,1,1,1,2,2,2,6,1,202,0,122,0,0,122,80,0,0,0,0,0,0,0,0,0,0,0,0,0,0,0,0,295,270,25,0,0,0,0,0,0,0,0,0,0,0,0,0,0,0,0,0,0,0,0,0,0,0,0,469,0,50,0,419,0,35,0,10,0,0,0,0,0,0,0,25,0,0,0,0,0,0,0,0,0,0,0,0,439,0,0,0,439,0,3,0.3333333333333333,1.6666666666666667,1.6666666666666667,0,3
20211009212231,4,1,2,39,2,100,1,2,1,1,1,1,1,1,1,2,2,2,1,9,1,120,0,120,0,0,120,0,0,0,0,0,0,0,5,5,5,0,0,0,0,0,0,0,45,45,0,80,0,40,0,20,0,0,20,0,0,0,90,0,0,0,30,60,60,0,0,30,0,30,0,450,0,30,0,420,0,80,0,60,0,60,0,0,0,0,0,20,0,0,0,0,0,0,0,0,0,0,0,0,570,0,0,20,550,0,2.6666666666666665,0,2.6666666666666665,0.3333333333333333,0,0.6666666666666666
20211009212269,2,1,1,39,2,110,5,2,1,1,1,1,1,1,1,2,2,2,2,6,1,120,0,95,0,0,95,25,47,15,0,15,0,32,0,0,0,0,0,0,0,0,0,0,25,5,20,30,0,30,0,0,0,0,0,0,0,0,60,0,0,0,0,60,60,0,0,0,0,0,0,505,0,45,0,460,0,0,0,0,0,0,0,0,0,0,0,0,0,0,0,0,0,0,0,0,0,0,0,0,653,0,0,48,605,0,5,0.6666666666666666,4.333333333333333,2,0,6
20211009212271,2,1,1,62,1,100,6,1,1,1,1,1,1,1,1,1,2,2,2,9,1,5,0,5,0,0,5,0,0,0,0,0,0,0,20,0,0,0,20,0,0,0,0,0,45,45,0,10,0,10,0,0,0,0,0,0,0,0,785,0,0,0,0,785,785,0,0,0,0,785,0,575,0,0,0,575,0,0,0,0,0,0,0,0,0,0,0,0,0,0,0,0,0,0,0,0,0,0,0,0,0,0,0,0,0,0,6,0,0,0,0,0
20211009212286,3,1,1,32,1,100,1,1,1,1,1,1,1,1,1,3,2,2,2,8,1,560,0,560,0,0,560,0,0,0,0,0,0,0,0,0,0,0,0,0,0,0,0,0,30,30,0,0,0,0,0,0,0,0,0,0,0,0,60,0,0,0,0,60,60,0,0,0,0,60,0,560,0,0,0,560,0,0,0,0,0,0,0,0,0,0,0,0,0,0,0,0,0,0,0,0,0,0,0,0,230,0,0,40,190,0,5,0.6666666666666666,3.6666666666666665,2.6666666666666665,0.3333333333333333,3.6666666666666665
20211009212290,4,1,2,33,1,100,1,2,1,1,1,1,1,1,1,1,2,2,1,10,1,0,0,0,0,0,0,0,0,0,0,0,0,0,0,0,0,0,0,0,0,0,0,0,80,80,0,250,0,0,0,0,0,210,0,0,0,40,260,0,0,0,95,145,145,0,0,95,20,145,0,665,0,55,0,610,0,185,0,120,0,0,0,0,0,0,0,65,0,0,0,0,0,0,0,0,0,0,0,0,0,0,0,0,0,0,5.333333333333333,0,1.6666666666666667,0,0.3333333333333333,5
20211009212303,4,1,2,27,2,100,1,1,1,1,1,1,1,1,1,1,2,2,2,7,1,260,0,250,0,0,250,10,0,0,0,0,0,0,0,0,0,0,0,0,0,0,0,0,55,55,0,155,0,100,15,40,0,0,0,0,0,0,260,0,0,0,0,260,260,0,0,0,0,150,0,630,0,0,0,630,0,80,0,60,0,60,0,0,0,0,0,20,0,0,0,0,0,0,0,0,0,0,0,0,0,0,0,0,0,0,5,0,1,1,0,4
20211009212315,5,1,1,58,1,100,1,3,1,1,1,1,1,1,1,2,2,2,3,4,1,0,0,0,0,0,0,0,0,0,0,0,0,0,0,0,0,0,0,0,0,0,0,0,130,130,0,0,0,0,0,0,0,0,0,0,0,0,120,0,0,0,0,120,120,0,0,0,0,0,0,510,0,60,0,450,0,0,0,0,0,0,0,0,0,0,0,0,0,0,0,0,0,0,0,0,0,0,0,0,680,0,0,0,680,0,3,2,2.3333333333333335,0.6666666666666666,0.3333333333333333,3
20211009212333,4,1,1,51,1,100,1,1,1,1,1,1,1,1,1,1,2,2,1,7,1,0,0,0,0,0,0,0,0,0,0,0,0,0,0,0,0,0,0,0,0,0,0,0,125,120,5,25,0,0,15,0,0,0,10,0,0,0,390,345,0,0,0,0,345,0,0,0,45,0,60,560,0,90,0,470,0,190,0,20,0,0,0,0,0,0,0,170,0,0,0,0,0,0,0,0,0,0,0,0,90,0,0,0,90,0,3.6666666666666665,0,2.6666666666666665,0,0,4
20211009212358,2,1,1,68,2,110,4,3,1,1,1,1,1,1,1,2,1,2,1,10,1,0,0,0,0,0,0,0,35,20,0,20,0,15,0,0,0,0,0,0,0,0,0,0,0,0,0,0,0,0,0,0,0,0,0,0,0,0,415,0,0,0,0,325,410,85,85,0,5,265,0,710,0,90,0,620,0,95,0,75,0,0,0,0,0,0,0,20,0,185,0,0,0,0,0,175,0,10,0,0,0,0,0,0,0,0,4.666666666666667,0,3.6666666666666665,0,0,5.666666666666667
20211009212363,4,1,2,41,1,100,1,2,1,1,1,1,1,1,1,2,1,2,1,10,1,80,0,60,0,0,60,20,0,0,0,0,0,0,0,0,0,0,0,0,0,0,0,0,80,40,40,0,0,0,0,0,0,0,0,0,0,0,240,120,0,0,0,90,210,0,0,0,30,90,0,1027,0,30,97,900,0,13,0,10,0,10,0,0,0,0,0,3,0,0,0,0,0,0,0,0,0,0,0,0,0,0,0,0,0,0,6,0,0,0,2,6
20211009212365,4,1,2,46,1,100,1,2,1,1,1,1,1,1,1,2,2,2,2,8,1,0,0,0,0,0,0,0,0,0,0,0,0,0,0,0,0,0,0,0,0,0,0,0,30,30,0,15,0,0,10,0,0,0,5,0,0,0,135,0,0,0,60,15,75,60,60,60,0,0,60,440,0,15,0,425,0,165,0,5,0,0,0,0,0,0,0,160,0,0,0,0,0,0,0,0,0,0,0,0,595,0,0,10,585,0,5.333333333333333,0,1.3333333333333333,1.3333333333333333,0,3.3333333333333335
20211009212369,3,1,1,39,1,100,1,2,1,1,1,1,1,1,1,2,2,2,2,7,1,120,0,120,60,0,60,0,0,0,0,0,0,0,0,0,0,0,0,0,0,0,0,0,90,90,0,375,0,105,0,240,0,0,30,0,0,0,240,0,0,0,0,240,240,0,0,0,0,240,0,615,0,30,0,585,0,0,0,0,0,0,0,0,0,0,0,0,0,0,0,0,0,0,0,0,0,0,0,0,0,0,0,0,0,0,5,0,2.3333333333333335,1.6666666666666667,0,5.666666666666667
20211009212374,4,1,1,61,1,100,1,1,1,1,1,1,1,1,1,1,2,2,2,10,1,45,0,45,30,0,15,0,85,45,0,45,0,40,0,0,0,0,0,0,0,0,0,0,150,150,0,90,0,90,0,0,0,0,0,0,0,0,283,0,0,0,0,223,283,60,60,0,0,223,0,540,0,60,0,480,0,187,0,125,0,0,0,0,0,0,0,62,0,0,0,0,0,0,0,0,0,0,0,0,60,0,0,0,60,0,5,0,0,0,0,5.333333333333333
20211009212379,7,1,3,80,2,131,3,2,1,1,1,1,1,1,1,1,1,2,1,10,1,60,0,60,0,0,60,0,0,0,0,0,0,0,0,0,0,0,0,0,0,0,0,0,180,180,0,335,0,260,0,0,0,75,0,0,0,0,195,0,0,0,0,195,195,0,0,0,0,115,0,670,0,60,50,560,0,0,0,0,0,0,0,0,0,0,0,0,0,0,0,0,0,0,0,0,0,0,0,0,0,0,0,0,0,0,6,0,0,0,0,6
20211010210043,4,1,1,37,2,100,1,2,1,1,1,1,1,1,1,3,2,2,3,7,1,60,0,60,0,0,60,0,0,0,0,0,0,0,0,0,0,0,0,0,0,0,0,0,25,25,0,116,0,70,10,30,0,0,6,0,0,0,185,0,0,0,0,100,160,60,60,0,25,100,0,895,0,42,0,853,0,93,0,55,0,55,0,0,0,0,0,38,0,0,0,0,0,0,0,0,0,0,0,0,66,0,0,6,60,0,4,0,4,0,0,6
20211010210077,3,1,1,50,2,100,1,3,1,1,1,1,1,1,1,3,2,2,1,10,1,385,15,340,0,0,340,30,0,0,0,0,0,0,30,30,30,0,0,0,0,0,0,0,65,65,0,150,0,40,20,90,0,0,0,0,0,0,247,0,0,0,0,232,247,15,15,0,0,175,0,558,0,70,15,473,0,5,0,5,0,0,0,0,0,0,0,0,0,0,0,0,0,0,0,0,0,0,0,0,0,0,0,0,0,0,5,0,0,0,0,3
20211010210525,5,1,3,39,2,100,1,2,1,1,1,1,1,1,1,2,1,2,2,10,1,325,0,270,5,0,265,55,0,0,0,0,0,0,0,0,0,0,0,0,0,0,0,0,20,20,0,169,0,139,0,15,0,0,15,0,0,0,316,0,0,0,0,234,316,82,82,0,0,234,60,450,0,30,0,420,0,100,0,90,0,90,0,0,0,0,0,10,0,0,0,0,0,0,0,0,0,0,0,0,0,0,0,0,0,0,5.333333333333333,0,2,1,0,6
20211010210771,3,1,1,47,2,100,1,2,1,1,1,1,1,1,1,1,2,1,3,7,1,0,0,0,0,0,0,0,0,0,0,0,0,0,0,0,0,0,0,0,0,0,0,0,60,60,0,0,0,0,0,0,0,0,0,0,0,0,480,0,0,0,0,480,480,0,0,0,0,360,0,900,0,0,0,900,0,0,0,0,0,0,0,0,0,0,0,0,0,0,0,0,0,0,0,0,0,0,0,0,0,0,0,0,0,0,4,0,1.6666666666666667,0.3333333333333333,2,3.6666666666666665
20211010210842,4,1,2,47,1,100,1,3,1,1,1,1,1,1,1,1,1,2,2,7,1,0,0,0,0,0,0,0,100,90,0,90,0,10,0,0,0,0,0,0,0,0,0,0,60,60,0,375,90,0,0,15,30,150,90,0,0,0,305,0,0,0,0,305,305,0,0,0,0,305,0,600,0,90,0,510,0,0,0,0,0,0,0,0,0,0,0,0,0,0,0,0,0,0,0,0,0,0,0,0,0,0,0,0,0,0,6,0,0,0,0,6
20211010210861,4,1,1,41,2,100,1,2,1,1,1,1,1,1,1,1,2,2,3,8,1,0,0,0,0,0,0,0,0,0,0,0,0,0,0,0,0,0,0,0,0,0,0,0,15,15,0,0,0,0,0,0,0,0,0,0,0,0,200,0,0,0,0,170,200,30,30,0,0,30,0,345,0,15,0,330,0,0,0,0,0,0,0,0,0,0,0,0,0,30,0,0,0,0,0,30,0,0,0,0,850,0,0,50,800,0,2.3333333333333335,3,3.6666666666666665,1.6666666666666667,0,4.333333333333333
20211010210882,5,1,3,43,1,100,1,3,1,1,1,1,1,1,1,1,2,2,1,10,1,0,0,0,0,0,0,0,0,0,0,0,0,0,0,0,0,0,0,0,0,0,0,0,45,45,0,210,0,30,0,0,0,180,0,0,0,0,315,0,0,0,0,315,315,0,0,0,0,315,0,618,0,0,0,618,0,187,0,5,0,0,0,120,0,0,0,62,120,0,0,0,0,0,0,0,0,0,0,0,65,0,0,20,45,0,5,0,2.3333333333333335,1.3333333333333333,0,5.666666666666667
20211010210890,4,1,2,38,2,100,1,1,1,1,1,1,1,1,1,3,2,2,3,9,1,5,0,5,0,0,5,0,0,0,0,0,0,0,0,0,0,0,0,0,0,0,0,0,50,50,0,0,0,0,0,0,0,0,0,0,0,0,90,0,0,0,0,0,90,90,90,0,0,0,0,614,0,110,0,504,0,41,0,27,0,0,0,0,0,0,0,14,0,0,0,0,0,0,0,0,0,0,0,0,640,0,0,6,634,0,1,1,5,1,0,5
20211010210940,6,1,4,38,2,110,1,2,1,1,1,1,1,1,1,2,1,2,2,7,1,250,0,250,0,0,250,0,0,0,0,0,0,0,0,0,0,0,0,0,0,0,0,0,10,10,0,135,0,125,0,10,0,0,0,0,0,0,60,0,0,0,0,0,60,60,60,0,0,0,560,375,0,15,0,360,0,50,0,5,0,0,0,0,0,0,0,45,0,0,0,0,0,0,0,0,0,0,0,0,0,0,0,0,0,0,5.333333333333333,0,4.333333333333333,2,0,5
20211010211105,4,1,2,47,1,131,1,3,1,1,1,1,1,1,1,4,2,2,2,7,1,150,0,150,0,0,150,0,0,0,0,0,0,0,5,0,0,0,5,0,0,0,0,0,40,40,0,225,0,60,0,0,0,165,0,0,0,0,0,0,0,0,0,0,0,0,0,0,0,0,0,445,0,80,0,365,0,0,0,0,0,0,0,0,0,0,0,0,0,0,0,0,0,0,0,0,0,0,0,0,575,0,0,0,575,0,4.333333333333333,0.6666666666666666,1.6666666666666667,1.6666666666666667,0,6
20211010211114,4,1,1,27,1,100,1,4,1,1,1,1,1,1,1,1,2,2,1,9,1,90,0,90,0,0,90,0,0,0,0,0,0,0,0,0,0,0,0,0,0,0,0,0,195,180,15,150,0,150,0,0,0,0,0,0,0,0,240,0,0,0,0,240,240,0,0,0,0,240,0,605,0,120,0,485,0,160,0,125,0,0,0,0,0,0,0,35,0,0,0,0,0,0,0,0,0,0,0,0,0,0,0,0,0,0,5,0,2.3333333333333335,0,0.3333333333333333,6
20211010211119,2,1,1,28,2,131,4,4,1,1,1,1,1,1,1,2,1,1,1,7,1,0,0,0,0,0,0,0,0,0,0,0,0,0,0,0,0,0,0,0,0,0,0,0,30,30,0,660,0,60,0,600,0,0,0,0,0,0,210,0,0,0,0,210,210,0,0,0,0,210,0,540,0,120,0,420,0,0,0,0,0,0,0,0,0,0,0,0,0,0,0,0,0,0,0,0,0,0,0,0,0,0,0,0,0,0,4.333333333333333,0,6,2.3333333333333335,3.3333333333333335,4.666666666666667
20211010211177,3,1,1,42,1,100,1,3,1,1,1,1,1,1,1,2,2,2,2,7,1,0,0,0,0,0,0,0,0,0,0,0,0,0,0,0,0,0,0,0,0,0,0,0,0,0,0,150,0,0,0,130,20,0,0,0,0,0,600,0,0,0,180,420,420,0,0,180,0,420,50,640,0,40,0,600,0,0,0,0,0,0,0,0,0,0,0,0,0,0,0,0,0,0,0,0,0,0,0,0,0,0,0,0,0,0,2,0,1,0,0,4
20211010211179,6,1,3,49,1,120,1,2,1,1,1,1,1,1,1,1,2,2,2,8,1,60,0,60,0,0,60,0,0,0,0,0,0,0,0,0,0,0,0,0,0,0,0,0,90,90,0,120,0,0,0,120,0,0,0,0,0,0,285,0,0,0,75,120,120,0,0,75,90,120,0,595,0,0,0,595,0,280,0,200,0,0,0,0,0,0,0,80,0,10,10,0,0,0,0,0,0,0,10,10,0,0,0,0,0,0,4.333333333333333,0,2.3333333333333335,0,1.3333333333333333,5
20211010211212,3,1,1,31,2,100,6,5,1,1,1,1,1,1,1,2,1,1,2,7,1,0,0,0,0,0,0,0,0,0,0,0,0,0,0,0,0,0,0,0,0,0,0,0,320,300,20,160,0,10,60,90,0,0,0,0,0,0,195,0,0,0,0,15,165,150,150,0,30,15,0,465,0,105,0,360,0,270,0,150,0,0,0,0,0,0,0,120,0,0,0,0,0,0,0,0,0,0,0,0,30,0,0,0,30,0,5,0,3,0,0.6666666666666666,3
20211010211264,4,1,2,52,1,100,1,3,1,1,1,1,1,1,1,2,2,2,2,8,1,0,0,0,0,0,0,0,0,0,0,0,0,0,0,0,0,0,0,0,0,0,0,0,60,60,0,60,0,60,0,0,0,0,0,0,0,0,360,0,0,0,0,360,360,0,0,0,0,360,300,660,0,0,0,660,0,0,0,0,0,0,0,0,0,0,0,0,0,0,0,0,0,0,0,0,0,0,0,0,0,0,0,0,0,0,5.666666666666667,0,0,0,0,1
20211010211418,4,1,2,39,1,100,1,2,1,1,1,1,1,1,1,2,2,2,2,8,1,210,0,180,0,0,180,30,0,0,0,0,0,0,0,0,0,0,0,0,0,0,0,0,30,30,0,30,0,30,0,0,0,0,0,0,0,0,540,0,0,0,0,60,540,480,480,0,0,60,0,630,0,0,0,630,0,0,0,0,0,0,0,0,0,0,0,0,0,0,0,0,0,0,0,0,0,0,0,0,0,0,0,0,0,0,5,0,1.6666666666666667,0.6666666666666666,0,4
20211010211421,4,1,3,36,2,100,5,4,2,1,1,1,1,2,2,2,2,1,2,4,1,0,0,0,0,0,0,0,0,0,0,0,0,0,0,0,0,0,0,0,0,0,0,0,20,20,0,310,0,30,85,165,0,0,30,0,0,0,0,0,0,0,0,0,0,0,0,0,0,0,0,781,0,100,1,680,0,329,0,205,0,0,0,0,0,0,0,124,0,0,0,0,0,0,0,0,0,0,0,0,0,0,0,0,0,0,4.333333333333333,0.3333333333333333,1,2,0,4
20211010211526,6,1,2,52,2,110,6,2,1,1,1,1,1,1,1,1,1,2,2,10,1,0,0,0,0,0,0,0,0,0,0,0,0,0,0,0,0,0,0,0,0,0,0,0,35,35,0,15,0,15,0,0,0,0,0,0,0,0,795,0,0,0,0,795,795,0,0,0,0,0,0,560,0,15,5,540,0,35,0,15,0,0,0,0,0,0,0,20,0,0,0,0,0,0,0,0,0,0,0,0,0,0,0,0,0,0,6,0,0,1.3333333333333333,0,5.666666666666667
20211010211791,4,1,2,27,2,100,1,2,1,1,1,1,1,1,1,2,2,2,3,6,1,245,0,245,0,0,245,0,0,0,0,0,0,0,135,0,0,0,135,0,0,0,0,0,100,85,0,162,0,136,0,26,0,0,0,0,0,0,15,0,0,0,0,15,15,0,0,0,0,15,15,585,0,30,0,555,0,0,0,0,0,0,0,0,0,0,0,0,0,0,0,0,0,0,0,0,0,0,0,0,183,0,0,0,183,0,3,0,3,3,2,6
20211010211849,4,1,2,60,1,100,1,1,1,1,1,1,1,1,1,2,2,2,1,8,1,15,0,10,0,0,10,5,0,0,0,0,0,0,0,0,0,0,0,0,0,0,0,0,55,55,0,30,0,0,15,0,0,0,0,0,15,0,85,0,0,0,0,65,65,0,0,0,20,65,0,475,0,135,0,340,0,25,0,25,0,0,0,0,0,0,0,0,0,105,20,0,0,0,0,55,0,30,20,20,650,10,0,55,585,0,5.333333333333333,0,1,1,0,4.333333333333333
20211010211883,4,1,2,40,1,131,1,2,1,1,1,1,1,1,1,2,1,2,2,7,1,190,0,140,0,0,140,50,0,0,0,0,0,0,0,0,0,0,0,0,0,0,0,0,90,90,0,60,0,45,0,0,0,0,15,0,0,0,60,0,0,0,0,60,60,0,0,0,0,60,0,525,0,20,0,505,0,0,0,0,0,0,0,0,0,0,0,0,0,0,0,0,0,0,0,0,0,0,0,0,515,0,0,0,515,0,3,1,3.5,4,2,3.5
20211010212253,4,1,2,44,2,100,1,1,1,1,1,1,1,1,1,4,2,2,2,9,1,85,0,85,35,0,50,0,0,0,0,0,0,0,0,0,0,0,0,0,0,0,0,0,35,35,0,210,0,0,0,210,0,0,0,0,0,0,195,0,0,0,10,185,185,0,0,10,0,185,0,690,0,30,0,660,0,0,0,0,0,0,0,0,0,0,0,0,0,225,0,0,0,0,0,165,0,60,0,0,0,0,0,0,0,0,5,0,5,0,0,6
20211010212349,4,1,2,66,1,100,1,1,1,1,1,1,1,1,1,1,2,2,2,9,1,150,0,150,0,0,150,0,0,0,0,0,0,0,0,0,0,0,0,0,0,0,0,0,75,75,0,585,0,255,0,120,0,0,90,0,0,120,60,0,0,0,0,60,60,0,0,0,0,60,120,450,0,0,0,450,0,0,0,0,0,0,0,0,0,0,0,0,0,0,0,0,0,0,0,0,0,0,0,0,0,0,0,0,0,0,4,0,0,0,0,6
20211010212421,4,1,2,31,1,100,1,2,1,1,1,1,1,1,1,2,2,2,2,8,1,195,0,195,0,0,195,0,0,0,0,0,0,0,0,0,0,0,0,0,0,0,0,0,90,90,0,140,0,20,0,120,0,0,0,0,0,0,535,0,0,0,0,515,535,20,20,0,0,515,0,480,0,0,0,480,0,0,0,0,0,0,0,0,0,0,0,0,0,0,0,0,0,0,0,0,0,0,0,0,0,0,0,0,0,0,3.5,0,1.5,0,0,6
20211010212528,4,1,1,18,2,120,6,1,1,1,1,1,1,1,1,1,2,2,1,9,1,0,0,0,0,0,0,0,0,0,0,0,0,0,0,0,0,0,0,0,120,0,120,0,50,50,0,130,0,0,10,120,0,0,0,0,0,0,145,0,0,0,0,145,145,0,0,0,0,145,0,865,0,60,0,805,0,130,0,90,0,0,0,0,0,0,0,40,0,0,0,0,0,0,0,0,0,0,0,0,0,0,0,0,0,0,5.333333333333333,0.3333333333333333,0.6666666666666666,0,0,5.333333333333333
20211010212536,7,1,2,22,1,100,6,1,1,1,1,1,1,1,1,1,2,2,1,8,1,0,0,0,0,0,0,0,20,15,0,15,0,5,0,0,0,0,0,0,0,0,0,0,50,50,0,0,0,0,0,0,0,0,0,0,0,0,130,0,0,0,0,100,130,30,30,0,0,0,0,920,0,72,0,848,0,0,0,0,0,0,0,0,0,0,0,0,0,320,0,0,0,0,0,305,0,15,0,0,0,0,0,0,0,0,3.6666666666666665,0.3333333333333333,3.3333333333333335,2.6666666666666665,0,4
20211010212570,2,1,1,41,2,100,4,2,1,1,1,1,1,1,1,1,2,2,2,8,1,158,0,120,30,40,50,38,0,0,0,0,0,0,0,0,0,0,0,0,0,0,0,0,50,50,0,85,0,85,0,0,0,0,0,0,0,0,175,0,0,0,0,175,175,0,0,0,0,40,0,510,0,53,0,457,0,0,0,0,0,0,0,0,0,0,0,0,0,0,0,0,0,0,0,0,0,0,0,0,462,0,0,12,450,0,5,0,1,0.6666666666666666,0,3.3333333333333335
20211108211384,5,1,2,43,1,100,1,3,1,1,1,1,1,1,1,4,1,1,2,6,1,40,0,10,0,0,10,30,0,0,0,0,0,0,0,0,0,0,0,0,0,0,0,0,40,40,0,30,0,30,0,0,0,0,0,0,0,0,150,0,0,0,0,150,150,0,0,0,0,120,120,600,0,80,0,520,0,0,0,0,0,0,0,0,0,0,0,0,0,0,0,0,0,0,0,0,0,0,0,0,460,0,0,0,460,0,4.333333333333333,1,1.6666666666666667,1.6666666666666667,1,2.6666666666666665
20211109210550,3,1,1,36,1,100,1,2,1,1,1,1,1,1,1,2,1,2,2,7,1,5,5,0,0,0,0,0,0,0,0,0,0,0,0,0,0,0,0,0,0,0,0,0,45,45,0,0,0,0,0,0,0,0,0,0,0,0,120,0,0,0,0,120,120,0,0,0,0,120,0,610,0,15,0,595,0,110,0,50,0,0,0,0,0,0,0,60,0,0,0,0,0,0,0,0,0,0,0,0,550,0,0,20,530,0,4,0,3,1,0,3.6666666666666665
20211109210621,3,1,1,36,1,100,1,2,1,1,1,1,1,1,1,2,2,2,1,7,1,105,0,105,0,0,105,0,0,0,0,0,0,0,25,25,25,0,0,0,0,0,0,0,30,30,0,298,0,125,33,0,0,140,0,0,0,0,105,0,0,0,0,105,105,0,0,0,0,75,0,667,0,25,0,642,0,0,0,0,0,0,0,0,0,0,0,0,0,0,0,0,0,0,0,0,0,0,0,0,210,0,0,0,210,0,4.666666666666667,0,1.3333333333333333,0,0,5
20211109210682,3,1,2,29,2,100,2,3,1,1,1,1,1,1,1,2,2,2,1,4,1,265,0,265,0,5,260,0,0,0,0,0,0,0,0,0,0,0,0,0,0,0,0,0,60,60,0,60,0,60,0,0,0,0,0,0,0,0,380,0,0,0,0,380,380,0,0,0,0,200,0,665,0,15,0,650,0,10,0,10,0,0,0,0,0,0,0,0,0,0,0,0,0,0,0,0,0,0,0,0,0,0,0,0,0,0,4.333333333333333,0,2.6666666666666665,0.6666666666666666,0.6666666666666666,3.6666666666666665
20211109210700,3,1,1,54,1,100,1,3,1,1,1,1,1,1,1,2,1,2,2,6,1,0,0,0,0,0,0,0,0,0,0,0,0,0,0,0,0,0,0,0,0,0,0,0,75,75,0,0,0,0,0,0,0,0,0,0,0,0,150,0,0,0,0,150,150,0,0,0,0,150,0,570,0,0,0,570,0,0,0,0,0,0,0,0,0,0,0,0,0,0,0,0,0,0,0,0,0,0,0,0,645,0,0,0,645,0,4,0,2,1.6666666666666667,2.3333333333333335,3
20211109210707,2,1,1,61,1,100,5,3,2,2,1,2,1,2,1,1,1,1,2,6,1,0,0,0,0,0,0,0,0,0,0,0,0,0,0,0,0,0,0,0,0,0,0,0,60,60,0,60,0,0,0,60,0,0,0,0,0,0,570,0,0,0,0,570,570,0,0,0,0,450,0,750,0,30,0,720,0,0,0,0,0,0,0,0,0,0,0,0,0,0,0,0,0,0,0,0,0,0,0,0,0,0,0,0,0,0,5.666666666666667,2,2.6666666666666665,0.6666666666666666,3,6
20211109210722,4,1,2,44,2,100,1,3,1,1,1,1,1,1,1,1,2,2,2,7,1,25,0,25,0,5,20,0,35,0,0,0,7,28,0,0,0,0,0,0,0,0,0,0,10,10,0,210,0,60,0,120,30,0,0,0,0,0,449,0,0,0,258,60,175,115,115,258,16,0,0,681,0,50,0,631,0,30,0,0,0,0,0,0,0,0,30,0,0,0,0,0,0,0,0,0,0,0,0,0,0,0,0,0,0,0,5.5,0,1,2,0,5.5
20211109210742,4,1,1,33,2,100,1,2,1,1,1,1,1,1,1,2,1,2,1,10,1,40,0,40,0,0,40,0,0,0,0,0,0,0,3,3,3,0,0,0,0,0,0,0,0,0,0,10,0,0,0,0,0,0,10,0,0,0,892,0,447,0,0,292,886,594,147,0,6,292,0,435,0,0,0,435,0,60,0,60,0,0,0,0,0,0,0,0,0,0,0,0,0,0,0,0,0,0,0,0,0,0,0,0,0,0,6,0,4,0,0,3.3333333333333335
20211109210762,4,1,1,40,2,100,1,3,1,1,1,1,1,1,1,1,1,2,2,3,1,0,0,0,0,0,0,0,0,0,0,0,0,0,0,0,0,0,0,0,0,0,0,0,80,75,5,450,0,75,0,360,0,0,15,0,0,0,60,0,0,0,0,60,60,0,0,0,0,60,0,507,0,30,0,477,0,343,0,270,0,90,0,0,0,0,0,73,0,0,0,0,0,0,0,0,0,0,0,0,0,0,0,0,0,0,5.333333333333333,1,1,0,0,0
20211109210861,5,1,1,40,1,100,6,1,1,1,1,1,1,1,1,2,2,2,1,7,1,0,0,0,0,0,0,0,0,0,0,0,0,0,0,0,0,0,0,0,0,0,0,0,120,120,0,290,0,0,0,0,0,0,0,0,50,240,491,0,0,0,0,491,491,0,0,0,0,60,0,480,0,0,0,480,0,59,0,35,0,0,0,0,0,0,0,24,0,0,0,0,0,0,0,0,0,0,0,0,0,0,0,0,0,0,1,0,0,0.6666666666666666,0,3.6666666666666665
20211109210921,4,1,1,61,2,100,6,2,1,1,1,1,1,1,1,2,2,2,3,5,1,11,0,1,0,0,1,10,0,0,0,0,0,0,0,0,0,0,0,0,0,0,0,0,140,130,10,0,0,0,0,0,0,0,0,0,0,0,30,0,0,0,0,30,30,0,0,0,0,0,45,485,0,50,0,435,0,0,0,0,0,0,0,0,0,0,0,0,0,0,0,0,0,0,0,0,0,0,0,0,729,0,0,65,664,0,3.3333333333333335,0,1.6666666666666667,1,0.3333333333333333,1
20211109210958,4,1,2,39,2,100,1,2,1,1,1,1,1,1,1,2,2,2,1,8,1,126,0,104,0,0,104,22,0,0,0,0,0,0,0,0,0,0,0,0,0,0,0,0,30,30,0,150,0,0,0,150,0,0,0,0,0,0,240,0,0,0,0,240,240,0,0,0,0,240,0,350,0,0,0,350,0,20,0,10,0,0,0,0,0,0,0,10,0,0,0,0,0,0,0,0,0,0,0,0,524,0,0,0,524,0,3,0,2,2.6666666666666665,0,2.3333333333333335
20211109211028,4,1,2,40,1,100,1,2,1,1,1,1,1,1,1,2,2,2,2,8,1,140,0,130,0,0,130,10,0,0,0,0,0,0,0,0,0,0,0,0,0,0,0,0,120,120,0,135,0,0,0,45,0,0,90,0,0,0,438,0,0,0,0,438,438,0,0,0,0,355,0,550,0,25,0,525,0,57,0,25,0,0,0,0,0,0,0,32,0,0,0,0,0,0,0,0,0,0,0,0,0,0,0,0,0,0,4.333333333333333,0,0,0,0,3.3333333333333335
20211109211083,4,1,2,45,1,100,1,4,1,1,1,1,1,1,1,1,1,2,1,6,1,60,0,60,0,0,60,0,0,0,0,0,0,0,0,0,0,0,0,0,0,0,0,0,15,15,0,180,0,60,30,60,0,0,0,0,30,0,240,0,0,0,120,90,90,0,0,120,30,30,0,435,0,20,0,415,0,80,0,60,0,45,0,0,0,0,0,20,0,0,0,0,0,0,0,0,0,0,0,0,430,0,0,70,360,0,3,1,4.333333333333333,1.3333333333333333,2,2.6666666666666665
20211109211112,4,1,2,49,2,100,1,2,1,1,1,1,1,1,1,2,2,1,2,6,1,177,0,137,60,0,77,40,0,0,0,0,0,0,65,6,5,1,59,0,0,0,0,0,25,25,0,226,0,24,35,80,0,0,60,0,27,0,322,0,0,0,0,145,302,157,157,0,20,60,0,554,0,40,0,514,0,71,0,0,0,0,0,71,71,0,0,0,0,0,0,0,0,0,0,0,0,0,0,0,0,0,0,0,0,0,1.6666666666666667,0,2.6666666666666665,1,1,1.6666666666666667
20211109211121,6,1,3,51,2,110,1,3,1,1,1,1,1,1,1,2,1,2,1,8,1,0,0,0,0,0,0,0,0,0,0,0,0,0,0,0,0,0,0,0,0,0,0,0,225,165,60,100,0,30,15,55,0,0,0,0,0,0,530,0,0,0,0,530,530,0,0,0,0,485,60,395,0,30,0,365,0,130,0,90,0,90,0,0,0,0,0,40,0,0,0,0,0,0,0,0,0,0,0,0,0,0,0,0,0,0,5.333333333333333,0,2.6666666666666665,1,0.3333333333333333,4
20211109211151,2,1,1,58,1,100,4,4,2,1,1,2,1,1,1,2,2,1,2,5,1,1,0,1,0,0,1,0,0,0,0,0,0,0,0,0,0,0,0,0,0,0,0,0,25,25,0,65,0,64,0,1,0,0,0,0,0,0,84,0,0,0,0,84,84,0,0,0,0,84,0,50,0,35,0,15,0,0,0,0,0,0,0,0,0,0,0,0,0,0,0,0,0,0,0,0,0,0,0,0,1215,0,0,45,1170,0,3.3333333333333335,1.6666666666666667,3,2,2.6666666666666665,3
20211109211305,4,1,2,28,2,100,1,4,1,1,1,1,1,1,1,3,2,2,2,10,1,476,0,470,360,0,110,6,0,0,0,0,0,0,0,0,0,0,0,0,0,0,0,0,60,60,0,270,0,270,0,0,0,0,0,0,0,0,50,0,0,0,0,50,50,0,0,0,0,20,5,579,0,80,0,499,0,0,0,0,0,0,0,0,0,0,0,0,0,0,0,0,0,0,0,0,0,0,0,0,0,0,0,0,0,0,6,0,3,0,0,5
20211109211422,4,1,1,46,2,100,6,4,1,1,1,1,1,1,1,3,2,1,2,2,1,0,0,0,0,0,0,0,0,0,0,0,0,0,35,0,0,0,35,0,0,0,0,0,20,20,0,345,0,105,0,240,0,0,0,0,0,0,250,0,0,0,0,140,250,110,110,0,0,140,0,570,0,45,0,525,0,0,0,0,0,0,0,0,0,0,0,0,0,0,0,0,0,0,0,0,0,0,0,0,220,0,0,0,220,0,3,3.5,4,4,0,3
20211109211427,3,1,1,58,1,100,4,3,1,1,1,1,1,1,1,3,1,1,3,7,1,0,0,0,0,0,0,0,0,0,0,0,0,0,0,0,0,0,0,0,0,0,0,0,15,15,0,0,0,0,0,0,0,0,0,0,0,0,180,0,0,0,0,180,180,0,0,0,0,180,0,1245,0,0,645,600,0,0,0,0,0,0,0,0,0,0,0,0,0,0,0,0,0,0,0,0,0,0,0,0,0,0,0,0,0,0,3,2.3333333333333335,5,3.3333333333333335,6,2
20211109211492,8,1,3,30,1,100,6,2,1,1,1,1,1,1,1,1,2,2,1,10,1,0,0,0,0,0,0,0,0,0,0,0,0,0,0,0,0,0,0,0,0,0,0,0,30,30,0,60,0,0,0,60,0,0,0,0,0,0,455,0,0,0,75,290,380,90,90,75,0,290,175,720,0,0,0,720,0,0,0,0,0,0,0,0,0,0,0,0,0,0,0,0,0,0,0,0,0,0,0,0,0,0,0,0,0,0,6,0,0,0,0,6
20211109211596,4,1,2,55,2,110,2,3,1,1,1,1,1,1,1,1,1,2,2,8,1,90,0,90,0,0,90,0,0,0,0,0,0,0,0,0,0,0,0,0,0,0,0,0,50,50,0,285,0,225,0,60,0,0,0,0,0,0,330,0,0,0,0,330,330,0,0,0,0,330,0,685,0,60,0,625,0,0,0,0,0,0,0,0,0,0,0,0,0,0,0,0,0,0,0,0,0,0,0,0,0,0,0,0,0,0,6,0,0.3333333333333333,0,0,0.6666666666666666
20211109211648,3,1,1,49,2,100,1,2,1,1,1,1,1,1,1,2,2,2,3,8,1,115,0,45,0,15,30,70,0,0,0,0,0,0,125,55,30,25,70,0,0,0,0,0,50,50,0,150,0,65,45,40,0,0,0,0,0,0,330,0,0,0,90,130,210,80,80,90,30,130,0,585,0,90,0,495,0,85,0,45,0,40,0,0,0,0,0,40,0,0,0,0,0,0,0,0,0,0,0,0,0,0,0,0,0,0,4.666666666666667,0,0.6666666666666666,2,0,4
20211109211651,3,1,1,37,2,100,1,3,1,1,1,1,1,1,1,4,2,2,2,6,1,40,0,40,0,0,40,0,0,0,0,0,0,0,0,0,0,0,0,0,0,0,0,0,135,85,50,43,0,0,35,8,0,0,0,0,0,0,1,0,0,0,0,0,1,1,1,0,0,0,0,489,0,70,0,419,0,249,0,42,0,0,0,0,0,0,0,207,0,0,0,0,0,0,0,0,0,0,0,0,483,0,0,18,465,0,2.3333333333333335,1,4.666666666666667,4.666666666666667,0.6666666666666666,4.333333333333333
20211109211695,2,1,1,50,2,100,6,2,1,1,1,1,1,1,1,2,2,2,2,10,1,46,0,45,45,0,0,1,0,0,0,0,0,0,0,0,0,0,0,0,0,0,0,0,25,25,0,130,0,0,120,0,10,0,0,0,0,0,15,0,0,0,0,15,15,0,0,0,0,0,0,534,0,75,1,455,3,190,0,90,0,0,0,100,100,0,0,0,0,0,0,0,0,0,0,0,0,0,0,0,500,0,0,12,488,0,6,0,0.3333333333333333,0,0,6
20211109211772,5,1,3,72,1,100,1,3,1,1,1,1,1,1,1,2,2,2,2,7,1,0,0,0,0,0,0,0,0,0,0,0,0,0,0,0,0,0,0,0,0,0,0,0,105,105,0,190,0,10,0,180,0,0,0,0,0,0,45,0,0,0,0,45,45,0,0,0,0,45,0,560,0,20,0,540,0,0,0,0,0,0,0,0,0,0,0,0,0,0,0,0,0,0,0,0,0,0,0,0,540,0,0,30,510,0,3.3333333333333335,1,3,1.3333333333333333,0,1.3333333333333333
20211109211864,4,1,2,41,1,100,1,3,1,1,1,1,1,1,1,1,2,2,1,7,1,300,0,300,0,0,300,0,0,0,0,0,0,0,0,0,0,0,0,0,0,0,0,0,150,60,90,50,0,50,0,0,0,0,0,0,0,0,330,0,0,0,235,75,75,0,0,235,20,0,0,610,0,70,0,540,0,0,0,0,0,0,0,0,0,0,0,0,0,0,0,0,0,0,0,0,0,0,0,0,0,0,0,0,0,0,5,0,1.3333333333333333,0,2.3333333333333335,5.666666666666667
20211109211938,4,1,2,35,2,100,1,3,1,1,1,1,1,1,1,3,2,2,2,5,1,240,0,205,0,0,205,35,0,0,0,0,0,0,0,0,0,0,0,0,0,0,0,0,80,80,0,305,0,60,30,215,0,0,0,0,0,0,160,0,0,0,0,130,160,30,30,0,0,130,0,540,0,30,0,510,0,115,0,70,0,60,0,0,0,0,0,45,0,0,0,0,0,0,0,0,0,0,0,0,0,0,0,0,0,0,4.333333333333333,0,1.6666666666666667,1.6666666666666667,0,2.3333333333333335
20211109212109,3,1,1,45,2,100,1,2,1,1,1,1,1,1,1,1,2,2,1,4,1,90,0,90,90,0,0,0,0,0,0,0,0,0,90,0,0,0,90,0,0,0,0,0,130,75,55,305,0,125,0,180,0,0,0,0,0,0,210,0,0,0,90,120,120,0,0,90,0,120,0,555,0,0,0,555,0,0,0,0,0,0,0,0,0,0,0,0,0,0,0,0,0,0,0,0,0,0,0,0,60,0,0,0,60,0,4.666666666666667,0,1.6666666666666667,3,0,4.333333333333333
20211109212174,4,1,2,39,2,100,1,3,1,1,1,1,1,1,1,4,2,2,2,8,1,225,0,225,0,0,225,0,0,0,0,0,0,0,0,0,0,0,0,0,0,0,0,0,60,60,0,390,0,165,0,225,0,0,0,0,0,0,90,0,0,0,0,90,90,0,0,0,0,0,45,570,0,0,0,570,0,60,0,30,0,0,0,0,0,0,0,30,0,0,0,0,0,0,0,0,0,0,0,0,0,0,0,0,0,0,3.3333333333333335,1,5.333333333333333,2.6666666666666665,0,5
20211109212180,4,1,2,43,1,100,1,4,1,1,1,1,1,1,1,3,1,1,1,7,1,90,0,80,0,0,80,10,0,0,0,0,0,0,0,0,0,0,0,0,0,0,0,0,70,65,5,0,0,0,0,0,0,0,0,0,0,0,370,0,0,0,0,365,370,5,5,0,0,175,0,420,0,63,0,357,0,16,0,4,0,0,0,0,0,0,0,12,0,15,0,0,0,0,0,15,0,0,0,0,459,0,0,100,359,0,4.666666666666667,1.3333333333333333,4.666666666666667,4,4,5
20211109212226,5,1,3,45,1,100,1,3,1,1,1,1,1,1,1,2,2,2,3,9,1,132,4,60,0,20,40,68,0,0,0,0,0,0,0,0,0,0,0,0,0,0,0,0,38,37,1,180,0,0,60,120,0,0,0,0,0,0,210,0,0,0,0,210,210,0,0,0,0,210,0,655,0,145,0,510,0,45,0,30,0,0,0,0,0,0,0,15,0,0,0,0,0,0,0,0,0,0,0,0,180,0,0,0,180,0,4,1,2,0,0,5
20211109212380,3,1,1,53,2,100,4,1,1,1,1,1,1,1,1,1,2,1,1,9,1,60,0,20,0,0,20,40,42,7,0,7,0,35,0,0,0,0,0,0,0,0,0,0,105,105,0,515,0,515,0,0,0,0,0,0,0,0,298,0,0,120,0,30,168,138,138,120,10,0,0,420,0,40,0,380,0,0,0,0,0,0,0,0,0,0,0,0,0,0,0,0,0,0,0,0,0,0,0,0,0,0,0,0,0,0,6,0,2.3333333333333335,0.3333333333333333,0,5.666666666666667
20211110210009,4,1,2,33,2,131,1,3,1,1,1,1,1,1,1,4,2,2,1,8,1,40,0,40,0,0,40,0,20,5,0,5,0,15,20,0,0,0,20,0,0,0,0,0,145,135,10,420,0,70,90,75,0,0,10,0,175,0,150,0,0,0,0,80,135,55,55,0,15,0,0,555,0,15,0,540,0,90,0,0,0,0,0,0,0,0,30,60,0,0,0,0,0,0,0,0,0,0,0,0,0,0,0,0,0,0,3.3333333333333335,0.3333333333333333,4.666666666666667,0.6666666666666666,0,3
20211110210505,4,1,2,45,2,100,1,2,1,1,1,1,1,1,1,1,2,2,1,8,1,16,0,10,0,0,10,6,70,25,0,25,0,45,60,60,0,60,0,0,0,0,0,0,140,120,20,165,0,30,0,90,0,0,0,0,45,0,124,0,0,0,0,124,124,0,0,0,0,124,0,570,0,30,0,540,0,295,0,220,0,10,0,0,0,0,0,75,0,0,0,0,0,0,0,0,0,0,0,0,0,0,0,0,0,0,6,0,0,0,0,5
20211110210544,4,1,1,43,2,100,1,2,1,1,1,1,1,1,1,2,2,2,2,7,1,9,0,8,0,0,8,1,0,0,0,0,0,0,0,0,0,0,0,0,0,0,0,0,30,30,0,90,0,65,15,10,0,0,0,0,0,0,280,0,0,0,120,140,140,0,0,120,20,120,0,460,0,80,0,380,0,0,0,0,0,0,0,0,0,0,0,0,0,0,0,0,0,0,0,0,0,0,0,0,571,0,0,146,425,0,3.6666666666666665,0,0.6666666666666666,2.6666666666666665,0,4
20211110210597,4,1,1,39,2,100,1,3,1,1,1,1,1,1,1,2,2,2,2,6,1,0,0,0,0,0,0,0,0,0,0,0,0,0,0,0,0,0,0,0,0,0,0,0,45,45,0,0,0,0,0,0,0,0,0,0,0,0,365,0,0,0,0,365,365,0,0,0,0,185,0,740,0,65,0,675,0,60,0,60,0,60,0,0,0,0,0,0,0,230,0,0,0,0,0,210,0,20,0,0,0,0,0,0,0,0,4.333333333333333,0,2,1,0,2.6666666666666665
20211110210630,4,1,2,34,1,100,1,2,1,1,1,1,1,1,1,2,1,2,1,8,1,105,0,105,0,0,105,0,0,0,0,0,0,0,0,0,0,0,0,0,0,0,0,0,50,50,0,0,0,0,0,0,0,0,0,0,0,0,200,0,0,0,20,0,180,180,180,20,0,0,0,465,0,45,0,420,0,0,0,0,0,0,0,0,0,0,0,0,0,0,0,0,0,0,0,0,0,0,0,0,620,0,0,105,515,0,6,0,2.6666666666666665,1.6666666666666667,0,5
20211110210653,3,1,2,36,2,100,5,2,1,1,1,1,1,1,1,1,2,2,2,5,1,53,0,38,0,0,38,15,0,0,0,0,0,0,0,0,0,0,0,0,0,0,0,0,60,60,0,90,0,90,0,0,0,0,0,0,0,0,60,0,0,0,0,60,60,0,0,0,0,60,0,587,0,60,0,527,0,0,0,0,0,0,0,0,0,0,0,0,0,0,0,0,0,0,0,0,0,0,0,0,590,0,0,120,470,0,3.3333333333333335,2.3333333333333335,3.3333333333333335,4,2.6666666666666665,4.666666666666667
20211110210657,5,1,3,48,2,131,1,3,1,1,1,1,1,1,1,4,2,2,2,10,1,41,0,31,10,0,21,10,0,0,0,0,0,0,11,11,0,11,0,0,0,0,0,0,75,75,0,40,0,40,0,0,0,0,0,0,0,0,95,0,0,0,0,65,95,30,30,0,0,30,0,508,0,30,1,477,0,0,0,0,0,0,0,0,0,0,0,0,0,0,0,0,0,0,0,0,0,0,0,0,670,0,0,45,625,0,6,0,0,0,0,2
20211110210664,4,1,1,53,1,100,1,2,1,1,1,1,1,1,1,3,1,2,3,7,1,0,0,0,0,0,0,0,0,0,0,0,0,0,0,0,0,0,0,0,0,0,0,0,90,90,0,165,0,75,0,0,0,0,90,0,0,0,180,0,0,0,30,150,150,0,0,30,0,150,0,495,0,45,0,450,0,0,0,0,0,0,0,0,0,0,0,0,0,0,0,0,0,0,0,0,0,0,0,0,510,0,0,0,510,0,2.3333333333333335,1.3333333333333333,3.3333333333333335,4,0,4.333333333333333
20211110210695,4,1,2,34,2,100,1,2,1,1,1,1,1,1,1,2,1,2,2,9,1,30,0,30,0,0,30,0,0,0,0,0,0,0,0,0,0,0,0,0,0,0,0,0,105,105,0,45,0,45,0,0,0,0,0,0,0,0,690,0,0,0,0,510,690,180,180,0,0,300,0,570,0,0,0,570,0,0,0,0,0,0,0,0,0,0,0,0,0,0,0,0,0,0,0,0,0,0,0,0,0,0,0,0,0,0,5,0,1.3333333333333333,1,0,5
20211110210697,5,1,3,42,1,100,4,4,1,1,1,1,1,1,1,2,2,1,2,8,1,0,0,0,0,0,0,0,0,0,0,0,0,0,0,0,0,0,0,0,0,0,0,0,15,15,0,0,0,0,0,0,0,0,0,0,0,0,530,0,0,0,0,530,530,0,0,0,0,530,0,455,0,45,0,410,0,10,0,10,0,0,0,0,0,0,0,0,0,0,0,0,0,0,0,0,0,0,0,0,430,0,0,60,370,0,5.666666666666667,0,4,0.6666666666666666,3,5
20211110210710,4,1,1,32,1,100,6,2,1,1,1,1,1,1,1,2,2,2,2,4,1,155,0,155,0,0,155,0,0,0,0,0,0,0,0,0,0,0,0,0,0,0,0,0,65,65,0,25,0,5,0,0,0,0,0,0,20,0,60,0,0,0,0,60,60,0,0,0,0,60,0,570,0,30,0,540,0,0,0,0,0,0,0,0,0,0,0,0,0,0,0,0,0,0,0,0,0,0,0,0,565,0,0,20,545,0,4.333333333333333,0,3.3333333333333335,1.3333333333333333,0,3.3333333333333335
20211110210711,2,1,1,55,1,100,3,2,1,1,1,1,1,1,1,1,1,1,2,8,1,65,0,65,0,0,65,0,0,0,0,0,0,0,0,0,0,0,0,0,0,0,0,0,165,155,10,15,0,10,0,0,0,0,5,0,0,0,55,0,0,0,0,55,55,0,0,0,0,55,0,510,0,45,0,465,0,0,0,0,0,0,0,0,0,0,0,0,0,0,0,0,0,0,0,0,0,0,0,0,630,0,0,0,630,0,3.6666666666666665,0.6666666666666666,1.6666666666666667,2.6666666666666665,0,4.333333333333333
20211110210729,3,1,1,52,2,100,1,4,1,1,1,1,1,1,1,2,1,1,2,7,1,75,60,0,0,0,0,15,35,5,0,5,0,30,40,0,0,0,40,0,0,0,0,0,125,105,20,190,0,10,0,180,0,0,0,0,0,0,220,0,0,0,0,220,220,0,0,0,0,215,0,510,0,150,0,360,0,0,0,0,0,0,0,0,0,0,0,0,0,245,0,0,0,0,0,230,0,15,0,0,0,0,0,0,0,0,6,0,4,0,4,5.333333333333333
20211110210737,5,1,2,44,1,100,1,3,1,1,1,1,1,1,1,1,1,2,2,10,1,0,0,0,0,0,0,0,0,0,0,0,0,0,0,0,0,0,0,0,0,0,0,0,20,20,0,50,0,30,5,15,0,0,0,0,0,0,700,0,0,0,0,700,700,0,0,0,0,700,0,620,0,20,0,600,0,50,0,40,0,40,0,0,0,0,0,10,0,0,0,0,0,0,0,0,0,0,0,0,0,0,0,0,0,0,2,2.6666666666666665,0,0,0.6666666666666666,1.3333333333333333
20211110210758,4,1,2,41,2,100,1,3,1,1,1,1,1,1,1,2,2,2,2,7,1,65,0,65,0,0,65,0,0,0,0,0,0,0,0,0,0,0,0,0,0,0,0,0,45,45,0,225,0,120,0,15,0,90,0,0,0,0,385,0,0,0,120,265,265,0,0,120,0,115,0,570,0,0,0,570,0,150,0,120,0,120,0,0,0,0,0,30,0,0,0,0,0,0,0,0,0,0,0,0,0,0,0,0,0,0,4.333333333333333,0,2.6666666666666665,2.3333333333333335,0,1.3333333333333333
20211110210766,5,1,3,30,2,100,1,1,1,1,1,1,1,1,1,2,2,2,2,9,1,375,0,375,0,0,375,0,0,0,0,0,0,0,0,0,0,0,0,0,0,0,0,0,120,120,0,45,0,45,0,0,0,0,0,0,0,0,325,0,0,0,0,325,325,0,0,0,0,325,0,575,0,0,0,575,0,0,0,0,0,0,0,0,0,0,0,0,0,0,0,0,0,0,0,0,0,0,0,0,0,0,0,0,0,0,6,0,1.6666666666666667,0.3333333333333333,0,4.666666666666667
20211110210778,6,1,4,37,1,100,1,2,1,1,1,1,1,1,1,2,1,2,2,4,1,0,0,0,0,0,0,0,0,0,0,0,0,0,0,0,0,0,0,0,0,0,0,0,40,40,0,0,0,0,0,0,0,0,0,0,0,0,220,0,0,0,0,220,220,0,0,0,0,70,0,520,0,70,0,450,0,25,0,5,0,0,0,0,0,0,0,20,0,210,0,0,0,0,0,195,0,15,0,0,425,0,0,70,355,0,4.666666666666667,0,3,2.6666666666666665,0,6
20211110210788,3,1,2,35,1,100,3,2,1,1,1,1,1,1,1,1,2,2,2,8,1,22,0,2,0,0,2,20,0,0,0,0,0,0,0,0,0,0,0,0,0,0,0,0,20,20,0,38,0,38,0,0,0,0,0,0,0,0,0,0,0,0,0,0,0,0,0,0,0,0,60,570,0,0,0,560,10,0,0,0,0,0,0,0,0,0,0,0,0,0,0,0,0,0,0,0,0,0,0,0,730,0,0,20,710,0,3.6666666666666665,0.3333333333333333,3.6666666666666665,2.6666666666666665,0,2.3333333333333335
20211110210800,6,1,4,36,1,131,1,2,1,1,1,1,1,1,1,2,2,2,2,8,1,15,0,5,0,0,5,10,0,0,0,0,0,0,0,0,0,0,0,0,0,0,0,0,90,90,0,30,0,30,0,0,0,0,0,0,0,0,420,0,0,0,0,300,390,90,90,0,30,30,0,405,0,0,0,405,0,0,0,0,0,0,0,0,0,0,0,0,0,0,0,0,0,0,0,0,0,0,0,0,480,0,0,0,480,0,4.666666666666667,0,3,0.3333333333333333,0,2.6666666666666665
20211110210827,4,1,3,37,2,100,4,3,1,1,1,1,1,1,1,2,2,2,2,6,1,0,0,0,0,0,0,0,0,0,0,0,0,0,0,0,0,0,0,0,0,0,0,0,40,40,0,3,0,3,0,0,0,0,0,0,0,0,1047,0,0,0,0,1047,1047,0,0,0,0,0,0,350,0,20,0,330,0,0,0,0,0,0,0,0,0,0,0,0,0,0,0,0,0,0,0,0,0,0,0,0,0,0,0,0,0,0,4.666666666666667,0,2,0,0,3
20211110210830,4,1,2,38,2,131,1,1,1,1,1,1,1,1,1,1,2,1,2,6,1,225,0,225,90,0,135,0,0,0,0,0,0,0,0,0,0,0,0,0,0,0,0,0,170,170,0,150,0,60,0,90,0,0,0,0,0,0,45,0,0,0,0,45,45,0,0,0,0,45,60,575,0,45,0,530,0,195,0,150,0,60,0,0,0,0,0,45,0,20,0,0,0,0,0,20,0,0,0,0,0,0,0,0,0,0,4,0,2.6666666666666665,3.3333333333333335,2,4
20211110210849,2,1,1,26,2,132,6,2,1,1,1,1,1,1,1,2,2,2,2,4,1,82,0,52,0,0,52,30,71,21,0,21,0,50,0,0,0,0,0,0,0,0,0,0,2,2,0,32,0,30,0,0,0,0,2,0,0,0,225,0,0,0,45,140,170,30,30,45,10,120,0,611,0,40,0,571,0,70,0,70,0,0,0,0,0,0,0,0,0,0,0,0,0,0,0,0,0,0,0,0,347,0,0,37,310,0,3.3333333333333335,0,2.3333333333333335,2.6666666666666665,0,3.6666666666666665
20211110210888,3,1,1,38,1,131,1,2,1,1,1,1,1,1,1,2,2,2,2,5,1,300,0,300,0,0,300,0,0,0,0,0,0,0,0,0,0,0,0,0,0,0,0,0,60,60,0,120,0,0,0,120,0,0,0,0,0,0,0,0,0,0,0,0,0,0,0,0,0,0,105,775,180,0,0,595,0,80,0,20,0,0,0,0,0,0,0,60,0,0,0,0,0,0,0,0,0,0,0,0,0,0,0,0,0,0,5.666666666666667,0,2.3333333333333335,0,0,5.333333333333333
20211110210891,4,1,2,39,1,110,1,2,1,1,1,1,1,1,1,2,2,2,2,8,1,0,0,0,0,0,0,0,0,0,0,0,0,0,0,0,0,0,0,0,0,0,0,0,20,20,0,90,0,30,0,60,0,0,0,0,0,0,550,0,0,0,0,530,530,0,0,0,20,530,120,660,0,60,0,600,0,0,0,0,0,0,0,0,0,0,0,0,0,0,0,0,0,0,0,0,0,0,0,0,0,0,0,0,0,0,5,0,0,0.3333333333333333,0,2
20211110210901,3,1,2,39,1,100,6,2,1,1,1,1,1,1,1,2,2,2,2,6,1,75,0,55,0,0,55,20,0,0,0,0,0,0,0,0,0,0,0,0,0,0,0,0,35,35,0,185,0,5,0,60,0,0,0,0,0,120,500,0,0,0,0,500,500,0,0,0,0,500,90,535,0,15,0,520,0,20,0,10,0,0,0,0,0,0,0,10,0,0,0,0,0,0,0,0,0,0,0,0,0,0,0,0,0,0,3.6666666666666665,1.3333333333333333,2.6666666666666665,4,0,0
20211110210906,3,1,1,21,2,110,6,2,1,1,1,1,1,1,1,2,2,2,2,7,1,143,120,3,0,0,3,20,0,0,0,0,0,0,5,5,0,5,0,0,217,0,217,0,120,120,0,40,0,0,0,30,0,0,0,0,10,0,300,0,0,0,0,300,300,0,0,0,0,300,0,447,0,0,0,447,0,168,0,108,0,0,0,0,0,0,0,60,0,0,0,0,0,0,0,0,0,0,0,0,0,0,0,0,0,0,5,0,3.3333333333333335,1,0,5.333333333333333
20211110210910,4,1,1,21,1,100,6,3,1,1,1,1,1,1,1,4,2,1,2,5,1,0,0,0,0,0,0,0,0,0,0,0,0,0,0,0,0,0,0,0,0,0,0,0,225,165,60,5,0,0,5,0,0,0,0,0,0,0,10,0,0,0,0,10,10,0,0,0,0,0,30,480,0,30,0,450,0,70,0,50,0,0,0,0,0,0,0,20,0,0,0,0,0,0,0,0,0,0,0,0,620,0,0,0,620,0,2.6666666666666665,0,5,1.3333333333333333,4,4.666666666666667
20211110210924,3,1,1,36,2,100,1,2,1,1,1,1,1,1,1,3,2,2,2,7,1,265,0,265,0,0,265,0,0,0,0,0,0,0,0,0,0,0,0,0,0,0,0,0,35,35,0,30,0,15,0,15,0,0,0,0,0,0,0,0,0,0,0,0,0,0,0,0,0,0,10,540,0,40,0,500,0,100,0,60,0,60,0,0,0,0,0,40,0,0,0,0,0,0,0,0,0,0,0,0,460,0,0,0,460,0,3.3333333333333335,1,2.3333333333333335,3,0,4.333333333333333
20211110210942,3,1,1,34,2,100,1,1,1,1,1,1,1,1,1,2,2,2,2,8,1,180,0,150,0,0,150,30,0,0,0,0,0,0,0,0,0,0,0,0,0,0,0,0,180,180,0,0,0,0,0,0,0,0,0,0,0,0,60,0,0,0,0,60,60,0,0,0,0,60,0,540,0,0,0,540,0,0,0,0,0,0,0,0,0,0,0,0,0,0,0,0,0,0,0,0,0,0,0,0,480,0,0,0,480,0,4.333333333333333,0,2.6666666666666665,1.6666666666666667,0,3.6666666666666665
20211110210947,4,1,2,35,2,100,1,2,1,1,1,1,1,1,1,2,2,2,2,8,1,115,0,95,0,0,95,20,0,0,0,0,0,0,0,0,0,0,0,0,0,0,0,0,110,85,25,75,0,30,0,45,0,0,0,0,0,0,40,0,0,0,0,40,40,0,0,0,0,0,0,603,0,35,0,568,0,82,0,60,0,60,0,0,0,0,0,22,0,205,0,0,0,0,0,180,0,25,0,0,210,0,0,0,210,0,3.6666666666666665,0,2.3333333333333335,1,1,3
20211110210955,4,1,2,43,2,100,1,3,1,1,1,1,1,1,1,2,2,1,2,8,1,110,0,110,20,0,90,0,0,0,0,0,0,0,0,0,0,0,0,0,0,0,0,0,30,30,0,50,0,50,0,0,0,0,0,0,0,0,140,0,0,0,0,110,140,30,30,0,0,110,0,540,0,45,0,495,0,0,0,0,0,0,0,0,0,0,0,0,0,10,0,0,0,0,0,10,0,0,0,0,560,0,0,40,520,0,3.6666666666666665,1.3333333333333333,4,2.6666666666666665,0,4.666666666666667
20211110210977,3,1,1,47,1,100,1,3,1,1,1,1,1,1,1,3,1,2,2,7,1,87,0,87,0,0,87,0,0,0,0,0,0,0,0,0,0,0,0,0,0,0,0,0,100,95,5,140,0,75,30,0,0,0,15,0,20,0,90,0,0,0,0,90,90,0,0,0,0,30,0,375,0,45,0,330,0,95,0,30,0,0,0,0,0,0,65,0,0,50,0,30,0,0,0,0,0,20,30,30,503,0,0,25,478,0,5,0,3.6666666666666665,1,0.3333333333333333,3.6666666666666665
20211110210990,4,1,2,39,1,100,1,5,1,1,1,1,1,1,1,2,1,2,2,7,1,60,0,60,0,0,60,0,0,0,0,0,0,0,0,0,0,0,0,0,0,0,0,0,0,0,0,0,0,0,0,0,0,0,0,0,0,0,60,0,0,0,0,60,60,0,0,0,0,0,0,660,0,30,0,630,0,25,0,10,0,0,0,0,0,0,0,15,0,0,0,0,0,0,0,0,0,0,0,0,635,0,0,35,600,0,5,0,6,1.3333333333333333,0,2
20211110211043,4,1,1,47,1,100,1,2,1,1,1,1,1,1,1,2,2,1,2,10,1,0,0,0,0,0,0,0,0,0,0,0,0,0,0,0,0,0,0,0,0,0,0,0,35,30,5,10,0,0,10,0,0,0,0,0,0,0,255,0,0,0,0,150,240,90,90,0,15,90,0,535,0,65,0,470,0,36,0,30,0,30,0,0,0,0,0,6,0,569,0,0,0,0,0,189,15,30,350,350,0,0,0,0,0,0,6,0,3.3333333333333335,1.3333333333333333,0,6
20211110211051,4,1,1,76,2,110,4,1,1,1,1,1,1,1,1,1,2,2,2,10,1,0,0,0,0,0,0,0,0,0,0,0,0,0,0,0,0,0,0,0,0,0,0,0,80,20,60,40,0,0,0,40,0,0,0,0,0,0,515,0,0,0,0,335,515,180,180,0,0,335,0,690,0,30,0,660,0,70,0,15,0,0,0,0,0,0,0,55,0,45,0,0,0,0,0,45,0,0,0,0,0,0,0,0,0,0,6,0,0,0,0,6
20211110211062,5,1,3,38,1,100,1,2,1,1,1,1,1,1,1,1,1,2,2,10,1,0,0,0,0,0,0,0,0,0,0,0,0,0,0,0,0,0,0,0,0,0,0,0,80,75,5,0,0,0,0,0,0,0,0,0,0,0,135,0,0,0,0,135,135,0,0,0,0,45,0,600,0,60,0,540,0,55,0,35,0,0,0,0,0,0,0,20,0,0,0,0,0,0,0,0,0,0,0,0,570,0,0,15,555,0,4.333333333333333,0,1.3333333333333333,0.6666666666666666,0.3333333333333333,5.333333333333333
20211110211125,3,1,1,37,1,132,1,1,1,1,1,1,1,1,1,1,2,2,2,10,1,198,0,143,0,0,143,55,0,0,0,0,0,0,0,0,0,0,0,0,0,0,0,0,82,82,0,45,0,45,0,0,0,0,0,0,0,0,0,0,0,0,0,0,0,0,0,0,0,0,0,355,0,30,0,325,0,0,0,0,0,0,0,0,0,0,0,0,0,0,0,0,0,0,0,0,0,0,0,0,760,0,0,45,715,0,6,0,0,0,0,6
20211110211128,3,1,1,42,2,100,1,2,1,1,1,1,1,1,1,2,2,2,2,8,1,90,0,90,0,0,90,0,0,0,0,0,0,0,0,0,0,0,0,0,0,0,0,0,90,90,0,30,0,30,0,0,0,0,0,0,0,0,330,0,0,0,0,330,330,0,0,0,0,270,0,720,0,165,0,555,0,0,0,0,0,0,0,0,0,0,0,0,0,180,0,0,0,0,0,150,0,30,0,0,0,0,0,0,0,0,6,0,3,0,0,4
20211110211134,4,1,2,45,1,100,1,3,1,1,1,1,1,1,1,4,1,1,1,8,1,45,0,45,0,0,45,0,0,0,0,0,0,0,0,0,0,0,0,0,0,0,0,0,50,50,0,120,0,120,0,0,0,0,0,0,0,0,500,75,0,0,0,399,494,20,20,0,6,320,0,495,0,0,0,495,0,0,0,0,0,0,0,0,0,0,0,0,0,230,0,0,0,0,0,0,20,210,20,20,0,0,0,0,0,0,3.6666666666666665,0,3.3333333333333335,1.3333333333333333,0.3333333333333333,5.333333333333333
20211110211135,4,1,1,50,2,100,1,3,1,1,1,1,1,1,1,1,1,1,1,7,1,0,0,0,0,0,0,0,0,0,0,0,0,0,0,0,0,0,0,0,0,0,0,0,30,30,0,360,0,60,0,180,120,0,0,0,0,0,300,0,0,0,0,300,300,0,0,0,0,300,0,600,0,0,0,600,0,150,0,120,0,0,0,0,0,0,0,30,0,0,0,0,0,0,0,0,0,0,0,0,0,0,0,0,0,0,5.333333333333333,0,1.6666666666666667,0,0.6666666666666666,6
20211110211142,3,1,1,37,2,100,6,3,1,1,1,1,1,1,1,4,2,2,2,7,1,165,0,165,0,0,165,0,140,15,0,15,0,125,0,0,0,0,0,0,0,0,0,0,90,90,0,30,0,30,0,0,0,0,0,0,0,0,260,0,0,0,0,260,260,0,0,0,0,200,45,645,0,0,0,645,0,65,0,60,0,0,0,0,0,0,0,5,0,0,0,0,0,0,0,0,0,0,0,0,0,0,0,0,0,0,4.333333333333333,0,4.666666666666667,0.6666666666666666,0,2
20211110211169,3,1,1,34,2,110,6,3,1,1,1,1,1,1,1,2,2,1,2,6,1,0,0,0,0,0,0,0,0,0,0,0,0,0,0,0,0,0,0,0,0,0,0,0,32,32,0,65,0,50,0,15,0,0,0,0,0,0,219,0,0,0,0,199,219,20,20,0,0,185,0,570,0,60,5,505,0,69,0,59,0,45,0,0,0,0,0,10,0,0,0,0,0,0,0,0,0,0,0,0,485,0,0,0,485,0,5,0,3,0.3333333333333333,3.3333333333333335,4
20211110211178,3,1,1,28,2,100,6,1,1,1,1,1,1,1,1,2,2,2,3,7,1,360,0,360,0,0,360,0,0,0,0,0,0,0,0,0,0,0,0,0,0,0,0,0,75,75,0,240,0,120,0,120,0,0,0,0,0,0,120,0,0,0,0,120,120,0,0,0,0,120,25,540,0,0,0,540,0,80,0,60,0,60,0,0,0,0,0,20,0,0,0,0,0,0,0,0,0,0,0,0,0,0,0,0,0,0,3.3333333333333335,0,3.3333333333333335,1.6666666666666667,0,3
20211110211190,6,1,4,40,1,100,4,3,1,1,1,1,1,1,1,4,2,1,2,7,1,80,0,71,0,0,71,9,0,0,0,0,0,0,0,0,0,0,0,0,0,0,0,0,105,105,0,300,0,30,115,60,0,0,0,0,65,30,240,0,0,0,0,240,240,0,0,0,0,240,0,630,0,30,0,600,0,75,0,45,0,45,0,0,0,0,0,30,0,10,0,0,0,0,0,10,0,0,0,0,0,0,0,0,0,0,4.5,0,4.5,2.5,1,5
20211110211216,4,1,2,50,1,100,1,2,1,1,1,1,1,1,1,3,2,2,2,4,1,105,0,105,0,0,105,0,0,0,0,0,0,0,0,0,0,0,0,0,0,0,0,0,240,210,30,180,0,0,0,180,0,0,0,0,0,0,180,0,0,0,0,180,180,0,0,0,0,120,125,495,0,0,0,495,0,115,0,0,0,0,0,0,0,95,95,20,0,0,0,0,0,0,0,0,0,0,0,0,0,0,0,0,0,0,3.3333333333333335,3,3,3,0,1.6666666666666667
20211110211240,4,1,2,30,2,100,1,2,1,1,1,1,1,1,1,3,2,1,2,9,1,346,0,346,0,0,346,0,0,0,0,0,0,0,0,0,0,0,0,0,0,0,0,0,40,40,0,30,0,30,0,0,0,0,0,0,0,0,344,0,0,0,0,224,344,120,120,0,0,224,0,480,0,0,0,480,0,200,0,0,0,0,0,200,200,0,0,0,0,0,0,0,0,0,0,0,0,0,0,0,0,0,0,0,0,0,4.666666666666667,0,2.6666666666666665,2,0,5
20211110211253,8,1,4,29,1,100,1,3,1,1,1,1,1,1,1,2,2,2,1,7,1,175,0,175,0,0,175,0,0,0,0,0,0,0,0,0,0,0,0,0,0,0,0,0,120,120,0,220,0,0,10,30,90,0,0,0,0,90,90,0,0,0,0,90,90,0,0,0,0,90,35,660,0,60,0,600,0,140,0,90,0,85,0,0,0,0,0,50,0,0,0,0,0,0,0,0,0,0,0,0,0,0,0,0,0,0,6,2,1.3333333333333333,0,0,5.333333333333333
20211110211255,3,1,1,41,1,100,1,3,1,1,1,1,1,1,1,1,1,2,2,10,1,30,0,30,0,0,30,0,0,0,0,0,0,0,0,0,0,0,0,0,0,0,0,0,20,20,0,60,0,0,0,60,0,0,0,0,0,0,700,0,0,0,60,480,630,150,150,60,10,480,0,555,0,120,0,435,0,75,0,45,0,45,0,0,0,0,0,30,0,0,0,0,0,0,0,0,0,0,0,0,0,0,0,0,0,0,6,1,1,1,0.6666666666666666,6
20211110211276,4,1,1,64,1,100,1,4,1,1,1,1,1,1,1,3,1,1,2,5,1,215,0,215,0,0,215,0,15,0,0,0,5,10,0,0,0,0,0,0,0,0,0,0,40,40,0,260,245,15,0,0,0,0,0,0,0,0,480,0,0,0,0,480,480,0,0,0,0,120,65,365,0,20,0,345,0,0,0,0,0,0,0,0,0,0,0,0,0,0,0,0,0,0,0,0,0,0,0,0,0,0,0,0,0,0,3.6666666666666665,0,2,0.6666666666666666,3.6666666666666665,4.333333333333333
20211110211299,7,1,3,51,2,100,2,3,1,1,1,1,1,1,1,1,2,1,2,10,1,0,0,0,0,0,0,0,2,2,2,0,0,0,45,0,0,0,45,0,0,0,0,0,110,60,50,180,0,180,0,0,0,0,0,0,0,0,265,0,0,0,0,265,265,0,0,0,0,265,73,645,0,90,0,555,0,120,75,0,0,0,0,0,0,0,75,45,0,0,0,0,0,0,0,0,0,0,0,0,0,0,0,0,0,0,6,0,0,0,0,6
20211110211341,7,1,4,39,1,100,1,4,1,1,1,1,1,1,1,1,2,2,2,8,1,105,0,105,0,0,105,0,0,0,0,0,0,0,60,0,0,0,15,45,0,0,0,0,30,30,0,180,0,0,0,0,0,0,0,0,0,180,37,0,0,0,0,37,37,0,0,0,0,30,0,570,0,45,0,525,0,0,0,0,0,0,0,0,0,0,0,0,0,0,0,0,0,0,0,0,0,0,0,0,458,0,0,45,413,0,4.333333333333333,0,0,0,0,4
20211110211344,3,1,2,36,2,100,6,4,1,1,1,1,1,1,1,4,2,2,2,8,1,0,0,0,0,0,0,0,0,0,0,0,0,0,0,0,0,0,0,0,0,0,0,0,50,50,0,185,0,85,0,90,0,0,0,0,10,0,465,0,0,0,0,305,465,160,160,0,0,0,0,740,0,20,0,720,0,0,0,0,0,0,0,0,0,0,0,0,0,0,0,0,0,0,0,0,0,0,0,0,0,0,0,0,0,0,6,0,1.3333333333333333,0,0,4
20211110211361,4,1,2,31,2,100,1,2,1,1,1,1,1,1,1,2,2,1,2,8,1,185,0,185,0,0,185,0,0,0,0,0,0,0,0,0,0,0,0,0,0,0,0,0,100,100,0,250,0,175,0,75,0,0,0,0,0,0,160,0,0,0,105,15,15,0,0,105,40,0,100,645,0,20,0,625,0,0,0,0,0,0,0,0,0,0,0,0,0,0,0,0,0,0,0,0,0,0,0,0,0,0,0,0,0,0,5,0,3.3333333333333335,3.3333333333333335,0,5
20211110211392,3,1,1,38,2,100,1,1,1,1,1,1,1,1,1,2,2,2,1,8,1,163,0,163,0,0,163,0,0,0,0,0,0,0,60,0,0,0,60,0,0,0,0,0,85,85,0,55,0,30,10,0,0,0,15,0,0,0,353,0,0,0,0,233,353,120,120,0,0,120,0,648,0,70,0,578,0,76,0,65,0,60,0,0,0,0,0,11,0,0,0,0,0,0,0,0,0,0,0,0,0,0,0,0,0,0,0,1.6666666666666667,5.666666666666667,0,0,4.333333333333333
20211110211422,3,1,1,48,1,100,1,2,1,1,1,1,1,1,1,1,2,2,2,8,1,0,0,0,0,0,0,0,0,0,0,0,0,0,30,30,30,0,0,0,0,0,0,0,30,30,0,50,0,0,15,0,0,0,0,0,5,30,205,0,0,0,0,205,205,0,0,0,0,175,0,430,0,10,0,420,0,10,0,5,0,0,0,0,0,0,0,5,0,0,0,0,0,0,0,0,0,0,0,0,685,0,0,45,640,0,4,0,0,0.6666666666666666,0,4.666666666666667
20211110211441,2,1,1,63,1,100,3,3,1,1,1,1,1,1,1,3,1,1,2,8,1,0,0,0,0,0,0,0,0,0,0,0,0,0,0,0,0,0,0,0,0,0,0,0,0,0,0,92,0,62,0,0,30,0,0,0,0,0,838,0,0,0,0,838,838,0,0,0,0,838,0,510,0,0,0,510,0,0,0,0,0,0,0,0,0,0,0,0,0,0,0,0,0,0,0,0,0,0,0,0,0,0,0,0,0,0,5,0,2,0.6666666666666666,3.3333333333333335,5
20211110211463,4,1,2,34,2,100,6,1,1,1,1,1,1,1,1,2,2,2,1,9,1,223,10,183,0,0,183,30,0,0,0,0,0,0,72,0,0,0,40,32,0,0,0,0,110,110,0,410,0,270,13,95,0,0,32,0,0,0,90,0,0,0,0,30,90,60,60,0,0,30,29,450,0,15,0,435,0,56,0,35,0,35,0,0,0,0,0,21,0,0,0,0,0,0,0,0,0,0,0,0,0,0,0,0,0,0,6,0,0.6666666666666666,1.6666666666666667,0,6
20211110211471,4,1,2,37,1,100,1,1,1,1,1,1,1,1,1,1,2,2,1,8,1,95,0,95,0,0,95,0,0,0,0,0,0,0,0,0,0,0,0,0,0,0,0,0,45,45,0,0,0,0,0,0,0,0,0,0,0,0,280,0,0,0,30,250,250,0,0,30,0,40,0,420,0,0,0,420,0,0,0,0,0,0,0,0,0,0,0,0,0,0,0,0,0,0,0,0,0,0,0,0,600,0,0,0,600,0,5.333333333333333,1,2.3333333333333335,2.6666666666666665,1,5.666666666666667
20211110211488,4,1,2,37,1,131,1,3,1,1,1,1,1,1,1,2,2,2,1,6,1,85,0,65,30,0,35,20,0,0,0,0,0,0,0,0,0,0,0,0,0,0,0,0,180,130,50,0,0,0,0,0,0,0,0,0,0,0,60,0,0,0,0,0,60,60,60,0,0,0,0,600,0,30,0,570,0,0,0,0,0,0,0,0,0,0,0,0,0,0,0,0,0,0,0,0,0,0,0,0,515,0,0,15,500,0,5.666666666666667,0,1,0.6666666666666666,0,6
20211110211497,3,1,1,40,1,100,1,1,1,1,1,1,1,1,1,1,2,2,2,7,1,115,0,115,0,0,115,0,0,0,0,0,0,0,0,0,0,0,0,0,0,0,0,0,90,90,0,0,0,0,0,0,0,0,0,0,0,0,120,0,0,0,0,120,120,0,0,0,0,90,0,625,0,25,0,600,0,0,0,0,0,0,0,0,0,0,0,0,0,36,0,0,0,0,0,0,2,0,36,36,454,0,0,0,454,0,5,0,1.6666666666666667,3.3333333333333335,0,5
20211110211501,5,1,3,23,2,100,1,2,1,1,1,1,1,1,1,1,2,2,2,7,1,0,0,0,0,0,0,0,0,0,0,0,0,0,0,0,0,0,0,0,0,0,0,0,180,180,0,215,0,180,5,30,0,0,0,0,0,0,50,0,0,0,0,50,50,0,0,0,0,50,0,780,0,90,0,690,0,215,0,60,0,60,120,0,0,0,120,35,0,0,0,0,0,0,0,0,0,0,0,0,0,0,0,0,0,0,5.666666666666667,0,0,3.3333333333333335,0,4
20211110211516,5,1,3,35,2,110,6,3,1,1,1,1,1,1,1,2,2,2,1,7,1,13,0,3,0,0,3,10,290,270,0,270,0,20,0,0,0,0,0,0,0,0,0,0,10,10,0,395,0,5,0,365,0,0,0,0,25,0,60,0,0,0,0,60,60,0,0,0,0,60,0,672,0,90,0,582,0,0,0,0,0,0,0,0,0,0,0,0,0,0,0,0,0,0,0,0,0,0,0,0,0,0,0,0,0,0,6,0,0,0,0,6
20211110211532,4,1,2,32,2,100,1,3,1,1,1,1,1,1,1,2,2,2,2,5,1,0,0,0,0,0,0,0,0,0,0,0,0,0,0,0,0,0,0,0,0,0,0,0,30,30,0,145,0,85,0,35,0,0,25,0,0,0,240,0,0,0,0,240,240,0,0,0,0,240,45,510,0,30,0,480,0,0,0,0,0,0,0,0,0,0,0,0,0,0,0,0,0,0,0,0,0,0,0,0,470,0,0,0,470,0,3,0.3333333333333333,1.6666666666666667,2.3333333333333335,0,2.3333333333333335
20211110211554,2,1,1,50,2,100,4,3,1,1,1,1,1,1,1,1,1,1,1,7,1,0,0,0,0,0,0,0,0,0,0,0,0,0,0,0,0,0,0,0,0,0,0,0,150,90,60,50,0,0,10,30,0,0,10,0,0,0,290,0,0,0,0,290,290,0,0,0,0,210,0,645,0,90,0,555,0,305,0,190,0,120,0,0,0,0,0,115,0,0,0,0,0,0,0,0,0,0,0,0,0,0,0,0,0,0,4.333333333333333,0,3,0.6666666666666666,0,6
20211110211587,5,1,3,37,1,100,1,4,1,1,1,1,1,1,1,3,2,2,2,5,1,110,0,110,0,0,110,0,0,0,0,0,0,0,0,0,0,0,0,0,0,0,0,0,60,60,0,0,0,0,0,0,0,0,0,0,0,0,0,0,0,0,0,0,0,0,0,0,0,0,15,555,0,30,0,525,0,0,0,0,0,0,0,0,0,0,0,0,0,0,0,0,0,0,0,0,0,0,0,0,700,0,0,20,680,0,3,0,3.5,0,0,3
20211110211606,3,1,1,32,2,100,1,3,1,1,1,1,1,1,1,3,2,2,1,7,1,45,0,15,0,0,15,30,0,0,0,0,0,0,0,0,0,0,0,0,0,0,0,0,30,30,0,170,0,80,0,90,0,0,0,0,0,0,435,0,0,0,0,220,435,215,215,0,0,0,0,640,0,40,0,600,0,120,0,60,0,60,0,0,0,0,0,60,0,0,0,0,0,0,0,0,0,0,0,0,0,0,0,0,0,0,4,0,2.6666666666666665,1.3333333333333333,0,1
20211110211620,4,1,2,38,2,100,1,2,1,1,1,1,1,1,1,1,2,2,1,4,1,65,0,65,0,0,65,0,0,0,0,0,0,0,0,0,0,0,0,0,0,0,0,0,100,100,0,110,0,70,0,40,0,0,0,0,0,0,185,0,0,0,35,150,150,0,0,35,0,60,0,515,0,35,0,480,0,0,0,0,0,0,0,0,0,0,0,0,0,0,0,0,0,0,0,0,0,0,0,0,465,0,0,0,465,0,3.6666666666666665,0,0.6666666666666666,0,0,1
20211110211639,5,1,3,46,1,100,1,2,1,1,1,1,1,1,1,1,1,2,2,6,1,15,0,15,0,0,15,0,75,60,0,60,0,15,0,0,0,0,0,0,0,0,0,0,60,60,0,615,555,60,0,0,0,0,0,0,0,0,150,0,0,0,0,150,150,0,0,0,0,150,0,525,0,20,0,505,0,0,0,0,0,0,0,0,0,0,0,0,0,0,0,0,0,0,0,0,0,0,0,0,0,0,0,0,0,0,5.666666666666667,0,4.666666666666667,2.6666666666666665,4,5.666666666666667
20211110211661,4,1,2,38,2,100,6,1,1,1,1,1,1,1,1,1,2,2,1,7,1,0,0,0,0,0,0,0,0,0,0,0,0,0,0,0,0,0,0,0,0,0,0,0,90,90,0,405,0,60,0,345,0,0,0,0,0,0,300,0,240,0,0,0,240,240,0,0,60,0,0,645,0,135,0,510,0,0,0,0,0,0,0,0,0,0,0,0,0,0,0,0,0,0,0,0,0,0,0,0,0,0,0,0,0,0,6,0,2,0.6666666666666666,0,6
20211110211724,5,1,1,48,2,100,1,1,1,1,1,1,1,1,1,2,2,2,2,9,1,5,0,5,0,0,5,0,0,0,0,0,0,0,0,0,0,0,0,0,0,0,0,0,90,90,0,49,0,30,19,0,0,0,0,0,0,0,315,0,0,0,0,0,240,240,240,0,75,0,11,435,0,80,0,355,0,0,0,0,0,0,0,0,0,0,0,0,0,0,0,0,0,0,0,0,0,0,0,0,535,0,0,40,495,0,4.666666666666667,0,2,0,0,5
20211110211740,6,1,2,77,1,100,1,3,1,1,1,1,1,1,1,2,2,1,2,8,1,45,0,45,0,0,45,0,0,0,0,0,0,0,120,0,0,0,120,0,0,0,0,0,30,30,0,180,0,30,60,60,0,0,30,0,0,0,360,0,0,0,60,300,300,0,0,60,0,240,0,705,0,60,0,645,0,0,0,0,0,0,0,0,0,0,0,0,0,0,0,0,0,0,0,0,0,0,0,0,0,0,0,0,0,0,4.666666666666667,1.6666666666666667,3.6666666666666665,1.6666666666666667,2.3333333333333335,3.3333333333333335
20211110211741,4,1,2,27,2,100,1,1,1,1,1,1,1,1,1,2,2,1,3,8,1,45,0,45,0,0,45,0,0,0,0,0,0,0,0,0,0,0,0,0,0,0,0,0,95,95,0,230,0,65,15,105,15,0,0,0,30,0,185,0,0,0,0,55,155,100,100,0,30,55,120,555,0,0,0,555,0,105,0,60,0,0,0,0,0,0,0,45,0,105,0,0,0,0,0,95,0,10,0,0,0,0,0,0,0,0,3,3,2,3,1,4.5
20211110211759,4,1,1,51,2,110,1,3,1,1,1,1,1,1,1,2,2,2,1,9,1,170,0,170,0,0,170,0,0,0,0,0,0,0,0,0,0,0,0,0,0,0,0,0,55,55,0,85,0,55,30,0,0,0,0,0,0,0,85,0,0,0,0,85,85,0,0,0,0,65,0,610,0,30,0,580,0,215,0,173,0,98,0,0,0,0,0,42,0,120,30,90,0,0,0,0,0,0,120,120,100,0,0,20,80,0,4.333333333333333,0,1.3333333333333333,2,1,5.333333333333333
20211110211763,4,1,2,34,2,100,1,2,1,1,1,1,1,1,1,2,2,2,2,8,1,162,0,142,120,0,22,20,0,0,0,0,0,0,15,15,15,0,0,0,0,0,0,0,20,20,0,90,0,60,0,30,0,0,0,0,0,0,140,0,0,0,0,140,140,0,0,0,0,95,0,553,0,45,0,508,0,0,0,0,0,0,0,0,0,0,0,0,0,0,0,0,0,0,0,0,0,0,0,0,460,0,0,0,460,0,2.6666666666666665,0,1,0.6666666666666666,0,3.6666666666666665
20211110211765,2,1,1,39,2,100,5,2,1,1,1,1,1,1,1,1,2,1,2,7,1,0,0,0,0,0,0,0,0,0,0,0,0,0,0,0,0,0,0,0,0,0,0,0,60,60,0,75,0,0,0,45,0,0,30,0,0,0,300,0,0,0,0,300,300,0,0,0,0,300,0,690,0,0,0,690,0,285,0,240,0,30,0,0,0,0,0,45,0,0,0,0,0,0,0,0,0,0,0,0,30,0,0,0,30,0,3.3333333333333335,0,0.6666666666666666,2.6666666666666665,0,2.3333333333333335
20211110211779,3,1,2,43,2,100,4,1,1,1,1,1,1,1,1,1,2,2,1,7,1,90,0,90,0,0,90,0,0,0,0,0,0,0,0,0,0,0,0,0,0,0,0,0,45,45,0,285,0,75,0,210,0,0,0,0,0,0,300,0,0,0,0,300,300,0,0,0,0,300,0,720,0,5,0,715,0,0,0,0,0,0,0,0,0,0,0,0,0,0,0,0,0,0,0,0,0,0,0,0,0,0,0,0,0,0,5.333333333333333,0.6666666666666666,3.6666666666666665,3,1,5.333333333333333
20211110211781,3,1,1,37,1,131,1,3,1,1,1,1,1,1,1,2,2,2,3,6,1,140,0,140,0,0,140,0,0,0,0,0,0,0,0,0,0,0,0,0,0,0,0,0,50,50,0,0,0,0,0,0,0,0,0,0,0,0,240,0,0,0,0,240,240,0,0,0,0,90,30,510,0,30,0,480,0,0,0,0,0,0,0,0,0,0,0,0,0,0,0,0,0,0,0,0,0,0,0,0,470,0,0,0,470,0,5,0,1,2.3333333333333335,0.3333333333333333,5
20211110211782,4,1,3,25,2,100,2,4,1,1,1,1,1,1,1,2,2,1,3,10,1,157,0,128,30,0,98,29,0,0,0,0,0,0,0,0,0,0,0,0,0,0,0,0,54,54,0,11,0,6,5,0,0,0,0,0,0,0,185,0,0,0,0,105,148,43,43,0,37,90,0,511,0,71,0,430,10,0,0,0,0,0,0,0,0,0,0,0,0,0,0,0,0,0,0,0,0,0,0,0,522,0,0,14,508,0,5,0,6,5,0,6
20211110211802,4,1,2,45,1,100,1,4,1,1,1,1,1,1,1,2,1,2,2,5,1,0,0,0,0,0,0,0,0,0,0,0,0,0,0,0,0,0,0,0,0,0,0,0,60,60,0,135,0,75,0,60,0,0,0,0,0,0,480,0,0,0,0,480,480,0,0,0,0,420,0,765,0,60,0,705,0,0,0,0,0,0,0,0,0,0,0,0,0,0,0,0,0,0,0,0,0,0,0,0,0,0,0,0,0,0,3,0,2.3333333333333335,1,1,1
20211110211808,4,1,1,62,2,100,1,2,1,1,1,1,1,1,1,1,1,2,2,7,1,105,0,90,0,0,90,15,0,0,0,0,0,0,0,0,0,0,0,0,90,90,0,0,35,35,0,331,0,180,60,90,0,0,1,0,0,0,140,0,0,0,0,50,140,90,90,0,0,0,0,559,0,20,0,539,0,0,0,0,0,0,0,0,0,0,0,0,0,180,0,0,0,0,0,0,120,60,120,120,0,0,0,0,0,0,4.666666666666667,0,0,1.6666666666666667,0.6666666666666666,4.666666666666667
20211110211809,3,1,1,59,2,100,6,3,2,1,1,2,1,1,1,4,2,1,2,5,1,133,0,83,0,0,83,50,0,0,0,0,0,0,0,0,0,0,0,0,0,0,0,0,15,15,0,15,0,15,0,0,0,0,0,0,0,0,60,0,0,0,0,60,60,0,0,0,0,60,0,300,0,0,0,300,0,0,0,0,0,0,0,0,0,0,0,0,0,10,10,0,0,0,0,0,0,0,10,10,907,0,0,0,907,0,2.3333333333333335,0,6,2,0,2
20211110211810,4,1,2,43,1,100,1,2,1,1,1,1,1,1,1,1,2,2,1,9,1,0,0,0,0,0,0,0,0,0,0,0,0,0,0,0,0,0,0,0,0,0,0,0,50,50,0,20,0,20,0,0,0,0,0,0,0,0,270,0,0,0,0,270,270,0,0,0,0,150,0,448,0,0,0,448,0,22,0,10,0,10,0,0,0,0,0,12,0,80,0,0,0,0,0,60,0,20,0,0,550,0,0,0,550,0,6,0,0.6666666666666666,0,0,5.333333333333333
20211110211823,4,1,2,35,2,100,1,4,1,1,1,1,1,1,1,4,2,2,2,7,1,405,0,375,0,0,375,30,0,0,0,0,0,0,0,0,0,0,0,0,0,0,0,0,105,105,0,65,0,5,0,60,0,0,0,0,0,0,0,0,0,0,0,0,0,0,0,0,0,0,45,640,0,0,0,640,0,60,0,45,0,45,0,0,0,0,0,15,0,0,0,0,0,0,0,0,0,0,0,0,120,0,0,0,120,0,2,0.3333333333333333,5.333333333333333,2.6666666666666665,0,3.6666666666666665
20211110211824,6,1,2,80,2,100,1,3,1,1,1,1,1,1,1,1,2,2,2,9,1,0,0,0,0,0,0,0,0,0,0,0,0,0,0,0,0,0,0,0,0,0,0,0,135,135,0,235,0,105,0,130,0,0,0,0,0,0,305,0,0,0,0,305,305,0,0,0,0,305,0,765,0,135,0,630,0,0,0,0,0,0,0,0,0,0,0,0,0,0,0,0,0,0,0,0,0,0,0,0,0,0,0,0,0,0,5.333333333333333,0,0,0,0,5.666666666666667
20211110211830,4,1,2,38,2,100,1,2,1,1,1,1,1,1,1,1,2,2,1,8,1,0,0,0,0,0,0,0,0,0,0,0,0,0,0,0,0,0,0,0,0,0,0,0,65,65,0,60,0,35,0,0,0,0,25,0,0,0,140,0,0,0,0,60,80,20,20,0,60,60,0,513,0,32,1,480,0,75,0,0,0,0,60,0,0,0,60,15,0,0,0,0,0,0,0,0,0,0,0,0,587,0,0,30,557,0,5.666666666666667,0,2.6666666666666665,0.6666666666666666,0,5.666666666666667
20211110211869,3,1,1,50,1,100,1,2,1,1,1,1,1,1,1,2,2,2,2,7,1,30,0,30,30,0,0,0,0,0,0,0,0,0,0,0,0,0,0,0,0,0,0,0,120,120,0,20,0,20,0,0,0,0,0,0,0,0,30,0,0,0,0,30,30,0,0,0,0,30,0,570,0,0,0,570,0,40,0,0,0,0,0,5,0,0,0,35,0,30,0,0,0,0,0,30,0,0,0,0,600,0,0,20,580,0,2.6666666666666665,2.6666666666666665,2.6666666666666665,3,3,2.6666666666666665
20211110211875,5,1,2,40,2,100,1,4,1,1,1,1,1,1,1,3,2,1,2,5,1,0,0,0,0,0,0,0,0,0,0,0,0,0,0,0,0,0,0,0,0,0,0,0,70,70,0,265,0,25,0,240,0,0,0,0,0,0,45,0,0,0,0,30,45,15,15,0,0,30,0,501,0,50,5,446,0,44,0,30,0,0,0,0,0,0,0,14,0,0,0,0,0,0,0,0,0,0,0,0,515,0,0,50,465,0,4.333333333333333,2,4,1.3333333333333333,4.333333333333333,5
20211110211878,4,1,1,24,1,100,6,1,1,1,1,1,1,1,1,1,2,2,2,9,1,30,0,30,0,0,30,0,0,0,0,0,0,0,0,0,0,0,0,0,340,0,340,0,92,85,7,0,0,0,0,0,0,0,0,0,0,0,365,0,0,0,0,300,360,60,60,0,5,90,0,533,0,5,0,528,0,80,0,0,0,0,0,40,0,0,0,40,40,0,0,0,0,0,0,0,0,0,0,0,0,0,0,0,0,0,3.3333333333333335,0,0,1.3333333333333333,0,3.6666666666666665
20211110211987,4,1,1,51,2,100,1,3,1,1,1,1,1,1,1,2,2,2,2,8,1,64,0,44,0,0,44,20,102,95,80,15,0,7,2,0,0,0,2,0,0,0,0,0,32,20,12,44,0,0,14,0,0,0,0,0,30,0,365,0,0,0,0,315,355,40,40,0,10,0,0,676,0,50,0,626,0,155,0,95,0,0,0,0,0,0,0,60,0,0,0,0,0,0,0,0,0,0,0,0,0,0,0,0,0,0,3.6666666666666665,2.6666666666666665,2,3.6666666666666665,1,3.6666666666666665
20211110212004,2,1,1,40,2,132,6,5,1,1,1,1,1,1,1,3,1,2,2,6,1,240,0,200,0,0,200,40,0,0,0,0,0,0,0,0,0,0,0,0,0,0,0,0,60,60,0,45,0,40,5,0,0,0,0,0,0,0,60,0,0,0,0,60,60,0,0,0,0,60,0,405,0,65,0,340,0,80,0,30,0,30,0,0,0,0,0,50,0,0,0,0,0,0,0,0,0,0,0,0,550,0,0,10,540,0,4.333333333333333,1,4.666666666666667,4,0,3.6666666666666665
20211110212040,3,1,1,30,2,100,1,2,1,1,1,1,1,1,1,2,2,2,1,7,1,94,0,66,0,0,66,28,0,0,0,0,0,0,0,0,0,0,0,0,0,0,0,0,55,55,0,170,0,60,0,100,0,0,10,0,0,0,496,0,0,0,0,496,496,0,0,0,0,251,0,625,0,30,0,595,0,0,0,0,0,0,0,0,0,0,0,0,0,0,0,0,0,0,0,0,0,0,0,0,0,0,0,0,0,0,4.333333333333333,0,4,3.3333333333333335,0,6
20211110212042,3,1,1,46,2,100,1,3,1,1,1,1,1,1,1,3,2,2,1,8,1,20,0,20,0,0,20,0,0,0,0,0,0,0,20,20,20,0,0,0,0,0,0,0,60,60,0,65,0,25,10,25,0,0,0,5,0,0,210,0,0,0,0,210,210,0,0,0,0,160,0,468,0,20,0,448,0,77,0,50,0,0,0,0,0,0,0,27,0,0,0,0,0,0,0,0,0,0,0,0,520,0,0,5,515,0,3,0.3333333333333333,4.333333333333333,2.6666666666666665,0,4
20211110212049,4,1,1,50,2,100,1,4,1,1,1,1,1,1,1,3,2,1,2,8,1,0,0,0,0,0,0,0,0,0,0,0,0,0,0,0,0,0,0,0,0,0,0,0,20,20,0,540,0,60,0,480,0,0,0,0,0,0,45,0,0,0,0,45,45,0,0,0,0,45,0,835,0,0,0,835,0,0,0,0,0,0,0,0,0,0,0,0,0,0,0,0,0,0,0,0,0,0,0,0,0,0,0,0,0,0,4.5,0,5,0,4,5
20211110212109,3,1,1,34,1,100,1,3,1,1,1,1,1,1,1,2,2,1,3,9,1,0,0,0,0,0,0,0,0,0,0,0,0,0,0,0,0,0,0,0,0,0,0,0,90,90,0,60,0,20,0,0,0,0,40,0,0,0,168,0,0,0,0,165,165,0,0,0,3,45,0,664,0,15,1,648,0,13,0,0,0,0,10,0,0,0,10,3,0,0,0,0,0,0,0,0,0,0,0,0,445,0,0,0,445,0,3.6666666666666665,0,1,1.6666666666666667,1,2.3333333333333335
20211110212110,3,1,1,47,2,100,4,3,1,1,1,1,1,1,1,3,2,2,1,6,1,0,0,0,0,0,0,0,0,0,0,0,0,0,0,0,0,0,0,0,0,0,0,0,30,30,0,40,0,40,0,0,0,0,0,0,0,0,180,0,0,0,0,120,165,45,45,0,15,90,0,570,0,75,0,495,0,225,0,0,0,0,0,0,0,210,210,15,0,0,0,0,0,0,0,0,0,0,0,0,395,0,0,95,300,0,5,1,3.5,3.5,0,5
20211110212126,4,1,3,35,2,110,4,2,1,1,1,1,1,1,1,1,1,2,2,7,1,140,0,140,0,0,140,0,0,0,0,0,0,0,30,0,0,0,30,0,0,0,0,0,90,90,0,300,0,60,0,240,0,0,0,0,0,0,180,0,0,0,0,180,180,0,0,0,0,180,0,600,0,0,0,600,0,100,0,100,0,0,0,0,0,0,0,0,0,0,0,0,0,0,0,0,0,0,0,0,0,0,0,0,0,0,5.333333333333333,0,0,0.6666666666666666,0,6
20211110212162,4,1,2,39,2,100,1,2,1,1,1,1,1,1,1,2,1,2,1,8,1,80,0,80,0,0,80,0,0,0,0,0,0,0,0,0,0,0,0,0,180,0,180,0,60,60,0,545,0,170,0,300,30,15,30,0,0,0,60,0,0,0,0,60,60,0,0,0,0,0,0,515,0,25,0,490,0,0,0,0,0,0,0,0,0,0,0,0,0,0,0,0,0,0,0,0,0,0,0,0,0,0,0,0,0,0,5,0,3,0,0,4.666666666666667
20211110212169,3,1,1,35,2,100,1,4,1,1,1,1,1,1,1,2,2,2,1,8,1,40,0,40,0,0,40,0,0,0,0,0,0,0,0,0,0,0,0,0,0,0,0,0,60,60,0,90,0,60,30,0,0,0,0,0,0,0,105,0,0,0,0,105,105,0,0,0,0,105,510,635,0,30,0,605,0,0,0,0,0,0,0,0,0,0,0,0,0,0,0,0,0,0,0,0,0,0,0,0,0,0,0,0,0,0,4,1,3.6666666666666665,2,0,2
20211110212185,4,1,2,47,2,100,1,4,1,1,1,1,1,1,1,1,2,2,2,6,1,35,0,5,0,0,5,30,0,0,0,0,0,0,0,0,0,0,0,0,0,0,0,0,30,30,0,295,0,35,150,80,0,30,0,0,0,0,340,0,0,0,0,240,340,100,100,0,0,240,30,300,0,0,0,300,0,170,0,135,0,45,0,0,0,0,0,35,0,0,0,0,0,0,0,0,0,0,0,0,240,0,0,0,240,0,4.666666666666667,0.3333333333333333,3.6666666666666665,2,1.3333333333333333,4
20211110212222,5,1,3,47,1,100,1,3,1,1,1,1,1,1,1,3,1,2,1,10,1,0,0,0,0,0,0,0,0,0,0,0,0,0,0,0,0,0,0,0,0,0,0,0,70,70,0,0,0,0,0,0,0,0,0,0,0,0,90,0,0,0,0,90,90,0,0,0,0,30,20,600,0,30,0,570,0,0,0,0,0,0,0,0,0,0,0,0,0,100,0,100,0,0,0,0,0,0,100,100,560,0,0,55,505,0,4,0,2.3333333333333335,0.6666666666666666,0.3333333333333333,5.666666666666667
20211110212227,6,1,4,43,2,100,1,3,1,1,1,1,1,1,1,2,1,2,2,10,1,69,0,48,0,0,48,21,0,0,0,0,0,0,0,0,0,0,0,0,0,0,0,0,200,180,20,110,0,105,0,5,0,0,0,0,0,0,340,0,0,0,155,180,180,0,0,155,5,180,0,461,0,10,0,451,0,260,0,240,0,0,0,0,0,0,0,20,0,0,0,0,0,0,0,0,0,0,0,0,0,0,0,0,0,0,5.666666666666667,0,0.6666666666666666,0,0,5.666666666666667
20211110212257,2,1,1,35,2,100,4,3,1,1,1,1,1,1,1,4,1,2,3,7,1,10,0,10,0,0,10,0,0,0,0,0,0,0,0,0,0,0,0,0,0,0,0,0,35,35,0,135,0,75,0,30,0,0,30,0,0,0,410,0,0,0,0,410,410,0,0,0,0,410,0,720,0,30,0,690,0,10,0,10,0,0,0,0,0,0,0,0,0,0,0,0,0,0,0,0,0,0,0,0,120,0,0,0,120,0,2.3333333333333335,0,3.3333333333333335,2.6666666666666665,1.6666666666666667,2.3333333333333335
20211110212260,2,1,1,69,2,100,4,4,2,1,1,1,1,2,1,1,2,1,2,6,1,61,0,61,0,0,61,0,0,0,0,0,0,0,0,0,0,0,0,0,0,0,0,0,100,100,0,57,0,18,0,39,0,0,0,0,0,0,232,0,0,0,0,232,232,0,0,0,0,142,0,470,0,50,0,420,0,0,0,0,0,0,0,0,0,0,0,0,0,0,0,0,0,0,0,0,0,0,0,0,520,0,0,60,460,0,1.3333333333333333,0,1.6666666666666667,0,1,2.3333333333333335
20211110212268,4,1,2,44,2,100,1,2,1,1,1,1,1,1,1,2,1,2,2,9,1,190,0,180,0,0,180,10,0,0,0,0,0,0,0,0,0,0,0,0,0,0,0,0,85,85,0,120,0,75,45,0,0,0,0,0,0,0,60,0,0,0,0,60,60,0,0,0,0,60,0,510,0,30,0,480,0,0,0,0,0,0,0,0,0,0,0,0,0,0,0,0,0,0,0,0,0,0,0,0,475,0,0,0,475,0,5,0,3,1.3333333333333333,0,3.6666666666666665
20211110212287,3,1,1,41,2,100,1,3,1,1,1,1,1,1,1,2,2,2,2,7,1,30,0,30,0,0,30,0,0,0,0,0,0,0,0,0,0,0,0,0,0,0,0,0,75,75,0,320,0,20,0,60,0,0,0,240,0,0,325,0,0,0,45,240,280,40,40,45,0,180,40,648,0,30,0,618,0,2,0,2,0,0,0,0,0,0,0,0,0,0,0,0,0,0,0,0,0,0,0,0,0,0,0,0,0,0,4,0,3,0,0,2.5
20211110212296,3,1,1,49,2,131,1,4,1,1,1,1,1,1,1,2,2,1,2,7,1,70,0,55,0,0,55,15,0,0,0,0,0,0,30,30,30,0,0,0,0,0,0,0,90,90,0,55,0,15,0,40,0,0,0,0,0,0,140,0,0,0,0,105,140,35,35,0,0,60,0,495,0,85,0,410,0,0,0,0,0,0,0,0,0,0,0,0,0,0,0,0,0,0,0,0,0,0,0,0,560,0,0,20,540,0,5,0,2,1.6666666666666667,3.3333333333333335,3.6666666666666665
20211110212299,7,1,2,44,2,131,1,2,1,1,1,1,1,1,1,1,2,2,1,8,1,60,0,60,0,0,60,0,0,0,0,0,0,0,0,0,0,0,0,0,0,0,0,0,40,40,0,120,0,120,0,0,0,0,0,0,0,0,65,0,0,0,0,65,65,0,0,0,0,0,0,675,0,75,0,600,0,0,0,0,0,0,0,0,0,0,0,0,0,0,0,0,0,0,0,0,0,0,0,0,480,0,0,60,420,0,4.666666666666667,0.6666666666666666,1,0,0.6666666666666666,2.6666666666666665
20211110212300,4,1,1,18,1,202,6,1,2,2,1,1,2,2,1,1,2,2,2,7,1,0,0,0,0,0,0,0,0,0,0,0,0,0,0,0,0,0,0,0,0,0,0,0,75,75,0,0,0,0,0,0,0,0,0,0,0,0,675,0,0,0,0,630,675,45,45,0,0,450,0,690,0,75,0,615,0,0,0,0,0,0,0,0,0,0,0,0,0,0,0,0,0,0,0,0,0,0,0,0,0,0,0,0,0,0,4.666666666666667,0,1.6666666666666667,0,0,2.6666666666666665
20211110212321,3,1,1,52,2,100,1,3,1,1,1,1,1,1,1,2,2,2,1,8,1,0,0,0,0,0,0,0,29,0,0,0,1,28,0,0,0,0,0,0,0,0,0,0,60,60,0,270,0,0,45,75,0,0,0,0,150,0,345,0,0,0,45,210,300,90,90,45,0,180,0,601,0,0,0,601,0,0,0,0,0,0,0,0,0,0,0,0,0,0,0,0,0,0,0,0,0,0,0,0,135,0,0,0,135,0,3,1.6666666666666667,2.6666666666666665,1.3333333333333333,0.6666666666666666,2.3333333333333335
20211110212326,3,1,1,46,2,100,1,3,1,1,1,1,1,1,1,2,2,2,1,6,1,0,0,0,0,0,0,0,0,0,0,0,0,0,0,0,0,0,0,0,0,0,0,0,150,150,0,110,0,90,0,0,0,0,0,0,20,0,610,0,0,0,75,165,495,330,330,75,40,0,0,570,0,60,0,510,0,0,0,0,0,0,0,0,0,0,0,0,0,0,0,0,0,0,0,0,0,0,0,0,0,0,0,0,0,0,6,0,2.6666666666666665,1,0,6
20211110212335,3,1,1,28,1,100,6,2,1,1,1,1,1,1,1,1,1,2,1,7,1,30,0,30,0,0,30,0,85,60,0,60,0,25,3,0,0,0,3,0,0,0,0,0,90,90,0,3,0,0,3,0,0,0,0,0,0,0,604,0,0,0,0,499,599,100,100,0,5,359,0,625,0,55,0,570,0,0,0,0,0,0,0,0,0,0,0,0,0,0,0,0,0,0,0,0,0,0,0,0,0,0,0,0,0,0,4.333333333333333,0,3.3333333333333335,0.6666666666666666,0,2.3333333333333335
20211110212337,4,1,1,41,2,100,4,3,1,1,1,1,1,1,1,3,2,2,2,8,1,0,0,0,0,0,0,0,0,0,0,0,0,0,0,0,0,0,0,0,0,0,0,0,50,50,0,0,0,0,0,0,0,0,0,0,0,0,970,0,0,0,0,970,970,0,0,0,0,970,0,420,0,0,0,420,0,0,0,0,0,0,0,0,0,0,0,0,0,0,0,0,0,0,0,0,0,0,0,0,0,0,0,0,0,0,4,0,2,1,2,3.6666666666666665
20211110212353,6,1,4,37,1,100,1,3,1,1,1,1,1,1,1,2,2,2,2,8,1,90,0,90,60,0,30,0,0,0,0,0,0,0,0,0,0,0,0,0,0,0,0,0,90,90,0,90,0,60,30,0,0,0,0,0,0,0,180,0,0,0,0,180,180,0,0,0,0,90,0,410,0,20,0,390,0,0,0,0,0,0,0,0,0,0,0,0,0,0,0,0,0,0,0,0,0,0,0,0,580,0,0,90,490,0,3,0,2.6666666666666665,1,0,3.6666666666666665
20211110212386,4,1,2,39,1,100,1,2,1,1,1,1,1,1,1,2,2,2,2,7,1,150,0,95,0,0,95,55,0,0,0,0,0,0,0,0,0,0,0,0,0,0,0,0,50,50,0,0,0,0,0,0,0,0,0,0,0,0,220,0,0,0,10,60,200,140,140,10,10,60,0,560,0,30,0,530,0,40,0,30,0,0,0,0,0,0,0,10,0,0,0,0,0,0,0,0,0,0,0,0,420,0,0,20,400,0,4,0,2.3333333333333335,2.6666666666666665,0,3.3333333333333335
20211110212414,2,1,1,38,2,100,4,3,1,1,1,1,1,1,1,1,2,2,1,7,1,120,0,120,0,0,120,0,0,0,0,0,0,0,90,0,0,0,90,0,180,0,180,0,90,90,0,120,0,60,0,0,0,0,60,0,0,0,180,0,0,0,60,60,105,45,45,60,15,0,0,600,0,0,0,600,0,60,0,30,0,30,0,0,0,0,0,30,0,0,0,0,0,0,0,0,0,0,0,0,0,0,0,0,0,0,4.333333333333333,1.6666666666666667,2.3333333333333335,3.3333333333333335,0,2.6666666666666665
20211110212448,3,1,1,30,2,100,4,3,1,1,1,1,1,1,1,2,2,2,3,4,1,0,0,0,0,0,0,0,0,0,0,0,0,0,0,0,0,0,0,0,0,0,0,0,50,50,0,650,0,115,0,0,445,0,0,90,0,0,60,0,0,0,0,60,60,0,0,0,0,60,0,655,0,55,0,600,0,25,0,15,0,15,0,0,0,0,0,10,0,0,0,0,0,0,0,0,0,0,0,0,0,0,0,0,0,0,4,0,3.6666666666666665,1.3333333333333333,0,5.333333333333333
20211110212463,6,1,4,38,2,100,1,1,1,1,1,1,1,1,1,1,2,2,2,8,1,155,0,155,0,0,155,0,0,0,0,0,0,0,0,0,0,0,0,0,0,0,0,0,45,45,0,185,0,95,0,90,0,0,0,0,0,0,420,150,0,0,120,60,270,60,60,120,30,60,0,635,0,55,0,580,0,0,0,0,0,0,0,0,0,0,0,0,0,0,0,0,0,0,0,0,0,0,0,0,0,0,0,0,0,0,4.666666666666667,0,0.3333333333333333,0,0,5
20211110212467,3,1,2,29,2,100,6,3,1,1,1,1,1,1,1,1,2,2,2,5,1,0,0,0,0,0,0,0,0,0,0,0,0,0,0,0,0,0,0,0,0,0,0,0,55,55,0,620,0,150,0,470,0,0,0,0,0,0,88,0,0,0,0,88,88,0,0,0,0,88,0,660,0,0,0,660,0,17,0,3,0,0,0,0,0,0,0,14,0,0,0,0,0,0,0,0,0,0,0,0,0,0,0,0,0,0,5.333333333333333,0,4.333333333333333,2,0,6
20211110212477,4,1,2,54,1,100,1,2,1,1,1,1,1,1,1,2,1,1,2,7,1,0,0,0,0,0,0,0,0,0,0,0,0,0,0,0,0,0,0,0,0,0,0,0,75,75,0,60,0,0,10,20,0,30,0,0,0,0,575,0,0,0,0,575,575,0,0,0,0,575,165,530,0,20,0,510,0,35,0,20,0,20,0,0,0,0,0,15,0,0,0,0,0,0,0,0,0,0,0,0,0,0,0,0,0,0,5.333333333333333,0,1.3333333333333333,0,0,4.333333333333333
20211110212479,4,1,2,42,1,100,1,2,1,1,1,1,1,1,1,3,2,2,3,8,1,315,0,300,0,0,300,15,0,0,0,0,0,0,0,0,0,0,0,0,0,0,0,0,120,120,0,330,0,90,0,240,0,0,0,0,0,0,165,0,0,0,30,125,125,0,0,30,10,125,0,480,0,0,0,480,0,0,0,0,0,0,0,0,0,0,0,0,0,30,30,0,0,0,0,0,0,0,30,30,0,0,0,0,0,0,3,3,5.333333333333333,2.3333333333333335,0,3
20211110212481,4,1,1,18,2,100,6,2,1,1,1,1,1,1,1,1,2,2,2,9,1,0,0,0,0,0,0,0,0,0,0,0,0,0,0,0,0,0,0,0,0,0,0,0,260,170,90,0,0,0,0,0,0,0,0,0,0,0,377,0,0,0,0,252,372,120,120,0,5,0,0,770,0,140,0,630,0,33,0,30,0,0,0,0,0,0,0,3,0,0,0,0,0,0,0,0,0,0,0,0,0,0,0,0,0,0,5,0.6666666666666666,0.6666666666666666,0,0,6
20211110212517,3,1,2,41,2,100,4,3,1,1,1,1,1,1,1,4,2,2,1,2,1,0,0,0,0,0,0,0,0,0,0,0,0,0,210,0,0,0,210,0,0,0,0,0,15,15,0,70,0,60,0,10,0,0,0,0,0,0,0,0,0,0,0,0,0,0,0,0,0,0,0,600,0,0,0,600,0,187,0,0,0,0,0,0,0,173,173,14,0,0,0,0,0,0,0,0,0,0,0,0,358,0,0,0,358,0,2.3333333333333335,3.3333333333333335,4.666666666666667,3.3333333333333335,1,0.6666666666666666
20211110212531,4,1,1,69,2,100,6,5,1,1,1,1,1,1,1,3,2,2,2,4,1,0,0,0,0,0,0,0,0,0,0,0,0,0,0,0,0,0,0,0,0,0,0,0,90,90,0,420,0,90,0,330,0,0,0,0,0,0,300,0,0,0,0,300,300,0,0,0,0,180,0,630,0,15,30,585,0,0,0,0,0,0,0,0,0,0,0,0,0,0,0,0,0,0,0,0,0,0,0,0,0,0,0,0,0,0,5.666666666666667,0,0,0,0,6
20211110212542,8,1,6,39,1,100,1,1,1,1,1,1,1,1,1,1,2,2,1,10,1,175,0,175,0,0,175,0,0,0,0,0,0,0,0,0,0,0,0,0,0,0,0,0,0,0,0,0,0,0,0,0,0,0,0,0,0,0,0,0,0,0,0,0,0,0,0,0,0,0,0,270,0,30,0,240,0,0,0,0,0,0,0,0,0,0,0,0,0,400,0,0,0,0,40,360,0,0,40,40,595,0,0,65,530,0,6,0,0,0,0,6
20211110212545,2,1,1,39,2,131,4,2,1,1,1,1,1,1,1,3,2,2,3,5,1,205,0,165,0,0,165,40,0,0,0,0,0,0,60,30,30,0,30,0,330,0,330,0,240,240,0,0,0,0,0,0,0,0,0,0,0,0,335,0,0,0,0,335,335,0,0,0,0,0,0,270,0,0,0,270,0,0,0,0,0,0,0,0,0,0,0,0,0,0,0,0,0,0,0,0,0,0,0,0,0,0,0,0,0,0,5,0,3.6666666666666665,2,0,5
20211110212549,3,1,2,36,1,110,6,2,1,1,1,1,1,1,1,1,2,2,1,10,1,0,0,0,0,0,0,0,0,0,0,0,0,0,0,0,0,0,0,0,0,0,0,0,20,20,0,0,0,0,0,0,0,0,0,0,0,0,365,0,0,0,0,365,365,0,0,0,0,365,0,720,0,60,0,660,0,335,0,185,0,0,0,0,0,0,0,150,0,0,0,0,0,0,0,0,0,0,0,0,0,0,0,0,0,0,6,0,0.3333333333333333,0,0,6
20211110212553,5,1,1,21,1,100,6,3,1,1,1,1,1,1,1,2,2,1,2,3,1,0,0,0,0,0,0,0,0,0,0,0,0,0,0,0,0,0,0,0,60,0,60,0,70,40,30,60,0,25,15,0,0,0,0,0,20,0,495,0,0,0,0,480,480,0,0,0,15,370,0,585,0,80,0,505,0,170,0,120,0,120,0,0,0,0,0,50,0,0,0,0,0,0,0,0,0,0,0,0,0,0,0,0,0,0,4,1,5.333333333333333,5,3,3.6666666666666665
20211110212576,4,1,2,31,1,131,6,3,1,1,1,1,1,1,1,1,1,2,2,8,1,245,0,245,45,0,200,0,0,0,0,0,0,0,45,0,0,0,45,0,0,0,0,0,85,85,0,155,0,50,0,105,0,0,0,0,0,0,245,0,0,0,95,95,150,55,55,95,0,95,0,585,0,30,0,555,0,80,0,60,0,60,0,0,0,0,0,20,0,0,0,0,0,0,0,0,0,0,0,0,0,0,0,0,0,0,6,0,1.6666666666666667,0,0,5.333333333333333
20211111210534,4,1,1,49,1,100,1,1,1,1,1,1,1,1,1,1,2,2,2,9,1,210,30,30,0,0,30,150,0,0,0,0,0,0,0,0,0,0,0,0,0,0,0,0,125,115,10,120,60,0,0,0,0,0,0,0,0,60,120,0,0,0,0,0,120,120,120,0,0,0,0,570,0,30,0,540,0,295,0,30,0,0,0,0,0,45,45,220,0,0,0,0,0,0,0,0,0,0,0,0,0,0,0,0,0,0,5.666666666666667,0.3333333333333333,0,0,0,6
20211111210638,5,1,1,21,2,100,6,3,1,1,1,1,1,1,1,2,1,2,2,10,1,0,0,0,0,0,0,0,0,0,0,0,0,0,20,20,20,0,0,0,0,0,0,0,90,90,0,120,0,60,0,60,0,0,0,0,0,0,120,0,0,0,0,120,120,0,0,0,0,120,50,850,0,75,0,775,0,190,0,120,0,120,0,0,0,0,0,70,0,0,0,0,0,0,0,0,0,0,0,0,0,0,0,0,0,0,4.333333333333333,0,4,0,0,3
20211111210652,3,1,2,49,2,100,4,3,1,1,1,1,1,1,1,4,2,1,2,4,1,530,0,530,380,5,145,0,0,0,0,0,0,0,0,0,0,0,0,0,0,0,0,0,10,10,0,180,0,120,0,60,0,0,0,0,0,0,380,0,0,0,0,380,380,0,0,0,0,330,0,280,0,40,0,240,0,0,0,0,0,0,0,0,0,0,0,0,0,0,0,0,0,0,0,0,0,0,0,0,60,0,60,0,0,0,2.6666666666666665,1,5.333333333333333,3.3333333333333335,2.3333333333333335,3
20211111210715,3,1,1,33,2,100,1,1,1,1,1,1,1,1,1,2,2,2,1,7,1,40,0,40,0,0,40,0,0,0,0,0,0,0,0,0,0,0,0,0,0,0,0,0,105,45,60,75,0,75,0,0,0,0,0,0,0,0,365,0,0,0,0,90,365,275,275,0,0,90,0,685,0,40,0,645,0,65,0,30,0,30,0,0,0,0,0,35,0,105,0,0,0,0,0,85,0,20,0,0,0,0,0,0,0,0,4.333333333333333,0,3,1,0,2.6666666666666665
20211111210729,3,1,1,44,1,100,1,3,1,1,1,1,1,1,1,2,2,2,2,7,1,120,0,120,0,0,120,0,0,0,0,0,0,0,0,0,0,0,0,0,0,0,0,0,65,50,15,10,0,10,0,0,0,0,0,0,0,0,295,0,0,0,0,295,295,0,0,0,0,295,0,410,0,20,0,390,0,50,0,30,0,30,0,0,0,0,0,20,0,0,0,0,0,0,0,0,0,0,0,0,490,0,0,45,445,0,4.333333333333333,0,3,1.3333333333333333,0,4
20211111210747,5,1,1,31,2,100,6,2,1,1,1,1,1,1,1,1,2,1,1,7,1,113,0,113,0,0,113,0,0,0,0,0,0,0,0,0,0,0,0,0,0,0,0,0,170,170,0,482,0,280,22,120,60,0,0,0,0,0,90,0,0,0,0,90,90,0,0,0,0,60,0,585,0,10,0,575,0,0,0,0,0,0,0,0,0,0,0,0,0,0,0,0,0,0,0,0,0,0,0,0,0,0,0,0,0,0,3.6666666666666665,2.3333333333333335,2.6666666666666665,2.6666666666666665,1,3.6666666666666665
20211111210816,4,1,2,42,2,100,1,3,1,1,1,1,1,1,1,3,2,2,1,7,1,75,0,75,0,0,75,0,0,0,0,0,0,0,210,0,0,0,210,0,0,0,0,0,110,110,0,205,0,185,0,20,0,0,0,0,0,0,285,0,0,0,105,100,145,45,45,105,35,45,45,510,0,0,0,510,0,0,0,0,0,0,0,0,0,0,0,0,0,0,0,0,0,0,0,0,0,0,0,0,0,0,0,0,0,0,4.666666666666667,0,3,0.6666666666666666,0.6666666666666666,4
20211111210833,4,1,2,35,2,131,1,2,1,1,1,1,1,1,1,2,2,2,2,7,1,120,0,120,0,0,120,0,0,0,0,0,0,0,0,0,0,0,0,0,0,0,0,0,120,120,0,470,0,80,0,75,0,0,0,275,40,0,145,0,0,0,0,135,135,0,0,0,10,0,0,480,0,60,0,420,0,105,0,85,0,25,0,0,0,0,0,20,0,0,0,0,0,0,0,0,0,0,0,0,0,0,0,0,0,0,3.6666666666666665,0,4,3,2.3333333333333335,3.3333333333333335
20211111210862,3,1,1,23,2,100,1,2,1,1,1,1,1,1,1,2,2,2,1,7,1,5,0,5,0,0,5,0,0,0,0,0,0,0,0,0,0,0,0,0,0,0,0,0,30,30,0,510,0,240,0,180,0,0,0,0,90,0,355,0,0,0,0,355,355,0,0,0,0,355,0,540,0,0,0,540,0,0,0,0,0,0,0,0,0,0,0,0,0,0,0,0,0,0,0,0,0,0,0,0,0,0,0,0,0,0,4.666666666666667,0,4.333333333333333,2,0,3.6666666666666665
20211111210909,3,1,1,29,2,100,1,3,1,1,1,1,1,1,1,2,2,2,2,7,1,0,0,0,0,0,0,0,0,0,0,0,0,0,0,0,0,0,0,0,0,0,0,0,30,30,0,90,0,90,0,0,0,0,0,0,0,0,525,0,0,0,0,525,525,0,0,0,0,75,0,795,0,0,0,795,0,0,0,0,0,0,0,0,0,0,0,0,0,0,0,0,0,0,0,0,0,0,0,0,0,0,0,0,0,0,6,0,0.3333333333333333,0.6666666666666666,0,5.666666666666667
20211111210978,4,1,2,39,1,100,1,2,1,1,1,1,1,1,1,1,2,2,2,10,1,0,0,0,0,0,0,0,0,0,0,0,0,0,0,0,0,0,0,0,0,0,0,0,30,30,0,600,540,30,0,0,0,0,0,0,30,0,270,0,0,0,0,270,270,0,0,0,0,270,0,540,0,60,0,480,0,0,0,0,0,0,0,0,0,0,0,0,0,0,0,0,0,0,0,0,0,0,0,0,0,0,0,0,0,0,5.666666666666667,0,2.3333333333333335,0,0,6
20211111211013,4,1,1,65,1,100,1,2,1,1,1,1,1,1,1,1,1,2,2,9,1,0,0,0,0,0,0,0,0,0,0,0,0,0,0,0,0,0,0,0,0,0,0,0,180,180,0,240,0,90,0,30,0,120,0,0,0,0,310,0,0,0,0,310,310,0,0,0,0,310,0,630,0,60,0,570,0,80,0,60,0,60,0,0,0,0,0,20,0,0,0,0,0,0,0,0,0,0,0,0,0,0,0,0,0,0,1.3333333333333333,0,1.6666666666666667,0,0,3
20211111211027,4,1,2,36,2,100,1,2,1,1,1,1,1,1,1,2,2,2,1,7,1,60,0,60,30,0,30,0,0,0,0,0,0,0,30,0,0,0,30,0,0,0,0,0,30,30,0,350,0,20,0,330,0,0,0,0,0,0,395,0,0,0,0,395,395,0,0,0,0,75,45,510,0,0,0,510,0,20,0,10,0,0,0,0,0,0,0,10,0,0,0,0,0,0,0,0,0,0,0,0,0,0,0,0,0,0,4.333333333333333,0,3,0.3333333333333333,0,4.333333333333333
20211111211034,4,1,1,20,1,100,6,3,1,1,1,1,1,1,1,1,2,2,1,8,1,0,0,0,0,0,0,0,0,0,0,0,0,0,0,0,0,0,0,0,235,0,235,0,30,30,0,65,0,65,0,0,0,0,0,0,0,0,600,0,0,0,60,530,530,0,0,60,10,530,0,505,0,10,0,495,0,0,0,0,0,0,0,0,0,0,0,0,0,0,0,0,0,0,0,0,0,0,0,0,5,0,0,0,5,0,5,0.6666666666666666,2,0.6666666666666666,0,5.333333333333333
20211111211126,5,1,3,36,2,100,1,2,1,1,1,1,1,1,1,2,2,2,1,6,1,410,0,385,0,0,385,25,0,0,0,0,0,0,0,0,0,0,0,0,0,0,0,0,115,105,10,260,0,100,20,125,0,0,15,0,0,0,60,0,0,0,0,60,60,0,0,0,0,0,45,480,0,0,0,480,0,70,0,15,0,15,45,0,0,0,45,10,0,0,0,0,0,0,0,0,0,0,0,0,0,0,0,0,0,0,2.3333333333333335,0.6666666666666666,2.6666666666666665,3.3333333333333335,0.6666666666666666,1.6666666666666667
20211111211170,4,1,2,46,2,100,1,4,1,1,1,1,1,1,1,2,2,1,3,4,1,0,0,0,0,0,0,0,0,0,0,0,0,0,0,0,0,0,0,0,0,0,0,0,40,40,0,267,0,135,0,120,0,0,0,0,12,0,548,0,0,0,0,548,548,0,0,0,0,548,0,585,0,75,0,510,0,0,0,0,0,0,0,0,0,0,0,0,0,0,0,0,0,0,0,0,0,0,0,0,0,0,0,0,0,0,6,0,0.5,0,4.5,4.5
20211111211171,2,1,1,44,1,110,4,2,1,1,1,1,1,1,1,3,2,2,1,8,1,0,0,0,0,0,0,0,25,10,0,10,0,15,1,0,0,0,1,0,0,0,0,0,20,20,0,8,0,0,5,0,0,0,3,0,0,0,31,0,0,0,0,30,31,1,1,0,0,30,0,880,0,36,0,844,0,73,0,38,0,0,0,0,0,0,0,35,0,10,0,0,0,0,0,10,0,0,0,0,392,0,0,30,362,0,4.666666666666667,0,3,0,0,5
20211111211180,5,1,3,45,1,100,1,2,1,1,1,1,1,1,1,2,1,1,1,8,1,180,0,120,0,0,120,60,0,0,0,0,0,0,0,0,0,0,0,0,0,0,0,0,120,120,0,450,0,90,0,0,360,0,0,0,0,0,120,0,0,0,0,120,120,0,0,0,0,120,0,570,0,0,0,570,0,0,0,0,0,0,0,0,0,0,0,0,0,0,0,0,0,0,0,0,0,0,0,0,0,0,0,0,0,0,4.333333333333333,0,2.3333333333333335,0.3333333333333333,2,5
20211111211207,3,1,1,47,1,100,1,2,1,1,1,1,1,1,1,2,2,2,2,6,1,95,0,55,30,0,25,40,0,0,0,0,0,0,0,0,0,0,0,0,0,0,0,0,60,60,0,65,0,20,0,0,45,0,0,0,0,0,115,0,0,0,0,115,115,0,0,0,0,115,25,450,0,50,0,400,0,0,0,0,0,0,0,0,0,0,0,0,0,0,0,0,0,0,0,0,0,0,0,0,630,0,0,30,600,0,3.3333333333333335,0,3,1.3333333333333333,0,2.3333333333333335
20211111211223,2,1,1,44,2,100,6,4,1,1,1,1,1,1,1,2,1,2,2,7,1,31,0,15,0,0,15,16,0,0,0,0,0,0,0,0,0,0,0,0,60,0,60,0,15,15,0,50,0,30,0,0,0,0,20,0,0,0,264,0,0,0,0,264,264,0,0,0,0,264,0,525,0,0,0,525,0,0,0,0,0,0,0,0,0,0,0,0,0,0,0,0,0,0,0,0,0,0,0,0,495,0,0,0,495,0,3.3333333333333335,0,3,2.3333333333333335,0,4
20211111211229,5,1,2,57,2,100,5,3,1,1,1,1,1,1,1,2,2,1,2,6,1,210,0,210,0,0,210,0,0,0,0,0,0,0,0,0,0,0,0,0,0,0,0,0,210,210,0,0,0,0,0,0,0,0,0,0,0,0,420,0,0,0,0,420,420,0,0,0,0,390,0,600,0,75,0,525,0,0,0,0,0,0,0,0,0,0,0,0,0,0,0,0,0,0,0,0,0,0,0,0,0,0,0,0,0,0,3.3333333333333335,0.3333333333333333,1,1.3333333333333333,0,3
20211111211231,4,1,2,46,2,100,1,3,1,1,1,1,1,1,1,3,2,2,2,5,1,150,0,150,0,0,150,0,0,0,0,0,0,0,0,0,0,0,0,0,0,0,0,0,90,90,0,200,0,120,0,80,0,0,0,0,0,0,120,0,0,0,60,60,60,0,0,60,0,60,0,460,0,80,0,380,0,240,0,180,0,180,0,0,0,0,0,60,0,180,180,0,0,0,0,0,0,0,180,180,0,0,0,0,0,0,4,2,3.3333333333333335,2.6666666666666665,3,3
20211111211601,5,1,3,31,1,100,1,2,1,1,1,1,1,1,1,3,2,2,1,8,1,150,0,150,0,0,150,0,0,0,0,0,0,0,0,0,0,0,0,0,0,0,0,0,120,120,0,510,150,150,0,210,0,0,0,0,0,0,150,0,0,0,0,60,150,90,90,0,0,60,0,510,0,0,0,510,0,0,0,0,0,0,0,0,0,0,0,0,0,0,0,0,0,0,0,0,0,0,0,0,0,0,0,0,0,0,4.333333333333333,0,4,4.333333333333333,0.3333333333333333,4.333333333333333
20211111211641,4,1,3,37,2,100,4,2,1,1,1,1,1,1,1,1,1,2,1,8,1,192,0,170,0,0,170,22,0,0,0,0,0,0,0,0,0,0,0,0,0,0,0,0,60,60,0,80,0,0,0,60,0,0,20,0,0,0,268,0,0,0,0,266,266,0,0,0,2,266,0,630,0,0,0,630,0,210,0,190,0,0,0,0,0,0,0,20,0,0,0,0,0,0,0,0,0,0,0,0,0,0,0,0,0,0,6,0.3333333333333333,2.6666666666666665,0.6666666666666666,0,3.3333333333333335
20211111211749,8,1,4,19,1,100,6,2,2,1,1,1,1,1,2,2,2,1,2,4,1,30,0,30,0,0,30,0,0,0,0,0,0,0,0,0,0,0,0,0,0,0,0,0,30,30,0,10,0,0,10,0,0,0,0,0,0,0,975,0,0,0,85,825,890,65,65,85,0,0,0,390,0,60,0,330,0,0,0,0,0,0,0,0,0,0,0,0,0,0,0,0,0,0,0,0,0,0,0,0,5,0,0,0,5,0,3.3333333333333335,3,4,4.333333333333333,1.6666666666666667,4
20211111211772,3,1,1,46,1,100,6,3,1,1,1,1,1,1,1,2,1,1,3,7,1,0,0,0,0,0,0,0,0,0,0,0,0,0,0,0,0,0,0,0,0,0,0,0,120,120,0,180,0,0,0,0,180,0,0,0,0,0,420,0,0,0,0,360,420,60,60,0,0,360,0,720,0,0,0,720,0,0,0,0,0,0,0,0,0,0,0,0,0,0,0,0,0,0,0,0,0,0,0,0,0,0,0,0,0,0,3.3333333333333335,0,0.3333333333333333,2.3333333333333335,0,0.6666666666666666
20211111211782,4,1,2,42,2,131,1,3,1,1,1,1,1,1,1,1,1,2,2,10,1,75,0,75,0,0,75,0,0,0,0,0,0,0,0,0,0,0,0,0,0,0,0,0,120,120,0,240,0,150,0,90,0,0,0,0,0,0,200,0,0,0,135,65,65,0,0,135,0,25,165,640,0,0,40,600,0,0,0,0,0,0,0,0,0,0,0,0,0,0,0,0,0,0,0,0,0,0,0,0,0,0,0,0,0,0,5,0.6666666666666666,2.6666666666666665,0.6666666666666666,0.6666666666666666,5.333333333333333
20211111211816,3,1,1,32,1,100,1,3,1,1,1,1,1,1,1,1,1,2,1,6,1,105,0,105,0,0,105,0,0,0,0,0,0,0,30,0,0,0,30,0,0,0,0,0,30,30,0,20,0,0,0,20,0,0,0,0,0,0,140,0,0,0,90,50,50,0,0,90,0,40,60,500,0,30,0,470,0,0,0,0,0,0,0,0,0,0,0,0,0,0,0,0,0,0,0,0,0,0,0,0,555,0,0,120,435,0,3.3333333333333335,1.3333333333333333,2.6666666666666665,1.6666666666666667,1,3.6666666666666665
20211111211824,2,1,1,53,1,100,6,2,1,1,1,1,1,1,1,1,2,2,2,8,1,345,0,150,0,0,150,195,0,0,0,0,0,0,0,0,0,0,0,0,0,0,0,0,210,75,135,0,0,0,0,0,0,0,0,0,0,0,135,0,0,0,0,135,135,0,0,0,0,135,0,615,0,90,0,525,0,0,0,0,0,0,0,0,0,0,0,0,0,135,0,0,0,0,0,105,0,30,0,0,0,0,0,0,0,0,3.3333333333333335,1.6666666666666667,2.6666666666666665,0.6666666666666666,0,4.666666666666667
20211111211836,4,1,2,85,2,100,3,1,2,1,2,1,1,1,1,2,2,2,2,10,1,0,0,0,0,0,0,0,0,0,0,0,0,0,0,0,0,0,0,0,0,0,0,0,160,115,45,235,0,65,0,110,0,0,60,0,0,0,445,0,0,0,0,445,445,0,0,0,0,445,0,600,0,125,0,475,0,0,0,0,0,0,0,0,0,0,0,0,0,0,0,0,0,0,0,0,0,0,0,0,0,0,0,0,0,0,6,0,1,0,0,3
20211111211850,3,1,1,27,1,100,1,1,1,1,1,1,1,1,1,2,2,2,2,9,1,0,0,0,0,0,0,0,0,0,0,0,0,0,0,0,0,0,0,0,0,0,0,0,105,105,0,45,0,30,0,0,0,0,15,0,0,0,135,0,0,0,30,105,105,0,0,30,0,90,0,570,0,60,0,510,0,0,0,0,0,0,0,0,0,0,0,0,0,0,0,0,0,0,0,0,0,0,0,0,585,0,0,90,495,0,3,0,1.6666666666666667,1,0,3.6666666666666665
20211111211878,4,1,2,37,2,131,1,4,1,1,1,1,1,1,1,3,2,1,2,6,1,435,10,365,0,0,365,60,0,0,0,0,0,0,0,0,0,0,0,0,0,0,0,0,80,80,0,350,0,50,30,270,0,0,0,0,0,0,30,0,0,0,0,30,30,0,0,0,0,0,0,545,0,65,0,480,0,0,0,0,0,0,0,0,0,0,0,0,0,0,0,0,0,0,0,0,0,0,0,0,0,0,0,0,0,0,3,1.3333333333333333,3,1.3333333333333333,1.6666666666666667,3.6666666666666665
20211111211951,2,1,1,33,2,100,6,3,1,1,1,1,1,1,1,2,2,2,2,8,1,211,0,131,0,0,131,80,0,0,0,0,0,0,0,0,0,0,0,0,0,0,0,0,60,60,0,0,0,0,0,0,0,0,0,0,0,0,0,0,0,0,0,0,0,0,0,0,0,0,0,610,0,30,0,580,0,0,0,0,0,0,0,0,0,0,0,0,0,0,0,0,0,0,0,0,0,0,0,0,559,0,0,60,499,0,5,0,5.333333333333333,4,0,4.666666666666667
20211111212008,3,1,1,55,1,100,4,4,1,1,1,1,1,1,1,1,1,2,2,10,1,0,0,0,0,0,0,0,0,0,0,0,0,0,0,0,0,0,0,0,0,0,0,0,30,30,0,0,0,0,0,0,0,0,0,0,0,0,315,0,0,0,0,315,315,0,0,0,0,300,105,455,0,5,0,450,0,0,0,0,0,0,0,0,0,0,0,0,0,0,0,0,0,0,0,0,0,0,0,0,535,0,0,90,445,0,3,0,5.666666666666667,0,1.3333333333333333,4
20211111212052,5,1,4,39,1,100,4,2,1,1,1,1,1,1,1,1,2,2,2,7,1,270,0,270,0,0,270,0,0,0,0,0,0,0,0,0,0,0,0,0,0,0,0,0,60,60,0,390,0,90,0,300,0,0,0,0,0,0,105,0,0,0,0,105,105,0,0,0,0,105,0,615,0,0,0,615,0,0,0,0,0,0,0,0,0,0,0,0,0,0,0,0,0,0,0,0,0,0,0,0,0,0,0,0,0,0,4.333333333333333,0,1.3333333333333333,0,0,2.6666666666666665
20211111212106,3,1,1,55,1,100,1,3,1,1,1,1,1,1,1,1,2,2,2,7,1,0,0,0,0,0,0,0,180,0,0,0,150,30,0,0,0,0,0,0,0,0,0,0,305,240,65,60,0,60,0,0,0,0,0,0,0,0,0,0,0,0,0,0,0,0,0,0,0,0,0,655,0,90,0,565,0,210,0,145,0,0,0,0,0,0,0,65,0,0,0,0,0,0,0,0,0,0,0,0,30,0,0,30,0,0,5,0,2.3333333333333335,1,0.6666666666666666,6
20211111212327,4,1,2,31,1,100,6,3,1,1,1,1,1,1,1,1,2,2,2,5,1,0,0,0,0,0,0,0,0,0,0,0,0,0,0,0,0,0,0,0,0,0,0,0,125,122,3,35,0,20,0,0,0,0,15,0,0,0,155,0,0,0,0,95,155,60,60,0,0,30,0,728,0,0,0,728,0,180,0,170,0,0,0,0,0,0,0,10,0,0,0,0,0,0,0,0,0,0,0,0,217,0,0,40,177,0,4.666666666666667,0,1.3333333333333333,0,0,3.3333333333333335
20211111212329,3,1,1,50,1,131,1,3,1,1,1,1,1,1,1,1,2,2,2,8,1,0,0,0,0,0,0,0,0,0,0,0,0,0,50,0,0,0,50,0,0,0,0,0,80,80,0,0,0,0,0,0,0,0,0,0,0,0,100,0,0,0,30,60,70,10,10,30,0,60,0,450,0,45,0,405,0,60,0,30,0,30,0,0,0,0,0,30,0,0,0,0,0,0,0,0,0,0,0,0,700,0,0,0,700,0,6,0,3.6666666666666665,1.3333333333333333,0.6666666666666666,5.333333333333333
20211111212434,2,1,1,39,2,110,5,1,1,1,1,1,1,1,1,1,2,2,2,8,1,40,0,40,0,0,40,0,0,0,0,0,0,0,0,0,0,0,0,0,140,0,140,0,40,40,0,48,0,48,0,0,0,0,0,0,0,0,0,0,0,0,0,0,0,0,0,0,0,0,0,595,0,125,0,470,0,0,0,0,0,0,0,0,0,0,0,0,0,0,0,0,0,0,0,0,0,0,0,0,577,0,0,60,517,0,6,0,1.3333333333333333,0,0,6
20211111212455,3,1,1,78,1,100,1,4,1,1,1,1,1,1,1,2,2,2,2,5,1,0,0,0,0,0,0,0,0,0,0,0,0,0,10,10,0,10,0,0,0,0,0,0,25,25,0,0,0,0,0,0,0,0,0,0,0,0,649,0,0,0,0,639,649,10,10,0,0,639,0,730,0,10,0,720,0,26,0,10,0,10,0,0,0,0,0,16,0,0,0,0,0,0,0,0,0,0,0,0,0,0,0,0,0,0,4.666666666666667,3.6666666666666665,4.333333333333333,4.666666666666667,4.666666666666667,4.666666666666667
20211111212580,3,1,1,55,2,100,1,2,1,1,1,1,1,1,1,1,2,2,2,9,1,49,0,33,0,0,33,16,0,0,0,0,0,0,0,0,0,0,0,0,0,0,0,0,10,10,0,332,0,135,161,30,0,0,6,0,0,0,60,0,0,0,60,0,0,0,0,60,0,0,0,527,0,10,0,517,0,0,0,0,0,0,0,0,0,0,0,0,0,0,0,0,0,0,0,0,0,0,0,0,462,0,0,0,462,0,5,0,2,0,0.6666666666666666,5.666666666666667
20211209211831,3,1,2,30,1,100,5,3,2,1,1,2,1,1,1,1,2,2,2,5,1,0,0,0,0,0,0,0,0,0,0,0,0,0,0,0,0,0,0,0,0,0,0,0,5,5,0,0,0,0,0,0,0,0,0,0,0,0,220,0,0,0,0,220,220,0,0,0,0,220,0,600,0,60,0,540,0,0,0,0,0,0,0,0,0,0,0,0,0,0,0,0,0,0,0,0,0,0,0,0,615,0,0,30,585,0,3,3,3,3,3,3
20211209212342,7,1,2,54,1,110,1,4,1,1,1,1,1,1,1,4,1,1,2,7,1,0,0,0,0,0,0,0,0,0,0,0,0,0,30,10,0,10,20,0,0,0,0,0,45,45,0,365,0,65,0,300,0,0,0,0,0,0,460,0,0,0,15,325,445,120,120,15,0,205,0,480,0,0,0,480,0,0,0,0,0,0,0,0,0,0,0,0,0,60,0,0,0,0,0,60,0,0,0,0,0,0,0,0,0,0,4.666666666666667,0.6666666666666666,3,0.6666666666666666,2.3333333333333335,5.333333333333333
20211210210095,6,1,4,37,2,100,1,2,1,1,1,1,1,1,1,3,2,2,2,8,1,220,0,220,0,0,220,0,0,0,0,0,0,0,0,0,0,0,0,0,0,0,0,0,0,0,0,0,0,0,0,0,0,0,0,0,0,0,625,0,0,0,200,355,365,10,10,200,60,355,0,590,0,0,0,590,0,5,0,5,0,0,0,0,0,0,0,0,0,0,0,0,0,0,0,0,0,0,0,0,0,0,0,0,0,0,4.333333333333333,0,0.3333333333333333,1,0.6666666666666666,3.6666666666666665
20211210210106,5,1,3,37,1,100,1,3,1,1,1,1,1,1,1,3,2,1,2,7,1,0,0,0,0,0,0,0,0,0,0,0,0,0,0,0,0,0,0,0,0,0,0,0,199,180,19,105,0,0,0,0,90,0,0,0,15,0,555,0,0,0,0,180,555,375,375,0,0,180,60,476,0,90,0,386,0,45,0,30,0,0,0,0,0,0,0,15,0,0,0,0,0,0,0,0,0,0,0,0,0,0,0,0,0,0,3.3333333333333335,0,1.6666666666666667,1,0.6666666666666666,2
20211210210571,2,1,1,40,1,100,4,2,1,1,1,1,1,1,1,1,2,2,3,7,1,0,0,0,0,0,0,0,0,0,0,0,0,0,0,0,0,0,0,0,0,0,0,0,10,10,0,0,0,0,0,0,0,0,0,0,0,0,95,0,0,0,0,30,90,60,60,0,5,0,0,545,0,105,0,440,0,0,0,0,0,0,0,0,0,0,0,0,0,0,0,0,0,0,0,0,0,0,0,0,790,0,0,40,750,0,5,0,0.6666666666666666,0,0,4
20211210210725,4,1,3,35,2,100,4,3,1,1,1,1,1,1,1,1,2,2,2,0,1,185,0,121,0,0,121,64,0,0,0,0,0,0,0,0,0,0,0,0,0,0,0,0,90,90,0,60,0,60,0,0,0,0,0,0,0,0,30,0,0,0,0,30,30,0,0,0,0,30,0,640,0,90,0,550,0,0,0,0,0,0,0,0,0,0,0,0,0,0,0,0,0,0,0,0,0,0,0,0,435,0,0,10,425,0,5,1.6666666666666667,2.6666666666666665,2.3333333333333335,0.3333333333333333,0
20211210210777,6,1,4,37,1,100,1,2,1,1,1,1,1,1,1,1,2,2,2,10,1,75,0,75,0,0,75,0,0,0,0,0,0,0,0,0,0,0,0,0,0,0,0,0,110,110,0,0,0,0,0,0,0,0,0,0,0,0,60,0,0,0,0,60,60,0,0,0,0,60,0,655,0,0,0,655,0,0,0,0,0,0,0,0,0,0,0,0,0,0,0,0,0,0,0,0,0,0,0,0,540,0,0,35,505,0,4,0,2,0.6666666666666666,0.3333333333333333,5.333333333333333
20211210210824,4,1,2,37,1,100,1,2,1,1,1,1,1,1,1,3,2,2,1,7,1,350,0,350,0,0,350,0,0,0,0,0,0,0,0,0,0,0,0,0,0,0,0,0,60,60,0,70,0,10,0,60,0,0,0,0,0,0,60,0,0,0,0,0,60,60,60,0,0,0,0,508,0,85,0,407,16,77,0,60,0,60,0,0,0,0,0,17,0,0,0,0,0,0,0,0,0,0,0,0,315,0,0,15,300,0,3.3333333333333335,1,1.3333333333333333,2.3333333333333335,0.6666666666666666,4.333333333333333
20211210210878,4,1,2,32,2,100,1,2,1,1,1,1,1,1,1,3,2,2,2,9,1,360,0,310,0,0,310,50,0,0,0,0,0,0,0,0,0,0,0,0,0,0,0,0,20,20,0,220,0,90,30,90,0,0,10,0,0,0,105,0,0,0,30,75,75,0,0,30,0,75,0,540,0,30,0,510,0,195,0,165,0,45,0,0,0,0,0,30,0,0,0,0,0,0,0,0,0,0,0,0,0,0,0,0,0,0,5.333333333333333,0,2.3333333333333335,0.6666666666666666,0,4
20211210210919,3,1,1,44,2,100,1,3,1,1,1,1,1,1,1,2,1,2,2,10,1,55,0,25,0,25,0,30,0,0,0,0,0,0,0,0,0,0,0,0,0,0,0,0,315,210,105,45,0,10,15,20,0,0,0,0,0,0,420,0,0,0,0,420,420,0,0,0,0,420,0,605,0,45,0,560,0,0,0,0,0,0,0,0,0,0,0,0,0,0,0,0,0,0,0,0,0,0,0,0,0,0,0,0,0,0,4.333333333333333,0.3333333333333333,6,3,0,4
20211210211172,5,1,2,28,1,100,6,3,2,1,1,1,2,1,1,3,1,2,3,7,1,0,0,0,0,0,0,0,0,0,0,0,0,0,110,0,0,0,110,0,0,0,0,0,15,15,0,31,0,31,0,0,0,0,0,0,0,0,393,0,0,0,0,389,389,0,0,0,4,180,0,801,0,20,1,780,0,90,0,38,0,0,0,0,0,0,0,52,0,0,0,0,0,0,0,0,0,0,0,0,0,0,0,0,0,0,3,1.6666666666666667,3.6666666666666665,4,0,3
20211210211175,4,1,2,47,1,100,1,3,1,1,1,1,1,1,1,2,2,1,2,8,1,60,0,60,0,0,60,0,0,0,0,0,0,0,0,0,0,0,0,0,0,0,0,0,135,135,0,90,0,60,20,10,0,0,0,0,0,0,90,0,0,0,0,90,90,0,0,0,0,90,0,570,0,60,0,510,0,60,0,30,0,30,0,0,0,0,0,30,0,0,0,0,0,0,0,0,0,0,0,0,435,0,0,0,435,0,3.6666666666666665,0,2,1,3.6666666666666665,4
20211210211182,4,1,2,51,1,110,1,2,1,1,1,1,1,1,1,1,1,2,1,10,1,0,0,0,0,0,0,0,0,0,0,0,0,0,0,0,0,0,0,0,0,0,0,0,5,5,0,150,0,30,0,120,0,0,0,0,0,0,385,0,0,0,0,269,329,60,60,0,56,269,0,720,0,60,0,660,0,0,0,0,0,0,0,0,0,0,0,0,0,180,0,0,0,0,0,149,0,31,0,0,0,0,0,0,0,0,6,0,0,0,0,6
20211210211315,3,1,1,49,1,131,1,2,1,1,1,1,1,1,1,2,2,2,1,6,1,60,0,60,60,0,0,0,0,0,0,0,0,0,0,0,0,0,0,0,0,0,0,0,70,70,0,0,0,0,0,0,0,0,0,0,0,0,335,0,0,0,20,315,315,0,0,20,0,120,0,420,0,15,0,405,0,0,0,0,0,0,0,0,0,0,0,0,0,0,0,0,0,0,0,0,0,0,0,0,555,0,0,0,555,0,3.6666666666666665,0.6666666666666666,3,1.3333333333333333,0,4.333333333333333
20211210211362,3,1,1,27,2,100,1,1,1,1,1,1,1,1,1,1,2,2,2,10,1,230,15,119,60,0,59,96,0,0,0,0,0,0,0,0,0,0,0,0,0,0,0,0,60,60,0,160,0,150,10,0,0,0,0,0,0,0,30,0,0,0,0,30,30,0,0,0,0,30,0,555,0,45,0,510,0,0,0,0,0,0,0,0,0,0,0,0,0,0,0,0,0,0,0,0,0,0,0,0,405,0,0,6,399,0,4,0,2,1,0,4.666666666666667
20211210211365,4,1,2,41,1,131,1,2,1,1,1,1,1,1,1,1,2,2,1,10,1,330,0,330,120,0,210,0,0,0,0,0,0,0,0,0,0,0,0,0,0,0,0,0,105,105,0,195,0,135,0,60,0,0,0,0,0,0,210,0,0,0,0,210,210,0,0,0,0,120,0,600,0,60,0,540,0,0,0,0,0,0,0,0,0,0,0,0,0,0,0,0,0,0,0,0,0,0,0,0,0,0,0,0,0,0,5,0,1.3333333333333333,0.3333333333333333,0.3333333333333333,6
20211210211378,5,1,3,35,1,100,6,3,1,1,1,1,1,1,1,3,2,2,1,8,1,100,0,35,0,0,35,65,0,0,0,0,0,0,0,0,0,0,0,0,360,315,0,45,65,65,0,10,0,0,10,0,0,0,0,0,0,0,40,0,0,0,0,40,40,0,0,0,0,40,0,340,0,45,0,295,0,0,0,0,0,0,0,0,0,0,0,0,0,0,0,0,0,0,0,0,0,0,0,0,525,0,0,40,485,0,3.3333333333333335,0,3.6666666666666665,1.6666666666666667,1.6666666666666667,5.666666666666667
20211210211468,4,1,2,50,2,100,1,3,1,1,1,1,1,1,1,1,2,1,1,6,1,0,0,0,0,0,0,0,0,0,0,0,0,0,0,0,0,0,0,0,0,0,0,0,92,75,17,15,0,0,0,15,0,0,0,0,0,0,195,0,0,0,45,0,130,130,130,45,20,0,0,538,0,120,0,418,0,160,0,75,0,0,0,10,0,0,0,75,0,0,0,0,0,0,0,0,0,0,0,0,440,0,0,15,425,0,4.333333333333333,0,2,2.3333333333333335,1,3.6666666666666665
20211210211507,2,1,1,43,2,100,4,3,1,1,1,1,1,1,1,4,1,1,1,4,1,152,0,152,0,5,147,0,0,0,0,0,0,0,0,0,0,0,0,0,0,0,0,0,80,80,0,420,0,210,0,125,0,0,40,0,0,45,90,0,0,0,0,90,90,0,0,0,0,0,110,355,0,75,0,280,0,0,0,0,0,0,0,0,0,0,0,0,0,233,0,0,0,220,0,3,0,10,220,220,0,0,0,0,0,0,4.666666666666667,1,2,0.6666666666666666,1.6666666666666667,6
20211210211602,4,1,2,42,2,100,5,4,1,1,1,1,1,1,1,1,2,2,2,7,1,110,0,40,0,0,40,70,0,0,0,0,0,0,0,0,0,0,0,0,0,0,0,0,20,20,0,45,0,45,0,0,0,0,0,0,0,0,60,0,0,0,0,60,60,0,0,0,0,0,0,585,0,60,0,525,0,35,0,10,0,0,0,0,0,0,0,25,0,0,0,0,0,0,0,0,0,0,0,0,585,0,0,0,585,0,4,0,0,0,0,6
20211210211610,5,1,3,62,1,100,1,1,1,1,1,1,1,1,1,3,1,2,1,10,1,0,0,0,0,0,0,0,0,0,0,0,0,0,0,0,0,0,0,0,0,0,0,0,80,80,0,110,0,40,70,0,0,0,0,0,0,0,1045,0,0,0,20,440,1005,565,565,20,20,350,0,200,0,20,0,180,0,0,0,0,0,0,0,0,0,0,0,0,0,5,0,0,0,0,0,5,0,0,0,0,0,0,0,0,0,0,6,0,6,0,0,6
20211210211629,3,1,1,31,2,100,1,3,1,1,1,1,1,1,1,2,2,2,2,8,1,372,0,372,0,0,372,0,0,0,0,0,0,0,0,0,0,0,0,0,0,0,0,0,115,115,0,37,0,17,0,20,0,0,0,0,0,0,309,0,0,0,30,264,279,15,15,30,0,120,0,558,0,0,0,558,0,34,0,7,0,5,0,0,0,0,0,27,0,15,0,0,0,0,0,15,0,0,0,0,0,0,0,0,0,0,6,0,3,0.6666666666666666,0,6
20211210211769,6,1,3,49,1,100,1,2,1,1,1,1,1,1,1,3,2,2,1,10,1,30,0,30,30,0,0,0,0,0,0,0,0,0,0,0,0,0,0,0,0,0,0,0,75,75,0,0,0,0,0,0,0,0,0,0,0,0,255,0,0,0,0,25,235,210,210,0,20,25,0,465,0,15,0,450,0,0,0,0,0,0,0,0,0,0,0,0,0,0,0,0,0,0,0,0,0,0,0,0,615,0,0,15,600,0,1.6666666666666667,0,2.3333333333333335,1.6666666666666667,0,3
20211210211880,6,1,4,32,1,100,1,1,1,1,1,1,1,1,1,1,2,2,1,10,1,0,0,0,0,0,0,0,0,0,0,0,0,0,0,0,0,0,0,0,0,0,0,0,120,120,0,30,0,0,30,0,0,0,0,0,0,0,30,0,0,0,0,0,0,0,0,0,30,0,0,290,0,65,0,225,0,0,0,0,0,0,0,0,0,0,0,0,0,0,0,0,0,0,0,0,0,0,0,0,970,0,0,70,900,0,6,0,3.3333333333333335,0,0,6
20211210211950,4,1,2,41,2,100,1,3,1,1,1,1,1,1,1,3,2,2,2,8,1,71,1,5,0,0,5,65,0,0,0,0,0,0,0,0,0,0,0,0,439,0,409,30,25,25,0,0,0,0,0,0,0,0,0,0,0,0,90,0,0,0,0,90,90,0,0,0,0,90,0,425,0,30,0,395,0,0,0,0,0,0,0,0,0,0,0,0,0,0,0,0,0,0,0,0,0,0,0,0,390,0,0,30,360,0,2.5,0.5,4,1,0,3
20211210211952,8,1,3,43,2,100,6,4,1,1,1,1,1,1,1,2,2,1,3,7,1,25,0,5,0,0,5,20,0,0,0,0,0,0,0,0,0,0,0,0,0,0,0,0,95,95,0,45,0,30,0,15,0,0,0,0,0,0,145,0,0,0,0,145,145,0,0,0,0,120,0,600,0,70,0,530,0,0,0,0,0,0,0,0,0,0,0,0,0,0,0,0,0,0,0,0,0,0,0,0,530,0,0,35,495,0,5.333333333333333,2.3333333333333335,6,3.3333333333333335,1.6666666666666667,4.333333333333333
20211210211988,5,1,3,35,2,110,1,4,1,1,1,1,1,1,1,1,2,2,2,5,1,0,0,0,0,0,0,0,0,0,0,0,0,0,30,30,30,0,0,0,0,0,0,0,45,45,0,120,0,0,0,120,0,0,0,0,0,0,525,0,0,0,0,525,525,0,0,0,0,525,0,720,0,0,0,720,0,0,0,0,0,0,0,0,0,0,0,0,0,0,0,0,0,0,0,0,0,0,0,0,0,0,0,0,0,0,5.333333333333333,0,0,0,0,5.666666666666667
20211210212021,5,1,3,36,2,100,1,1,1,1,1,1,1,1,1,1,1,2,2,6,1,210,0,150,0,0,150,60,0,0,0,0,0,0,0,0,0,0,0,0,0,0,0,0,45,45,0,340,0,220,0,120,0,0,0,0,0,0,185,0,0,0,120,30,30,0,0,120,35,30,0,660,0,10,0,650,0,0,0,0,0,0,0,0,0,0,0,0,0,0,0,0,0,0,0,0,0,0,0,0,0,0,0,0,0,0,5.333333333333333,0,4.333333333333333,0.6666666666666666,2,6
20211210212048,4,1,1,19,1,100,6,2,1,1,1,1,1,1,1,2,2,2,1,7,1,0,0,0,0,0,0,0,10,3,0,3,0,7,30,0,0,0,30,0,0,0,0,0,30,30,0,0,0,0,0,0,0,0,0,0,0,0,734,0,0,0,0,317,632,315,315,0,102,0,0,570,0,30,0,540,0,66,0,0,0,0,35,0,0,0,35,31,0,0,0,0,0,0,0,0,0,0,0,0,0,0,0,0,0,0,5.333333333333333,0,1,3,0,4.333333333333333
20211210212093,5,1,1,52,2,100,1,3,1,1,1,1,1,1,1,2,2,2,1,10,1,0,0,0,0,0,0,0,47,12,0,12,0,35,0,0,0,0,0,0,0,0,0,0,20,20,0,230,0,0,80,150,0,0,0,0,0,0,35,0,0,0,0,35,35,0,0,0,0,0,0,558,0,45,0,513,0,175,0,140,0,40,0,0,0,0,0,35,0,0,0,0,0,0,0,0,0,0,0,0,375,100,0,10,265,0,6,0,4.333333333333333,3.6666666666666665,1.3333333333333333,6
20211210212240,4,1,1,51,2,100,1,2,1,1,1,1,1,1,1,2,2,2,2,8,1,55,0,20,15,0,5,35,0,0,0,0,0,0,0,0,0,0,0,0,0,0,0,0,25,25,0,115,0,70,0,0,0,0,45,0,0,0,155,0,0,0,30,125,125,0,0,30,0,125,0,480,0,75,0,405,0,25,0,5,0,0,0,0,0,0,0,20,0,0,0,0,0,0,0,0,0,0,0,0,585,15,0,30,540,0,5,0.6666666666666666,4.333333333333333,0.3333333333333333,0,3.6666666666666665
20211210212251,5,1,1,23,2,100,6,3,1,1,1,1,1,1,1,3,2,2,3,5,1,40,0,10,0,0,10,30,0,0,0,0,0,0,0,0,0,0,0,0,0,0,0,0,49,49,0,30,0,30,0,0,0,0,0,0,0,0,180,0,0,0,40,140,140,0,0,40,0,40,0,1121,0,270,16,835,0,0,0,0,0,0,0,0,0,0,0,0,0,0,0,0,0,0,0,0,0,0,0,0,20,0,0,0,20,0,4.333333333333333,3.6666666666666665,5.333333333333333,0,0,5.333333333333333
20211210212294,4,1,2,36,2,110,1,1,1,1,1,1,1,1,1,1,2,2,1,10,1,0,0,0,0,0,0,0,0,0,0,0,0,0,0,0,0,0,0,0,0,0,0,0,55,55,0,0,0,0,0,0,0,0,0,0,0,0,0,0,0,0,0,0,0,0,0,0,0,0,0,715,0,105,0,610,0,175,0,0,0,0,0,0,0,120,120,55,0,0,0,0,0,0,0,0,0,0,0,0,495,0,0,17,478,0,6,0,1.3333333333333333,0,0,6
20211210212379,4,1,2,35,1,100,1,3,1,1,1,1,1,1,1,2,1,2,2,8,1,0,0,0,0,0,0,0,0,0,0,0,0,0,0,0,0,0,0,0,0,0,0,0,10,10,0,0,0,0,0,0,0,0,0,0,0,0,60,0,0,0,0,60,60,0,0,0,0,60,0,540,0,60,0,480,0,0,0,0,0,0,0,0,0,0,0,0,0,0,0,0,0,0,0,0,0,0,0,0,830,0,0,60,770,0,3.3333333333333335,0,2.3333333333333335,4.333333333333333,0,6
20211210212410,3,1,1,35,1,100,1,3,1,1,1,1,1,1,1,2,2,2,2,7,1,90,0,90,0,0,90,0,0,0,0,0,0,0,5,5,0,5,0,0,0,0,0,0,80,80,0,0,0,0,0,0,0,0,0,0,0,0,50,0,0,0,0,50,50,0,0,0,0,50,0,480,0,70,0,410,0,0,0,0,0,0,0,0,0,0,0,0,0,145,0,0,0,125,0,0,0,20,125,125,590,0,0,40,550,0,4.333333333333333,0,3,1.3333333333333333,0,5
20211210212486,6,1,4,32,1,100,1,3,1,1,1,1,1,1,1,2,1,2,1,6,1,145,0,145,0,0,145,0,0,0,0,0,0,0,0,0,0,0,0,0,0,0,0,0,60,60,0,165,0,125,0,40,0,0,0,0,0,0,303,0,0,0,0,303,303,0,0,0,0,153,0,540,0,40,0,500,0,42,0,10,0,0,0,0,0,0,0,32,0,150,0,0,0,0,0,60,60,30,60,60,35,0,0,0,35,0,3.6666666666666665,0,2,2.6666666666666665,0.3333333333333333,3
20211210212566,5,1,3,54,1,100,1,2,2,1,1,2,1,1,1,2,2,2,2,10,1,0,0,0,0,0,0,0,0,0,0,0,0,0,15,15,15,0,0,0,0,0,0,0,60,60,0,235,0,145,0,0,0,0,0,0,90,0,185,0,0,0,0,185,185,0,0,0,0,110,0,360,0,45,0,315,0,0,0,0,0,0,0,0,0,0,0,0,0,0,0,0,0,0,0,0,0,0,0,0,585,0,0,90,495,0,6,0,0,0,0,6
20211211210042,5,1,1,62,1,110,1,4,1,1,1,1,1,1,1,1,1,2,2,10,1,0,0,0,0,0,0,0,0,0,0,0,0,0,0,0,0,0,0,0,0,0,0,0,60,60,0,0,0,0,0,0,0,0,0,0,0,0,210,0,0,0,0,210,210,0,0,0,0,210,0,720,0,540,0,180,0,0,0,0,0,0,0,0,0,0,0,0,0,450,0,0,0,0,0,390,0,60,0,0,0,0,0,0,0,0,6,0,0,0,0,5.666666666666667
20211211210529,5,1,3,39,1,100,1,4,1,1,1,1,1,1,1,4,2,2,2,6,1,95,0,95,0,0,95,0,0,0,0,0,0,0,0,0,0,0,0,0,0,0,0,0,60,60,0,300,0,240,0,60,0,0,0,0,0,0,220,0,0,0,0,220,220,0,0,0,0,220,0,585,0,60,0,525,0,180,0,105,0,105,0,0,0,0,0,75,0,0,0,0,0,0,0,0,0,0,0,0,0,0,0,0,0,0,4.333333333333333,3.6666666666666665,3,3.3333333333333335,1.6666666666666667,5
20211211210563,2,1,1,55,2,100,4,2,1,1,1,1,1,1,1,2,2,1,1,7,1,0,0,0,0,0,0,0,0,0,0,0,0,0,0,0,0,0,0,0,0,0,0,0,30,30,0,420,0,0,120,180,0,0,0,0,120,0,0,0,0,0,0,0,0,0,0,0,0,0,490,385,0,45,0,340,0,115,0,45,0,0,0,10,0,0,0,60,0,0,0,0,0,0,0,0,0,0,0,0,0,0,0,0,0,0,4.666666666666667,0,3.6666666666666665,3,2,2.3333333333333335
20211211210593,2,1,1,52,1,100,6,2,1,1,1,1,1,1,1,1,2,2,2,9,1,0,0,0,0,0,0,0,0,0,0,0,0,0,30,30,30,0,0,0,0,0,0,0,80,80,0,215,0,30,0,185,0,0,0,0,0,0,300,0,0,0,0,300,300,0,0,0,0,270,0,660,0,30,0,630,0,35,0,15,0,15,0,0,0,0,0,20,0,0,0,0,0,0,0,0,0,0,0,0,120,0,0,0,120,0,6,0,0,2,0,5
20211211210642,4,1,1,64,1,100,4,2,1,1,1,1,1,1,1,2,2,2,3,7,1,0,0,0,0,0,0,0,0,0,0,0,0,0,0,0,0,0,0,0,0,0,0,0,100,100,0,0,0,0,0,0,0,0,0,0,0,0,0,0,0,0,0,0,0,0,0,0,0,0,0,420,0,0,0,420,0,0,0,0,0,0,0,0,0,0,0,0,0,0,0,0,0,0,0,0,0,0,0,0,920,0,0,0,920,0,1.3333333333333333,1.6666666666666667,5.333333333333333,5.333333333333333,0,5
20211211210655,4,1,2,42,2,100,1,2,1,1,1,1,1,1,1,3,2,2,2,5,1,138,0,98,0,0,98,40,0,0,0,0,0,0,0,0,0,0,0,0,0,0,0,0,20,20,0,155,0,100,0,25,0,0,30,0,0,0,260,0,0,0,30,170,230,60,60,30,0,0,18,565,0,45,0,520,0,62,0,35,0,35,0,0,0,0,0,27,0,0,0,0,0,0,0,0,0,0,0,0,222,0,0,12,210,0,3,0.3333333333333333,3,1.3333333333333333,0,2.3333333333333335
20211211210679,3,1,2,32,2,100,5,3,1,1,1,1,1,1,1,2,2,2,1,7,1,0,0,0,0,0,0,0,0,0,0,0,0,0,0,0,0,0,0,0,0,0,0,0,165,165,0,225,0,105,0,120,0,0,0,0,0,0,360,0,0,0,0,360,360,0,0,0,0,360,0,690,0,0,0,690,0,0,0,0,0,0,0,0,0,0,0,0,0,0,0,0,0,0,0,0,0,0,0,0,0,0,0,0,0,0,4.333333333333333,0,4,2,1,5
20211211210691,3,1,1,36,2,100,1,3,1,1,1,1,1,1,1,3,2,1,2,7,1,598,0,573,0,0,573,25,0,0,0,0,0,0,0,0,0,0,0,0,0,0,0,0,20,20,0,2,0,0,0,2,0,0,0,0,0,0,190,165,0,0,0,0,165,0,0,0,25,0,0,510,0,35,0,475,0,120,0,60,0,0,0,0,0,0,0,60,0,0,0,0,0,0,0,0,0,0,0,0,0,0,0,0,0,0,4,0,3.3333333333333335,0,0,1.3333333333333333
20211211210707,2,1,1,39,2,100,4,3,1,1,1,1,1,1,1,2,2,2,2,8,1,11,0,1,0,0,1,10,0,0,0,0,0,0,0,0,0,0,0,0,0,0,0,0,20,10,10,30,0,0,0,0,0,0,30,0,0,0,185,0,0,0,0,0,183,183,183,0,2,0,75,590,0,0,0,590,0,35,0,20,0,0,0,0,0,0,0,15,0,0,0,0,0,0,0,0,0,0,0,0,494,0,0,15,479,0,4.5,0,1.5,1,0.5,3.5
20211211210796,4,1,2,29,1,100,1,2,1,1,1,1,1,1,1,1,2,2,2,5,1,180,0,180,0,0,180,0,0,0,0,0,0,0,0,0,0,0,0,0,0,0,0,0,40,40,0,0,0,0,0,0,0,0,0,0,0,0,35,0,0,0,0,35,35,0,0,0,0,20,0,510,0,0,0,510,0,0,0,0,0,0,0,0,0,0,0,0,0,0,0,0,0,0,0,0,0,0,0,0,675,0,0,30,645,0,6,0,1,0,0,5.333333333333333
20211211210802,3,1,1,71,1,100,4,2,1,1,1,1,1,1,1,1,2,2,2,7,1,0,0,0,0,0,0,0,0,0,0,0,0,0,0,0,0,0,0,0,0,0,0,0,60,60,0,480,0,30,30,180,30,210,0,0,0,0,250,0,0,0,0,250,250,0,0,0,0,220,0,540,0,0,0,540,0,110,0,60,0,0,0,0,0,0,0,50,0,0,0,0,0,0,0,0,0,0,0,0,0,0,0,0,0,0,5.666666666666667,0,2,0,0,4.333333333333333
20211211210836,3,1,1,52,1,100,1,1,1,1,1,1,1,1,1,1,2,2,1,7,1,90,0,90,0,0,90,0,0,0,0,0,0,0,0,0,0,0,0,0,0,0,0,0,110,90,20,310,0,55,10,70,115,0,0,0,0,60,255,60,0,0,0,145,215,10,10,0,40,135,0,595,0,20,0,575,0,80,0,35,0,0,0,0,0,0,0,45,0,0,0,0,0,0,0,0,0,0,0,0,0,0,0,0,0,0,5.666666666666667,0,0.6666666666666666,0.6666666666666666,0,4.333333333333333
20211211210863,5,1,4,26,2,110,6,2,1,1,1,1,1,1,1,4,2,2,2,5,1,125,0,105,0,0,105,20,0,0,0,0,0,0,0,0,0,0,0,0,0,0,0,0,60,60,0,240,0,240,0,0,0,0,0,0,0,0,90,0,0,0,0,90,90,0,0,0,0,0,0,420,0,20,0,390,10,0,0,0,0,0,0,0,0,0,0,0,0,0,0,0,0,0,0,0,0,0,0,0,505,0,0,10,495,0,3,0.6666666666666666,3.6666666666666665,0,1,4.333333333333333
20211211210880,3,1,1,55,2,100,1,4,2,1,1,1,1,2,1,2,1,1,1,10,1,0,0,0,0,0,0,0,180,0,0,0,180,0,0,0,0,0,0,0,0,0,0,0,0,0,0,20,0,0,0,20,0,0,0,0,0,0,880,0,0,0,0,880,880,0,0,0,0,880,0,360,0,0,0,360,0,0,0,0,0,0,0,0,0,0,0,0,0,0,0,0,0,0,0,0,0,0,0,0,0,0,0,0,0,0,5.666666666666667,0,2.6666666666666665,0,2.3333333333333335,5
20211211210907,3,1,1,49,1,100,1,1,1,1,1,1,1,1,1,2,2,2,2,8,1,47,15,10,0,0,10,22,0,0,0,0,0,0,0,0,0,0,0,0,0,0,0,0,185,165,20,423,0,15,0,208,200,0,0,0,0,0,10,0,0,0,0,0,5,5,5,0,5,0,0,455,0,50,0,405,0,320,20,200,0,0,0,0,0,0,20,100,0,0,0,0,0,0,0,0,0,0,0,0,0,0,0,0,0,0,4,0,1,2,0,5
20211211210908,4,1,2,41,2,100,1,2,1,1,1,1,1,1,1,2,2,1,2,8,1,95,0,65,0,45,20,30,0,0,0,0,0,0,0,0,0,0,0,0,0,0,0,0,5,5,0,325,0,0,90,225,0,0,10,0,0,0,300,0,0,0,0,0,180,180,180,0,120,0,0,510,0,10,0,440,60,205,0,45,0,0,0,0,0,0,0,160,0,0,0,0,0,0,0,0,0,0,0,0,0,0,0,0,0,0,4.666666666666667,0,0.3333333333333333,0.6666666666666666,0,3.6666666666666665
20211211210954,5,1,3,26,2,100,1,3,2,1,1,2,1,1,1,2,2,2,2,7,1,60,0,60,0,0,60,0,0,0,0,0,0,0,0,0,0,0,0,0,0,0,0,0,15,15,0,105,0,25,0,35,45,0,0,0,0,0,308,0,0,0,0,180,240,60,60,0,68,180,0,502,30,20,0,452,0,0,0,0,0,0,0,0,0,0,0,0,0,0,0,0,0,0,0,0,0,0,0,0,450,0,0,24,426,0,4,0,3,0.6666666666666666,1.6666666666666667,5.333333333333333
20211211210956,5,1,2,57,1,100,1,4,1,1,1,1,1,1,1,3,2,2,2,6,1,0,0,0,0,0,0,0,0,0,0,0,0,0,0,0,0,0,0,0,0,0,0,0,30,30,0,25,0,0,0,25,0,0,0,0,0,0,555,0,0,0,0,480,555,75,75,0,0,225,0,780,0,0,1,779,0,50,0,30,0,0,0,0,0,0,0,20,0,0,0,0,0,0,0,0,0,0,0,0,0,0,0,0,0,0,3.3333333333333335,0,3.6666666666666665,1,0,2.6666666666666665
20211211210962,3,1,1,50,1,100,1,3,1,1,1,1,1,1,1,1,1,2,1,7,1,0,0,0,0,0,0,0,0,0,0,0,0,0,0,0,0,0,0,0,0,0,0,0,150,150,0,120,0,0,0,0,0,120,0,0,0,0,395,0,0,0,0,125,395,270,270,0,0,125,0,660,0,30,0,630,0,115,0,75,0,0,0,0,0,0,0,40,0,0,0,0,0,0,0,0,0,0,0,0,0,0,0,0,0,0,5,0,1.6666666666666667,0,0,6
20211211210966,4,1,2,46,2,100,1,3,1,1,1,1,1,1,1,1,2,1,3,7,1,60,0,60,0,0,60,0,0,0,0,0,0,0,0,0,0,0,0,0,0,0,0,0,90,90,0,135,0,0,135,0,0,0,0,0,0,0,90,0,0,0,0,90,90,0,0,0,0,90,0,510,0,0,0,510,0,120,0,100,0,0,0,0,0,0,0,20,0,0,0,0,0,0,0,0,0,0,0,0,435,0,0,0,435,0,4.333333333333333,0.3333333333333333,3,1.6666666666666667,0,4
20211211210995,4,1,2,41,2,100,1,4,1,1,1,1,1,1,1,3,2,1,1,8,1,65,15,10,0,0,10,40,0,0,0,0,0,0,0,0,0,0,0,0,0,0,0,0,60,60,0,10,0,0,0,0,0,0,10,0,0,0,495,0,365,0,0,130,495,365,0,0,0,0,4,646,0,120,0,506,20,160,0,5,0,0,0,0,0,45,45,110,0,0,0,0,0,0,0,0,0,0,0,0,0,0,0,0,0,0,4.333333333333333,0,1.3333333333333333,0.6666666666666666,0,5.666666666666667
20211211210998,5,1,3,38,2,100,1,1,1,1,1,1,1,1,1,1,2,1,2,10,1,0,0,0,0,0,0,0,0,0,0,0,0,0,15,0,0,0,15,0,0,0,0,0,90,90,0,270,0,150,0,120,0,0,0,0,0,0,75,0,0,0,0,75,75,0,0,0,0,0,0,530,0,60,0,470,0,0,0,0,0,0,0,0,0,0,0,0,0,0,0,0,0,0,0,0,0,0,0,0,460,0,0,80,380,0,6,0.6666666666666666,4,0.6666666666666666,4,6
20211211211004,7,1,4,41,1,100,1,4,1,1,1,1,1,1,1,3,2,2,2,5,1,0,0,0,0,0,0,0,0,0,0,0,0,0,0,0,0,0,0,0,300,0,240,60,75,75,0,0,0,0,0,0,0,0,0,0,0,0,60,0,0,0,0,60,60,0,0,0,0,45,0,770,0,90,0,680,0,0,0,0,0,0,0,0,0,0,0,0,0,235,0,0,0,185,0,0,0,50,185,185,0,0,0,0,0,0,3.6666666666666665,0,2,1.6666666666666667,1,2
20211211211016,5,1,2,69,1,100,3,4,1,1,1,1,1,1,1,3,2,1,2,4,1,0,0,0,0,0,0,0,0,0,0,0,0,0,0,0,0,0,0,0,0,0,0,0,130,130,0,15,0,15,0,0,0,0,0,0,0,0,815,0,0,0,60,755,755,0,0,60,0,635,0,480,0,0,0,480,0,0,0,0,0,0,0,0,0,0,0,0,0,0,0,0,0,0,0,0,0,0,0,0,0,0,0,0,0,0,3.3333333333333335,5,5.333333333333333,0,5.666666666666667,5.333333333333333
20211211211029,4,1,2,43,1,100,1,2,1,1,1,1,1,1,1,1,2,2,2,6,1,0,0,0,0,0,0,0,0,0,0,0,0,0,0,0,0,0,0,0,0,0,0,0,30,30,0,0,0,0,0,0,0,0,0,0,0,0,500,0,0,0,0,500,500,0,0,0,0,0,0,450,0,0,0,450,0,10,0,10,0,0,0,0,0,0,0,0,0,0,0,0,0,0,0,0,0,0,0,0,450,0,0,20,430,0,3.3333333333333335,0,1.6666666666666667,1.6666666666666667,0,2.6666666666666665
20211211211045,5,1,2,32,2,100,1,3,1,1,1,1,1,1,1,1,1,2,2,7,1,145,0,115,0,0,115,30,0,0,0,0,0,0,0,0,0,0,0,0,0,0,0,0,135,135,0,75,0,45,0,30,0,0,0,0,0,0,180,0,0,0,60,30,90,60,60,60,30,30,0,490,0,0,0,490,0,25,0,15,0,0,0,0,0,0,0,10,0,0,0,0,0,0,0,0,0,0,0,0,390,0,0,0,390,0,3.6666666666666665,0,2,1,0,3.6666666666666665
20211211211061,4,1,2,33,1,100,1,3,1,1,1,1,1,1,1,3,2,1,3,6,1,261,0,221,60,0,161,40,35,0,0,0,5,30,0,0,0,0,0,0,0,0,0,0,85,75,10,305,0,80,0,60,90,0,75,0,0,0,285,0,0,0,0,225,285,60,60,0,0,180,0,409,0,0,0,409,0,0,0,0,0,0,0,0,0,0,0,0,0,0,0,0,0,0,0,0,0,0,0,0,60,0,0,0,60,0,3.3333333333333335,0,2.6666666666666665,1.3333333333333333,0,1.6666666666666667
20211211211109,2,1,1,44,1,100,4,2,1,1,1,1,1,1,1,1,2,2,1,10,1,75,0,75,0,0,75,0,0,0,0,0,0,0,0,0,0,0,0,0,0,0,0,0,175,175,0,215,120,95,0,0,0,0,0,0,0,0,60,0,0,0,0,60,60,0,0,0,0,0,0,630,0,30,0,600,0,150,0,90,0,0,0,0,0,0,0,60,0,0,0,0,0,0,0,0,0,0,0,0,135,0,0,0,135,0,5.333333333333333,0,0.6666666666666666,1,0,5.333333333333333
20211211211112,4,1,2,40,1,100,1,2,1,1,1,1,1,1,1,1,2,1,2,8,1,25,0,25,0,0,25,0,0,0,0,0,0,0,0,0,0,0,0,0,0,0,0,0,10,10,0,0,0,0,0,0,0,0,0,0,0,0,140,0,120,0,0,0,120,120,0,0,20,0,0,490,0,10,0,480,0,0,0,0,0,0,0,0,0,0,0,0,0,0,0,0,0,0,0,0,0,0,0,0,775,0,0,90,685,0,6,0,3,0,1.3333333333333333,6
20211211211122,3,1,2,41,2,100,5,1,1,1,1,1,1,1,1,1,2,2,2,8,1,0,0,0,0,0,0,0,0,0,0,0,0,0,0,0,0,0,0,0,0,0,0,0,90,90,0,210,0,150,0,60,0,0,0,0,0,0,360,0,0,0,0,360,360,0,0,0,0,360,0,780,0,30,0,750,0,0,0,0,0,0,0,0,0,0,0,0,0,0,0,0,0,0,0,0,0,0,0,0,0,0,0,0,0,0,6,0,3,1.6666666666666667,0,6
20211211211190,3,1,1,74,2,100,4,3,1,1,1,1,1,1,1,2,2,1,1,7,1,0,0,0,0,0,0,0,0,0,0,0,0,0,0,0,0,0,0,0,0,0,0,0,150,150,0,105,0,45,0,60,0,0,0,0,0,0,765,0,0,0,0,765,765,0,0,0,0,705,0,420,0,0,0,420,0,0,0,0,0,0,0,0,0,0,0,0,0,0,0,0,0,0,0,0,0,0,0,0,0,0,0,0,0,0,4.666666666666667,0,0,0,0,3.6666666666666665
20211211211200,4,1,2,41,1,131,1,1,1,1,1,1,1,1,1,4,2,2,2,9,1,30,0,30,0,0,30,0,0,0,0,0,0,0,0,0,0,0,0,0,0,0,0,0,160,160,0,120,0,120,0,0,0,0,0,0,0,0,560,0,0,0,15,545,545,0,0,15,0,545,0,570,0,30,0,540,0,0,0,0,0,0,0,0,0,0,0,0,0,0,0,0,0,0,0,0,0,0,0,0,0,0,0,0,0,0,5,0,0,0,0,0
20211211211219,3,1,1,54,1,100,1,2,1,1,1,1,1,1,1,1,2,2,2,8,1,0,0,0,0,0,0,0,0,0,0,0,0,0,0,0,0,0,0,0,0,0,0,0,45,45,0,0,0,0,0,0,0,0,0,0,0,0,180,0,0,0,0,120,140,20,20,0,40,0,0,600,0,60,0,540,0,0,0,0,0,0,0,0,0,0,0,0,0,0,0,0,0,0,0,0,0,0,0,0,615,0,0,0,615,0,5.666666666666667,0,1.3333333333333333,1,0,5.333333333333333
20211211211222,3,1,1,50,1,100,1,3,1,1,1,1,1,1,1,2,1,2,3,7,1,30,0,30,0,0,30,0,0,0,0,0,0,0,0,0,0,0,0,0,0,0,0,0,40,40,0,0,0,0,0,0,0,0,0,0,0,0,210,0,0,0,0,210,210,0,0,0,0,210,0,570,0,60,0,510,0,0,0,0,0,0,0,0,0,0,0,0,0,0,0,0,0,0,0,0,0,0,0,0,590,0,0,20,570,0,4.666666666666667,1.6666666666666667,2,2.3333333333333335,2.3333333333333335,5
20211211211262,4,1,2,33,2,100,1,2,1,1,1,1,1,1,1,2,2,2,2,6,1,15,0,15,0,0,15,0,0,0,0,0,0,0,0,0,0,0,0,0,0,0,0,0,70,70,0,315,0,110,0,145,60,0,0,0,0,0,420,0,0,0,0,420,420,0,0,0,0,300,0,620,0,20,0,600,0,0,0,0,0,0,0,0,0,0,0,0,0,0,0,0,0,0,0,0,0,0,0,0,0,0,0,0,0,0,5,0.3333333333333333,2.3333333333333335,0.6666666666666666,0.3333333333333333,3.3333333333333335
20211211211336,4,1,2,60,1,100,1,5,1,1,1,1,1,1,1,2,1,1,2,3,1,0,0,0,0,0,0,0,0,0,0,0,0,0,0,0,0,0,0,0,0,0,0,0,120,120,0,0,0,0,0,0,0,0,0,0,0,0,165,0,0,0,0,165,165,0,0,0,0,120,0,670,0,60,0,610,0,0,0,0,0,0,0,0,0,0,0,0,0,0,0,0,0,0,0,0,0,0,0,0,485,0,0,35,450,0,4,1,3,2,3,4
20211211211351,5,1,3,32,1,100,1,3,1,1,1,1,1,1,1,1,2,2,1,7,1,195,5,190,0,0,190,0,0,0,0,0,0,0,0,0,0,0,0,0,0,0,0,0,20,20,0,0,0,0,0,0,0,0,0,0,0,0,100,0,0,0,0,100,100,0,0,0,0,100,0,535,0,50,0,485,0,0,0,0,0,0,0,0,0,0,0,0,0,30,0,0,0,0,0,30,0,0,0,0,560,0,0,35,525,0,5,0,3,2,2.3333333333333335,4.666666666666667
20211211211368,3,1,1,42,2,100,1,2,1,1,1,1,1,1,1,2,2,2,1,5,1,0,0,0,0,0,0,0,0,0,0,0,0,0,0,0,0,0,0,0,0,0,0,0,145,120,25,265,0,105,10,75,75,0,0,0,0,0,150,0,0,0,0,120,150,30,30,0,0,60,0,550,0,40,0,510,0,330,0,175,0,45,115,0,0,0,115,40,0,0,0,0,0,0,0,0,0,0,0,0,0,0,0,0,0,0,2.3333333333333335,0.6666666666666666,3.6666666666666665,2.6666666666666665,0.3333333333333333,2.6666666666666665
20211211211372,4,1,1,43,2,100,1,2,1,1,1,1,1,1,1,3,2,1,2,2,1,45,45,0,0,0,0,0,0,0,0,0,0,0,0,0,0,0,0,0,0,0,0,0,10,10,0,30,0,10,0,20,0,0,0,0,0,0,430,0,0,0,0,430,430,0,0,0,0,430,0,925,0,30,0,895,0,0,0,0,0,0,0,0,0,0,0,0,0,0,0,0,0,0,0,0,0,0,0,0,0,0,0,0,0,0,1.6666666666666667,2.6666666666666665,3.6666666666666665,2.3333333333333335,5.666666666666667,2.3333333333333335
20211211211378,7,1,2,57,1,100,4,2,1,1,1,1,1,1,1,2,2,2,3,6,1,0,0,0,0,0,0,0,0,0,0,0,0,0,15,15,15,0,0,0,0,0,0,0,165,165,0,255,0,45,0,210,0,0,0,0,0,0,180,0,0,0,0,180,180,0,0,0,0,90,0,660,0,45,0,615,0,0,0,0,0,0,0,0,0,0,0,0,0,0,0,0,0,0,0,0,0,0,0,0,165,0,0,0,165,0,3,2.6666666666666665,3.6666666666666665,2.3333333333333335,0.6666666666666666,2
20211211211413,4,1,2,41,2,100,1,1,1,1,1,1,1,1,1,1,2,1,2,8,1,91,0,91,0,0,91,0,0,0,0,0,0,0,0,0,0,0,0,0,0,0,0,0,80,80,0,50,0,45,5,0,0,0,0,0,0,0,95,0,0,0,0,85,95,10,10,0,0,45,0,592,0,50,0,542,0,0,0,0,0,0,0,0,0,0,0,0,0,2,0,0,0,0,0,2,0,0,0,0,530,0,0,50,480,0,6,0,2.6666666666666665,0,0,6
20211211211427,3,1,1,52,1,131,1,2,1,1,1,1,1,1,1,1,2,2,1,10,1,0,0,0,0,0,0,0,0,0,0,0,0,0,0,0,0,0,0,0,0,0,0,0,40,40,0,355,0,0,0,125,170,60,0,0,0,0,305,0,305,0,0,0,305,305,0,0,0,0,0,510,0,120,0,390,0,230,0,90,0,0,0,0,0,0,0,140,0,0,0,0,0,0,0,0,0,0,0,0,0,0,0,0,0,0,6,0,1.6666666666666667,0.6666666666666666,0.6666666666666666,6
20211211211433,7,1,5,41,1,100,4,3,1,1,1,1,1,1,1,3,2,1,3,7,1,30,0,30,0,0,30,0,0,0,0,0,0,0,0,0,0,0,0,0,0,0,0,0,195,195,0,60,0,60,0,0,0,0,0,0,0,0,140,0,0,0,0,140,140,0,0,0,0,60,0,555,0,60,0,495,0,0,0,0,0,0,0,0,0,0,0,0,0,0,0,0,0,0,0,0,0,0,0,0,460,0,0,60,400,0,4,0,2.5,1.5,1,1
20211211211434,4,1,2,35,1,100,1,3,1,1,1,1,1,1,1,2,2,1,2,7,1,105,0,105,0,0,105,0,0,0,0,0,0,0,0,0,0,0,0,0,0,0,0,0,90,90,0,275,240,15,0,0,0,20,0,0,0,0,381,0,0,0,45,336,336,0,0,45,0,321,0,570,0,0,0,570,0,19,0,15,0,0,0,0,0,0,0,4,0,0,0,0,0,0,0,0,0,0,0,0,0,0,0,0,0,0,4.666666666666667,0,2,0.6666666666666666,0,4.666666666666667
20211211211468,5,1,4,34,2,100,6,2,1,1,1,1,1,1,1,4,2,2,3,3,1,60,0,60,0,0,60,0,0,0,0,0,0,0,0,0,0,0,0,0,0,0,0,0,15,15,0,70,0,40,0,30,0,0,0,0,0,0,240,0,0,0,0,240,240,0,0,0,0,240,0,1025,0,0,230,795,0,30,0,10,0,0,0,0,0,0,0,20,0,0,0,0,0,0,0,0,0,0,0,0,0,0,0,0,0,0,4.333333333333333,6,6,3.6666666666666665,0,4
20211211211483,3,1,1,35,1,100,1,2,1,1,1,1,1,1,1,3,2,2,1,8,1,385,0,385,0,0,385,0,0,0,0,0,0,0,0,0,0,0,0,0,0,0,0,0,155,155,0,0,0,0,0,0,0,0,0,0,0,0,260,0,0,0,0,260,260,0,0,0,0,260,0,640,0,0,0,640,0,0,0,0,0,0,0,0,0,0,0,0,0,0,0,0,0,0,0,0,0,0,0,0,0,0,0,0,0,0,5.5,0,6,0.5,1,6
20211211211488,4,1,1,43,1,100,1,2,1,1,1,1,1,1,1,1,2,2,1,10,1,0,0,0,0,0,0,0,0,0,0,0,0,0,0,0,0,0,0,0,0,0,0,0,60,60,0,0,0,0,0,0,0,0,0,0,0,0,85,0,0,0,0,85,85,0,0,0,0,85,0,585,0,75,0,510,0,200,0,180,0,0,0,0,0,0,0,20,0,0,0,0,0,0,0,0,0,0,0,0,510,0,0,30,480,0,6,0,2.6666666666666665,1,0,6
20211211211512,4,1,2,37,2,100,1,1,1,1,1,1,1,1,1,2,2,2,2,9,1,203,0,140,0,0,140,63,0,0,0,0,0,0,0,0,0,0,0,0,0,0,0,0,50,50,0,0,0,0,0,0,0,0,0,0,0,0,110,0,0,0,0,110,110,0,0,0,0,50,0,537,0,30,0,507,0,0,0,0,0,0,0,0,0,0,0,0,0,5,5,0,0,0,0,0,0,0,5,5,535,0,0,60,475,0,6,0,4.333333333333333,0,0,6
20211211211525,3,1,1,47,1,100,1,2,1,1,1,1,1,1,1,2,2,2,1,7,1,0,0,0,0,0,0,0,0,0,0,0,0,0,60,0,0,0,60,0,0,0,0,0,150,150,0,0,0,0,0,0,0,0,0,0,0,0,630,0,0,0,0,570,630,60,60,0,0,300,0,560,0,0,0,560,0,40,0,10,0,0,0,0,0,0,0,30,0,0,0,0,0,0,0,0,0,0,0,0,0,0,0,0,0,0,5,0,0,0,0,5.666666666666667
20211211211585,2,1,1,44,2,100,5,4,2,1,1,1,1,1,2,1,2,2,1,8,1,0,0,0,0,0,0,0,130,120,0,120,0,10,0,0,0,0,0,0,0,0,0,0,30,30,0,220,0,40,0,180,0,0,0,0,0,0,460,0,0,0,0,275,455,180,180,0,5,275,0,600,0,0,0,600,0,0,0,0,0,0,0,0,0,0,0,0,0,0,0,0,0,0,0,0,0,0,0,0,0,0,0,0,0,0,5,0,2.6666666666666665,0,0,4.333333333333333
20211211211609,5,1,3,36,2,100,1,3,1,1,1,1,1,1,1,3,2,2,1,7,1,740,0,740,0,0,740,0,0,0,0,0,0,0,0,0,0,0,0,0,0,0,0,0,90,90,0,10,0,10,0,0,0,0,0,0,0,0,120,0,0,0,0,120,120,0,0,0,0,120,0,480,0,0,0,480,0,0,0,0,0,0,0,0,0,0,0,0,0,0,0,0,0,0,0,0,0,0,0,0,0,0,0,0,0,0,5.333333333333333,1.6666666666666667,5.666666666666667,5.666666666666667,0,5.666666666666667
20211211211612,5,1,3,44,1,110,1,2,1,1,1,1,1,1,1,1,1,1,2,10,1,65,0,25,0,0,25,40,0,0,0,0,0,0,0,0,0,0,0,0,0,0,0,0,45,45,0,60,0,45,0,15,0,0,0,0,0,0,255,0,0,0,0,255,255,0,0,0,0,150,0,405,0,45,0,360,0,0,0,0,0,0,0,0,0,0,0,0,0,0,0,0,0,0,0,0,0,0,0,0,610,0,0,0,610,0,6,0,0,0,6,6
20211211211629,7,1,5,33,2,100,1,1,1,1,1,1,1,1,1,3,2,2,2,10,1,270,0,270,0,0,270,0,0,0,0,0,0,0,0,0,0,0,0,0,0,0,0,0,60,60,0,360,0,120,0,240,0,0,0,0,0,0,0,0,0,0,0,0,0,0,0,0,0,0,0,676,0,30,0,646,0,74,0,60,0,60,0,0,0,0,0,14,0,0,0,0,0,0,0,0,0,0,0,0,0,0,0,0,0,0,6,0,1,1.3333333333333333,0,6
20211211211652,3,1,1,34,2,131,1,4,1,1,1,1,1,1,1,3,2,2,1,3,1,120,0,120,0,0,120,0,0,0,0,0,0,0,0,0,0,0,0,0,0,0,0,0,175,175,0,5,0,5,0,0,0,0,0,0,0,0,30,0,0,0,30,0,0,0,0,30,0,0,50,560,0,50,0,510,0,0,0,0,0,0,0,0,0,0,0,0,0,0,0,0,0,0,0,0,0,0,0,0,500,0,0,80,420,0,3.6666666666666665,0.6666666666666666,3.3333333333333335,0.6666666666666666,0,4.333333333333333
20211211211663,4,1,2,31,1,202,1,4,1,1,1,1,1,1,1,1,2,2,2,7,1,70,60,0,0,0,0,10,0,0,0,0,0,0,0,0,0,0,0,0,0,0,0,0,0,0,0,0,0,0,0,0,0,0,0,0,0,0,733,0,150,0,0,563,713,150,0,0,20,143,0,480,0,30,0,450,0,157,0,124,0,0,0,0,0,0,0,33,0,0,0,0,0,0,0,0,0,0,0,0,0,0,0,0,0,0,4,0,0,0,0,5
20211211211664,4,1,2,51,1,100,1,2,1,1,1,1,1,1,1,2,2,2,2,10,1,60,0,60,0,0,60,0,0,0,0,0,0,0,0,0,0,0,0,0,0,0,0,0,90,90,0,140,0,90,10,0,0,0,0,0,40,0,60,0,0,0,0,60,60,0,0,0,0,60,90,580,0,80,0,500,0,0,0,0,0,0,0,0,0,0,0,0,0,60,0,0,0,0,0,60,0,0,0,0,360,0,0,0,360,0,5.333333333333333,0,3.6666666666666665,0.6666666666666666,0,4
20211211211674,4,1,1,58,1,100,1,2,1,1,1,1,1,1,1,1,1,2,2,1,1,0,0,0,0,0,0,0,0,0,0,0,0,0,0,0,0,0,0,0,0,0,0,0,60,60,0,45,0,45,0,0,0,0,0,0,0,0,95,0,0,0,0,95,95,0,0,0,0,65,15,630,0,60,0,570,0,65,0,65,0,0,0,0,0,0,0,0,0,0,0,0,0,0,0,0,0,0,0,0,530,0,0,35,495,0,3.6666666666666665,0,1.3333333333333333,0.6666666666666666,0,4.666666666666667
20211211211713,3,1,2,28,2,110,6,2,1,1,1,1,1,1,1,2,2,2,1,7,1,265,0,265,0,0,265,0,0,0,0,0,0,0,45,0,0,0,45,0,0,0,0,0,45,45,0,0,0,0,0,0,0,0,0,0,0,0,395,0,0,0,0,340,365,25,25,0,30,90,0,690,0,115,0,575,0,0,0,0,0,0,0,0,0,0,0,0,0,0,0,0,0,0,0,0,0,0,0,0,0,0,0,0,0,0,5,0,2.3333333333333335,0,0,6
20211211211718,2,1,1,45,1,100,6,4,1,1,1,1,1,1,1,1,2,2,2,7,1,0,0,0,0,0,0,0,0,0,0,0,0,0,0,0,0,0,0,0,0,0,0,0,90,90,0,510,0,30,0,0,0,0,0,0,0,480,270,0,0,0,0,270,270,0,0,0,0,270,0,570,0,0,0,570,0,0,0,0,0,0,0,0,0,0,0,0,0,0,0,0,0,0,0,0,0,0,0,0,0,0,0,0,0,0,4,1.3333333333333333,2.6666666666666665,0,0,4
20211211211760,3,1,1,66,2,100,3,2,1,1,1,1,1,1,1,1,1,1,2,6,1,0,0,0,0,0,0,0,0,0,0,0,0,0,0,0,0,0,0,0,0,0,0,0,30,30,0,455,0,30,0,425,0,0,0,0,0,0,140,0,0,0,0,140,140,0,0,0,0,140,0,575,0,35,0,540,0,0,0,0,0,0,0,0,0,0,0,0,0,240,240,0,0,0,0,0,0,0,240,240,0,0,0,0,0,0,2,0,1.3333333333333333,0,0.3333333333333333,3.3333333333333335
20211211211765,4,1,3,50,2,100,4,3,1,1,1,1,1,1,1,2,1,2,2,7,1,0,0,0,0,0,0,0,0,0,0,0,0,0,0,0,0,0,0,0,0,0,0,0,75,75,0,495,0,375,0,120,0,0,0,0,0,0,60,0,0,0,0,60,60,0,0,0,0,60,0,618,0,15,0,603,0,67,0,60,0,0,0,0,0,0,0,7,0,125,0,0,0,0,0,0,115,10,115,115,0,0,0,0,0,0,3,0,3,2,0,3
20211211211771,3,1,1,53,2,100,1,3,1,1,1,1,1,1,1,1,1,2,1,8,1,0,0,0,0,0,0,0,0,0,0,0,0,0,0,0,0,0,0,0,0,0,0,0,90,90,0,30,0,30,0,0,0,0,0,0,0,0,515,0,0,0,0,315,475,160,160,0,40,315,0,725,0,20,0,705,0,80,0,60,0,60,0,0,0,0,0,20,0,0,0,0,0,0,0,0,0,0,0,0,0,0,0,0,0,0,6,0,0,0,0,6
20211211211788,4,1,3,35,2,110,6,4,1,1,1,1,1,1,1,3,2,2,2,7,1,54,0,37,0,0,37,17,227,92,45,47,0,135,0,0,0,0,0,0,0,0,0,0,60,60,0,202,0,50,46,0,0,0,0,90,16,0,246,106,0,0,0,135,241,0,0,0,5,0,0,530,0,30,0,500,0,121,0,56,0,13,0,0,0,0,0,65,0,0,0,0,0,0,0,0,0,0,0,0,0,0,0,0,0,0,5,0,5,2.6666666666666665,2.6666666666666665,5.666666666666667
20211211211789,5,1,1,44,2,100,1,3,1,1,1,1,1,1,1,2,2,2,1,7,1,250,0,210,0,0,210,40,0,0,0,0,0,0,0,0,0,0,0,0,0,0,0,0,70,70,0,310,0,45,0,245,20,0,0,0,0,0,195,0,60,0,0,120,180,60,0,0,15,120,0,585,0,0,0,585,0,0,0,0,0,0,0,0,0,0,0,0,0,30,0,0,0,0,10,0,0,20,10,10,0,0,0,0,0,0,5,1,3,3,0,6
20211211211791,2,1,1,54,2,100,3,3,1,1,1,1,1,1,1,1,1,2,2,4,1,0,0,0,0,0,0,0,0,0,0,0,0,0,0,0,0,0,0,0,0,0,0,0,20,20,0,170,0,80,0,90,0,0,0,0,0,0,580,0,0,0,0,580,580,0,0,0,0,580,0,645,0,20,0,625,0,25,0,5,0,0,0,0,0,0,0,20,0,0,0,0,0,0,0,0,0,0,0,0,0,0,0,0,0,0,6,0,0.6666666666666666,0.3333333333333333,0.3333333333333333,6
20211211211792,4,1,2,53,1,202,1,1,1,1,1,1,1,1,1,1,2,2,2,10,1,68,0,68,55,0,13,0,0,0,0,0,0,0,0,0,0,0,0,0,0,0,0,0,60,60,0,82,0,37,5,40,0,0,0,0,0,0,150,0,0,0,0,150,150,0,0,0,0,90,0,464,0,20,0,444,0,0,0,0,0,0,0,0,0,0,0,0,0,0,0,0,0,0,0,0,0,0,0,0,616,0,0,0,616,0,6,0,1,0,0,6
20211211211799,3,1,1,29,2,100,6,4,1,1,1,1,1,1,1,4,2,2,2,2,1,17,0,2,0,0,2,15,0,0,0,0,0,0,0,0,0,0,0,0,0,0,0,0,115,60,55,60,0,0,0,60,0,0,0,0,0,0,120,0,0,0,0,120,120,0,0,0,0,120,0,575,0,110,0,465,0,0,0,0,0,0,0,0,0,0,0,0,0,0,0,0,0,0,0,0,0,0,0,0,553,0,0,20,533,0,3,1.5,4.5,1.5,1.5,1.5
20211211211802,3,1,1,42,1,131,1,2,1,1,1,1,1,1,1,1,2,2,1,8,1,0,0,0,0,0,0,0,0,0,0,0,0,0,0,0,0,0,0,0,0,0,0,0,40,40,0,50,0,50,0,0,0,0,0,0,0,0,45,0,0,0,0,45,45,0,0,0,0,30,30,535,0,30,0,505,0,0,0,0,0,0,0,0,0,0,0,0,0,0,0,0,0,0,0,0,0,0,0,0,740,0,0,10,730,0,6,0,2,0.6666666666666666,0,6
20211211211808,8,1,4,40,2,110,1,3,1,1,1,1,1,1,1,4,1,1,2,5,1,383,5,349,60,0,289,29,0,0,0,0,0,0,0,0,0,0,0,0,0,0,0,0,10,10,0,11,0,11,0,0,0,0,0,0,0,0,0,0,0,0,0,0,0,0,0,0,0,0,0,395,0,75,0,320,0,0,0,0,0,0,0,0,0,0,0,0,0,30,0,0,0,0,0,30,0,0,0,0,611,0,0,105,506,0,6,0,4.666666666666667,2.6666666666666665,0,6
20211211211827,4,1,2,39,1,100,1,2,1,1,1,1,1,1,1,1,2,2,2,8,1,0,0,0,0,0,0,0,0,0,0,0,0,0,0,0,0,0,0,0,0,0,0,0,130,130,0,330,0,180,0,120,0,0,0,0,0,0,410,0,0,0,0,410,410,0,0,0,0,290,0,570,0,0,0,570,0,0,0,0,0,0,0,0,0,0,0,0,0,0,0,0,0,0,0,0,0,0,0,0,0,0,0,0,0,0,5,0,0,0,0,6
20211211211892,6,1,3,47,1,100,1,2,1,1,1,1,1,1,1,2,2,2,2,10,1,20,0,20,0,0,20,0,0,0,0,0,0,0,0,0,0,0,0,0,0,0,0,0,30,30,0,30,0,30,0,0,0,0,0,0,0,0,120,0,0,0,0,120,120,0,0,0,0,120,90,640,0,90,0,550,0,0,0,0,0,0,0,0,0,0,0,0,0,0,0,0,0,0,0,0,0,0,0,0,510,0,0,30,480,0,5.666666666666667,0,1,0,0,3.6666666666666665
20211211211898,4,1,2,33,2,100,1,3,1,1,1,1,1,1,1,3,2,2,1,5,1,19,0,19,0,0,19,0,0,0,0,0,0,0,0,0,0,0,0,0,0,0,0,0,42,40,2,122,0,40,50,0,30,0,2,0,0,0,482,148,0,0,0,314,462,0,0,0,20,105,0,490,0,30,0,460,0,285,0,202,0,143,0,0,0,0,0,83,0,0,0,0,0,0,0,0,0,0,0,0,0,0,0,0,0,0,3.3333333333333335,0.3333333333333333,4,2,0,2
20211211211908,5,1,2,40,2,100,1,4,1,1,1,1,1,1,1,2,2,2,1,8,1,30,0,30,0,0,30,0,0,0,0,0,0,0,0,0,0,0,0,0,0,0,0,0,30,30,0,420,0,420,0,0,0,0,0,0,0,0,450,0,0,0,0,300,360,60,60,0,90,300,0,510,0,30,0,480,0,0,0,0,0,0,0,0,0,0,0,0,0,0,0,0,0,0,0,0,0,0,0,0,0,0,0,0,0,0,6,0,2.6666666666666665,0,2.6666666666666665,6
20211211211918,3,1,1,46,2,100,4,2,1,1,1,1,1,1,1,1,2,2,2,9,1,0,0,0,0,0,0,0,0,0,0,0,0,0,0,0,0,0,0,0,0,0,0,0,0,0,0,90,0,90,0,0,0,0,0,0,0,0,395,240,0,0,0,95,335,0,0,0,60,95,0,720,0,30,0,690,0,235,0,125,0,0,0,0,0,0,0,110,0,0,0,0,0,0,0,0,0,0,0,0,0,0,0,0,0,0,5.666666666666667,0.6666666666666666,0,2.3333333333333335,0,1.6666666666666667
20211211211948,4,1,2,36,2,100,1,2,1,1,1,1,1,1,1,1,2,2,2,8,1,270,0,221,0,0,221,49,0,0,0,0,0,0,45,45,45,0,0,0,0,0,0,0,60,60,0,75,0,0,0,75,0,0,0,0,0,0,105,0,0,0,0,30,75,45,45,0,30,30,0,555,0,90,0,465,0,0,0,0,0,0,0,0,0,0,0,0,0,0,0,0,0,0,0,0,0,0,0,0,330,0,0,15,315,0,5,0,2.3333333333333335,2,0,4.666666666666667
20211211211950,6,1,3,18,2,100,6,1,1,1,1,1,1,1,1,2,2,2,1,7,1,0,0,0,0,0,0,0,0,0,0,0,0,0,0,0,0,0,0,0,0,0,0,0,120,120,0,0,0,0,0,0,0,0,0,0,0,0,850,0,0,0,90,730,730,0,0,90,30,410,0,430,0,40,40,350,0,40,0,20,0,0,0,0,0,0,0,20,0,0,0,0,0,0,0,0,0,0,0,0,0,0,0,0,0,0,4.666666666666667,0,3.3333333333333335,0,0,1.3333333333333333
20211211211955,5,1,3,42,1,200,6,1,1,1,1,1,1,1,1,1,2,2,2,7,1,0,0,0,0,0,0,0,75,60,0,60,0,15,0,0,0,0,0,0,0,0,0,0,60,60,0,0,0,0,0,0,0,0,0,0,0,0,675,0,0,0,0,495,668,173,173,0,7,255,0,630,0,0,0,630,0,0,0,0,0,0,0,0,0,0,0,0,0,0,0,0,0,0,0,0,0,0,0,0,0,0,0,0,0,0,6,0,1.3333333333333333,0,0,6
20211211211966,3,1,2,45,1,100,4,2,1,1,1,1,1,1,1,2,2,2,2,8,1,445,0,425,30,0,395,20,0,0,0,0,0,0,0,0,0,0,0,0,0,0,0,0,90,90,0,120,0,30,0,90,0,0,0,0,0,0,100,0,0,0,0,100,100,0,0,0,0,100,0,685,0,50,0,635,0,0,0,0,0,0,0,0,0,0,0,0,0,0,0,0,0,0,0,0,0,0,0,0,0,0,0,0,0,0,4.666666666666667,3,2.6666666666666665,2,0,4.666666666666667
20211211211971,6,1,4,38,2,100,1,3,1,1,1,1,1,1,1,2,2,2,2,8,1,140,0,134,45,0,89,6,0,0,0,0,0,0,0,0,0,0,0,0,0,0,0,0,55,55,0,75,0,45,0,30,0,0,0,0,0,0,165,0,0,0,35,130,130,0,0,35,0,0,0,450,0,30,0,420,0,40,0,10,0,0,0,0,0,0,0,30,0,15,0,0,0,0,0,15,0,0,0,0,500,0,0,30,470,0,2.6666666666666665,0,2.3333333333333335,1.3333333333333333,0.3333333333333333,2.3333333333333335
20211211211981,6,1,2,23,1,100,6,4,1,1,1,1,1,1,1,2,2,2,1,6,1,0,0,0,0,0,0,0,0,0,0,0,0,0,0,0,0,0,0,0,0,0,0,0,12,12,0,29,0,0,29,0,0,0,0,0,0,0,536,0,0,0,0,536,536,0,0,0,0,228,0,315,0,20,0,295,0,0,0,0,0,0,0,0,0,0,0,0,0,0,0,0,0,0,0,0,0,0,0,0,548,0,0,8,540,0,2.3333333333333335,3.3333333333333335,2.6666666666666665,3.3333333333333335,2.3333333333333335,3.6666666666666665
20211211211986,3,1,2,34,2,110,6,2,1,1,1,1,1,1,1,2,1,2,2,7,1,0,0,0,0,0,0,0,0,0,0,0,0,0,0,0,0,0,0,0,0,0,0,0,60,60,0,305,0,150,0,155,0,0,0,0,0,0,335,0,0,0,0,335,335,0,0,0,0,335,45,690,0,150,0,540,0,5,0,1,0,0,0,0,0,0,0,4,0,0,0,0,0,0,0,0,0,0,0,0,0,0,0,0,0,0,5.333333333333333,0,2.3333333333333335,1.6666666666666667,3,6
20211211211991,2,1,1,36,2,100,4,3,1,1,1,1,1,1,1,1,2,2,2,8,1,0,0,0,0,0,0,0,0,0,0,0,0,0,0,0,0,0,0,0,0,0,0,0,40,40,0,190,0,70,120,0,0,0,0,0,0,0,140,0,0,0,0,140,140,0,0,0,0,110,0,585,0,15,0,570,0,0,0,0,0,0,0,0,0,0,0,0,0,0,0,0,0,0,0,0,0,0,0,0,485,0,0,20,465,0,5,0.6666666666666666,3.3333333333333335,3.3333333333333335,2.3333333333333335,5
20211211212014,3,1,1,28,1,110,6,1,1,1,1,1,1,1,1,1,2,2,1,10,1,40,0,40,0,0,40,0,0,0,0,0,0,0,0,0,0,0,0,0,0,0,0,0,7,7,0,0,0,0,0,0,0,0,0,0,0,0,370,0,0,0,0,370,370,0,0,0,0,370,0,713,0,0,0,713,0,0,0,0,0,0,0,0,0,0,0,0,0,0,0,0,0,0,0,0,0,0,0,0,310,0,0,20,290,0,6,0.3333333333333333,2,0.3333333333333333,0,0
20211211212016,4,1,1,40,1,100,1,2,1,1,1,1,1,1,1,1,2,1,3,8,1,5,5,0,0,0,0,0,0,0,0,0,0,0,0,0,0,0,0,0,0,0,0,0,30,30,0,122,0,20,0,0,0,0,42,0,60,0,165,0,0,0,0,105,165,60,60,0,0,90,0,418,0,35,0,383,0,30,0,20,0,0,0,0,0,0,0,10,0,0,0,0,0,0,0,0,0,0,0,0,670,0,0,60,610,0,5,1.3333333333333333,4.666666666666667,2.3333333333333335,2.3333333333333335,5
20211211212018,2,1,1,34,2,100,6,3,1,1,1,1,1,1,1,1,2,2,2,8,1,199,0,169,45,0,124,30,0,0,0,0,0,0,0,0,0,0,0,0,0,0,0,0,105,105,0,165,0,30,0,135,0,0,0,0,0,0,15,0,0,0,0,15,15,0,0,0,0,0,10,430,0,0,0,430,0,66,0,60,0,0,0,0,0,0,0,6,0,0,0,0,0,0,0,0,0,0,0,0,450,0,0,10,440,0,6,0,4,0,0,5.5
20211211212024,4,1,2,33,1,100,1,2,1,1,1,1,1,1,1,2,2,1,1,7,1,30,0,30,0,0,30,0,0,0,0,0,0,0,0,0,0,0,0,0,0,0,0,0,110,90,20,90,0,0,0,90,0,0,0,0,0,0,700,0,180,0,115,345,575,230,50,115,10,315,0,510,0,0,0,510,0,0,0,0,0,0,0,0,0,0,0,0,0,0,0,0,0,0,0,0,0,0,0,0,0,0,0,0,0,0,4.666666666666667,0,3,2,0.3333333333333333,4.333333333333333
20211211212032,4,1,2,53,1,100,1,2,1,1,1,1,1,1,1,2,2,2,1,8,1,0,0,0,0,0,0,0,0,0,0,0,0,0,0,0,0,0,0,0,0,0,0,0,75,75,0,145,0,15,0,90,0,0,40,0,0,0,90,0,0,0,0,90,90,0,0,0,0,30,0,500,0,50,0,450,0,0,0,0,0,0,0,0,0,0,0,0,0,0,0,0,0,0,0,0,0,0,0,0,630,0,0,50,580,0,4,0,1,1.3333333333333333,0,5.333333333333333
20211211212050,3,1,1,52,1,100,1,2,1,1,1,1,1,1,1,2,2,2,2,7,1,25,0,5,0,0,5,20,0,0,0,0,0,0,0,0,0,0,0,0,0,0,0,0,60,60,0,155,0,40,35,0,60,0,20,0,0,0,105,0,0,0,0,105,105,0,0,0,0,105,0,500,0,65,0,435,0,40,0,20,0,0,0,0,0,0,0,20,0,0,0,0,0,0,0,0,0,0,0,0,555,0,0,60,495,0,4.666666666666667,0,2,2.6666666666666665,0,5.666666666666667
20211211212058,8,1,6,42,2,100,1,2,1,1,1,1,1,1,1,2,2,2,1,9,1,341,0,311,0,10,301,30,0,0,0,0,0,0,80,80,20,60,0,0,0,0,0,0,125,125,0,175,0,85,30,60,0,0,0,0,0,0,10,0,0,0,0,10,10,0,0,0,0,0,0,559,0,45,0,514,0,45,0,30,0,0,0,5,0,0,0,10,0,105,0,0,0,0,0,85,0,20,0,0,0,0,0,0,0,0,4.666666666666667,0,2.6666666666666665,3.3333333333333335,0,4
20211211212100,6,1,3,49,1,131,1,2,1,1,1,1,1,1,1,1,2,2,1,10,1,200,0,190,0,0,190,10,0,0,0,0,0,0,0,0,0,0,0,0,0,0,0,0,95,95,0,0,0,0,0,0,0,0,0,0,0,0,60,0,0,0,0,60,60,0,0,0,0,60,25,510,0,60,0,450,0,0,0,0,0,0,0,0,0,0,0,0,0,0,0,0,0,0,0,0,0,0,0,0,550,0,0,70,480,0,5.666666666666667,1.3333333333333333,1.3333333333333333,0.6666666666666666,0.6666666666666666,6
20211211212102,5,1,2,36,1,100,1,1,1,1,1,1,1,1,1,2,2,2,1,9,1,0,0,0,0,0,0,0,0,0,0,0,0,0,0,0,0,0,0,0,0,0,0,0,30,30,0,0,0,0,0,0,0,0,0,0,0,0,45,0,0,0,0,45,45,0,0,0,0,0,0,410,0,15,0,395,0,37,0,2,0,0,0,0,0,0,0,35,0,0,0,0,0,0,0,0,0,0,0,0,918,0,0,45,873,0,3,0,5,3.3333333333333335,0,3.3333333333333335
20211211212127,6,1,4,42,2,100,1,2,1,1,1,1,1,1,1,2,2,2,2,7,1,30,0,30,0,30,0,0,0,0,0,0,0,0,0,0,0,0,0,0,0,0,0,0,60,60,0,550,180,0,0,320,0,0,30,0,20,0,155,0,0,0,0,155,155,0,0,0,0,155,0,540,0,0,0,540,0,105,0,45,0,0,0,0,0,0,0,60,0,0,0,0,0,0,0,0,0,0,0,0,0,0,0,0,0,0,3.3333333333333335,0,1.6666666666666667,1.6666666666666667,0,2.6666666666666665
20211211212141,2,1,1,49,2,100,4,3,1,1,1,1,1,1,1,1,2,2,2,8,1,0,0,0,0,0,0,0,0,0,0,0,0,0,60,0,0,0,60,0,0,0,0,0,75,75,0,210,0,90,0,120,0,0,0,0,0,0,360,0,0,0,0,360,360,0,0,0,0,360,0,735,0,45,0,690,0,0,0,0,0,0,0,0,0,0,0,0,0,0,0,0,0,0,0,0,0,0,0,0,0,0,0,0,0,0,5,0,0,0,4,0
20211211212185,4,1,2,32,2,100,1,1,1,1,1,1,1,1,1,2,2,2,2,7,1,505,0,505,120,0,385,0,0,0,0,0,0,0,0,0,0,0,0,0,0,0,0,0,50,50,0,180,0,90,0,90,0,0,0,0,0,0,0,0,0,0,0,0,0,0,0,0,0,0,0,360,0,0,0,360,0,0,0,0,0,0,0,0,0,0,0,0,0,0,0,0,0,0,0,0,0,0,0,0,345,0,0,0,345,0,6,0,4,2,0,6
20211211212199,3,1,1,32,2,100,1,2,1,1,1,1,1,1,1,1,2,2,2,9,1,20,0,10,0,0,10,10,0,0,0,0,0,0,0,0,0,0,0,0,0,0,0,0,30,30,0,85,0,5,20,60,0,0,0,0,0,0,755,0,285,0,120,0,565,565,280,120,70,0,0,540,0,0,0,540,0,10,0,5,0,5,0,0,0,0,0,5,0,0,0,0,0,0,0,0,0,0,0,0,0,0,0,0,0,0,5.333333333333333,0,0,0,0,5.333333333333333
20211211212203,4,1,1,53,1,100,1,3,1,1,1,1,1,1,1,1,2,1,2,8,1,0,0,0,0,0,0,0,0,0,0,0,0,0,0,0,0,0,0,0,0,0,0,0,0,0,0,120,120,0,0,0,0,0,0,0,0,0,751,0,0,0,0,751,751,0,0,0,0,751,0,480,0,60,0,420,0,89,0,54,0,0,0,0,0,0,0,35,0,0,0,0,0,0,0,0,0,0,0,0,0,0,0,0,0,0,6,0,0,0,2,6
20211211212204,6,1,2,45,1,110,2,1,1,1,1,1,1,1,1,1,2,2,2,7,1,0,0,0,0,0,0,0,0,0,0,0,0,0,0,0,0,0,0,0,0,0,0,0,30,30,0,0,0,0,0,0,0,0,0,0,0,0,0,0,0,0,0,0,0,0,0,0,0,0,0,480,0,45,0,435,0,35,0,20,0,0,0,0,0,0,0,15,0,0,0,0,0,0,0,0,0,0,0,0,895,0,0,45,850,0,5,0,1.6666666666666667,0,0.6666666666666666,0.6666666666666666
20211211212209,3,1,1,45,2,100,1,2,1,1,1,1,1,1,1,2,2,1,3,10,1,0,0,0,0,0,0,0,0,0,0,0,0,0,0,0,0,0,0,0,0,0,0,0,65,65,0,90,0,90,0,0,0,0,0,0,0,0,80,0,0,0,0,0,35,35,35,0,45,0,0,420,0,50,0,370,0,0,0,0,0,0,0,0,0,0,0,0,0,30,0,0,0,0,0,30,0,0,0,0,755,0,0,45,710,0,5.666666666666667,1,2.3333333333333335,0,0,6
20211211212211,5,1,3,36,2,100,1,2,1,1,1,1,1,1,1,2,2,2,2,6,1,15,0,15,0,0,15,0,0,0,0,0,0,0,0,0,0,0,0,0,0,0,0,0,90,90,0,60,0,60,0,0,0,0,0,0,0,0,315,0,0,0,0,315,315,0,0,0,0,195,0,840,0,180,0,660,0,0,0,0,0,0,0,0,0,0,0,0,0,120,0,0,0,0,0,80,0,40,0,0,0,0,0,0,0,0,5,0,3,2.3333333333333335,0,5.333333333333333
20211211212265,5,1,2,26,2,100,1,3,1,1,1,1,1,1,1,2,2,1,2,6,1,105,0,85,0,0,85,20,0,0,0,0,0,0,120,0,0,0,120,0,0,0,0,0,45,45,0,210,0,210,0,0,0,0,0,0,0,0,270,0,0,0,0,145,270,125,125,0,0,30,0,490,0,60,0,430,0,200,0,20,0,0,120,0,0,0,120,60,0,0,0,0,0,0,0,0,0,0,0,0,0,0,0,0,0,0,4.333333333333333,2.3333333333333335,2.3333333333333335,3,3.3333333333333335,6
20211211212272,4,1,1,35,2,100,1,3,1,1,1,1,1,1,1,3,2,2,3,8,1,220,0,220,0,0,220,0,0,0,0,0,0,0,0,0,0,0,0,0,0,0,0,0,30,30,0,85,0,15,60,0,0,0,10,0,0,0,60,0,0,0,0,60,60,0,0,0,0,0,0,490,0,10,0,480,0,0,0,0,0,0,0,0,0,0,0,0,0,0,0,0,0,0,0,0,0,0,0,0,555,0,0,75,480,0,6,0,3.5,0,0,6
20211211212274,6,1,3,43,1,100,1,2,1,1,1,1,1,1,1,2,2,2,2,7,1,15,0,15,0,0,15,0,0,0,0,0,0,0,0,0,0,0,0,0,0,0,0,0,0,0,0,60,0,60,0,0,0,0,0,0,0,0,120,0,0,0,0,60,120,60,60,0,0,0,42,505,0,55,0,450,0,0,0,0,0,0,0,0,0,0,0,0,0,0,0,0,0,0,0,0,0,0,0,0,698,0,0,25,673,0,4.666666666666667,0,1.6666666666666667,2,0,3.6666666666666665
20211211212322,3,1,1,31,1,100,4,3,1,1,1,1,1,1,1,2,1,2,2,9,1,0,0,0,0,0,0,0,51,0,0,0,1,50,0,0,0,0,0,0,0,0,0,0,20,20,0,40,0,40,0,0,0,0,0,0,0,0,699,0,0,0,0,249,684,435,435,0,15,99,0,630,0,60,0,570,0,0,0,0,0,0,0,0,0,0,0,0,0,0,0,0,0,0,0,0,0,0,0,0,0,0,0,0,0,0,4.333333333333333,1,1.3333333333333333,2.6666666666666665,0,4.666666666666667
20211211212334,3,1,1,37,1,131,1,1,1,1,1,1,1,1,1,1,2,2,2,8,1,215,0,215,0,0,215,0,0,0,0,0,0,0,20,20,0,20,0,0,0,0,0,0,65,65,0,190,0,190,0,0,0,0,0,0,0,0,385,0,0,0,145,225,240,15,15,145,0,90,0,565,0,30,0,535,0,0,0,0,0,0,0,0,0,0,0,0,0,0,0,0,0,0,0,0,0,0,0,0,0,0,0,0,0,0,6,0,0.6666666666666666,0,0,6
20211211212339,3,1,2,40,2,100,4,2,1,1,1,1,1,1,1,2,2,2,2,7,1,105,0,95,30,0,65,10,0,0,0,0,0,0,0,0,0,0,0,0,0,0,0,0,60,60,0,85,0,25,0,60,0,0,0,0,0,0,195,0,0,0,60,135,135,0,0,60,0,105,0,485,0,20,0,465,0,0,0,0,0,0,0,0,0,0,0,0,0,0,0,0,0,0,0,0,0,0,0,0,510,0,0,0,510,0,2,0,3,0,0,1.6666666666666667
20211211212386,2,1,1,42,1,100,6,3,1,1,1,1,1,1,1,1,2,2,2,2,1,0,0,0,0,0,0,0,0,0,0,0,0,0,0,0,0,0,0,0,0,0,0,0,240,180,60,30,0,0,30,0,0,0,0,0,0,0,345,240,0,0,0,105,345,0,0,0,0,0,0,525,0,15,0,510,0,300,0,15,0,0,0,0,0,0,0,285,0,0,0,0,0,0,0,0,0,0,0,0,0,0,0,0,0,0,3.6666666666666665,0,2,0,0,3.6666666666666665
20211211212392,6,1,2,42,2,100,3,2,1,1,1,1,1,1,1,2,2,2,2,8,1,0,0,0,0,0,0,0,0,0,0,0,0,0,0,0,0,0,0,0,0,0,0,0,45,45,0,140,0,20,0,120,0,0,0,0,0,0,60,0,0,0,0,60,60,0,0,0,0,0,85,645,0,15,0,630,0,0,0,0,0,0,0,0,0,0,0,0,0,0,0,0,0,0,0,0,0,0,0,0,465,0,0,35,430,0,5,0,1,0.3333333333333333,0,3
20211211212426,7,1,4,18,2,100,6,1,1,1,1,1,1,1,1,1,2,2,1,9,1,115,0,115,0,0,115,0,0,0,0,0,0,0,180,0,0,0,180,0,0,0,0,0,155,150,5,0,0,0,0,0,0,0,0,0,0,0,240,0,0,0,0,45,235,190,190,0,5,0,0,750,0,60,0,690,0,0,0,0,0,0,0,0,0,0,0,0,0,0,0,0,0,0,0,0,0,0,0,0,0,0,0,0,0,0,4.666666666666667,0,1.3333333333333333,0,0,3.3333333333333335
20211211212451,6,1,1,24,1,100,1,3,1,1,1,1,1,1,1,1,2,2,1,10,1,150,15,120,0,0,120,15,0,0,0,0,0,0,0,0,0,0,0,0,0,0,0,0,30,30,0,135,0,0,15,90,0,0,0,0,30,0,340,0,210,0,0,120,330,210,0,0,10,120,150,540,0,30,0,510,0,95,0,60,0,0,0,0,0,0,0,35,0,0,0,0,0,0,0,0,0,0,0,0,0,0,0,0,0,0,6,0,2.5,0.5,0,3.5
20211211212452,4,1,2,42,1,131,1,2,1,1,1,1,1,1,1,1,2,2,1,7,1,0,0,0,0,0,0,0,0,0,0,0,0,0,60,60,0,60,0,0,0,0,0,0,160,120,40,0,0,0,0,0,0,0,0,0,0,0,440,0,0,0,180,240,240,0,0,180,20,180,0,780,0,120,0,660,0,0,0,0,0,0,0,0,0,0,0,0,0,0,0,0,0,0,0,0,0,0,0,0,0,0,0,0,0,0,6,1.3333333333333333,3,0,0,5.666666666666667
20211211212462,4,1,1,48,2,110,4,4,1,1,1,1,1,1,1,4,1,1,3,4,1,67,0,27,0,0,27,40,0,0,0,0,0,0,0,0,0,0,0,0,0,0,0,0,0,0,0,0,0,0,0,0,0,0,0,0,0,0,15,0,0,0,0,15,15,0,0,0,0,0,0,1358,0,100,653,605,0,0,0,0,0,0,0,0,0,0,0,0,0,0,0,0,0,0,0,0,0,0,0,0,0,0,0,0,0,0,6,4,6,6,0,1.3333333333333333
20211211212469,4,1,2,38,2,100,1,3,1,1,1,1,1,1,1,1,2,2,2,6,1,15,0,15,0,0,15,0,15,2,0,2,0,13,0,0,0,0,0,0,0,0,0,0,185,165,20,15,0,0,0,15,0,0,0,0,0,0,96,0,0,0,0,0,96,96,96,0,0,0,0,524,0,44,0,480,0,0,0,0,0,0,0,0,0,0,0,0,0,0,0,0,0,0,0,0,0,0,0,0,590,0,0,90,500,0,4.5,0,0.5,2,0,3
20211211212474,3,1,1,31,1,100,1,2,1,1,1,1,1,1,1,1,2,2,2,7,1,152,0,122,0,0,122,30,0,0,0,0,0,0,0,0,0,0,0,0,0,0,0,0,90,90,0,148,0,0,0,0,0,0,60,0,0,88,0,0,0,0,0,0,0,0,0,0,0,0,0,570,0,0,0,570,0,0,0,0,0,0,0,0,0,0,0,0,0,0,0,0,0,0,0,0,0,0,0,0,480,0,0,5,475,0,4.666666666666667,0,1.3333333333333333,0.6666666666666666,0,4.333333333333333
20211211212484,6,1,2,46,1,110,1,4,1,1,1,1,1,1,1,3,2,2,2,4,1,0,0,0,0,0,0,0,0,0,0,0,0,0,0,0,0,0,0,0,0,0,0,0,15,15,0,10,0,0,10,0,0,0,0,0,0,0,270,0,0,0,0,230,245,15,15,0,25,210,0,345,0,45,0,300,0,60,0,0,0,0,0,0,0,35,35,25,0,0,0,0,0,0,0,0,0,0,0,0,740,0,0,0,740,0,2.3333333333333335,3,6,4,4.333333333333333,4.333333333333333
20211211212485,5,1,3,41,2,100,1,2,1,1,1,1,1,1,1,1,2,2,1,8,1,0,0,0,0,0,0,0,0,0,0,0,0,0,40,0,0,0,40,0,0,0,0,0,120,120,0,0,0,0,0,0,0,0,0,0,0,0,990,0,0,0,0,190,880,690,690,0,110,0,110,180,0,0,0,180,0,0,0,0,0,0,0,0,0,0,0,0,0,0,0,0,0,0,0,0,0,0,0,0,0,0,0,0,0,0,6,0,2.6666666666666665,2,0,3
20211211212523,6,1,4,43,1,100,1,2,1,1,1,1,1,1,1,2,2,2,1,8,1,700,0,505,0,0,505,195,16,0,0,0,1,15,0,0,0,0,0,0,0,0,0,0,155,35,120,44,0,5,10,29,0,0,0,0,0,0,10,0,0,0,0,10,10,0,0,0,0,10,0,475,0,15,0,460,0,40,0,10,0,0,0,0,0,0,0,30,0,0,0,0,0,0,0,0,0,0,0,0,0,0,0,0,0,0,4.333333333333333,0,3.3333333333333335,3.6666666666666665,0,4
20211211212531,4,1,2,48,1,100,1,3,1,1,1,1,1,1,1,3,2,1,1,5,1,410,0,400,0,0,400,10,0,0,0,0,0,0,0,0,0,0,0,0,0,0,0,0,105,105,0,205,0,105,10,45,0,0,45,0,0,0,225,0,0,0,0,225,225,0,0,0,0,105,0,340,0,0,0,340,0,75,0,60,0,60,0,0,0,0,0,15,0,0,0,0,0,0,0,0,0,0,0,0,80,0,0,0,80,0,3,1.6666666666666667,5,3,1,2.6666666666666665
20211211212570,4,1,2,50,1,100,1,2,1,1,1,1,1,1,1,1,2,2,2,10,1,107,10,12,0,0,12,85,0,0,0,0,0,0,10,10,10,0,0,0,0,0,0,0,40,40,0,6,0,1,0,0,0,0,5,0,0,0,237,0,0,0,0,237,237,0,0,0,0,152,0,480,0,50,0,430,0,20,0,5,0,0,0,0,0,0,0,15,0,0,0,0,0,0,0,0,0,0,0,0,540,0,0,55,485,0,5.666666666666667,0,2.3333333333333335,0,0,5.666666666666667
20211211212606,3,1,1,20,2,201,6,3,1,1,1,1,1,1,1,3,2,2,2,6,1,0,0,0,0,0,0,0,0,0,0,0,0,0,0,0,0,0,0,0,0,0,0,0,0,0,0,135,0,10,0,0,0,0,125,0,0,0,90,0,0,0,0,90,90,0,0,0,0,0,0,565,0,20,0,545,0,15,0,10,0,0,0,0,0,0,0,5,0,0,0,0,0,0,0,0,0,0,0,0,635,0,0,115,520,0,2.3333333333333335,0.6666666666666666,2.6666666666666665,1.6666666666666667,2.6666666666666665,2.3333333333333335
20211212210535,3,1,1,30,2,100,1,2,1,1,1,1,1,1,1,1,2,2,1,10,1,135,0,135,0,0,135,0,0,0,0,0,0,0,0,0,0,0,0,0,0,0,0,0,120,120,0,0,0,0,0,0,0,0,0,0,0,0,405,0,0,0,60,345,345,0,0,60,0,225,0,780,0,0,0,780,0,0,0,0,0,0,0,0,0,0,0,0,0,0,0,0,0,0,0,0,0,0,0,0,0,0,0,0,0,0,6,0,0,0,0,6
20211212210647,4,1,2,51,2,100,1,4,1,1,1,1,1,1,1,3,2,1,1,5,1,30,0,30,0,0,30,0,0,0,0,0,0,0,0,0,0,0,0,0,0,0,0,0,90,90,0,420,0,210,0,210,0,0,0,0,0,0,360,0,0,0,0,360,360,0,0,0,0,0,0,540,0,0,0,540,0,0,0,0,0,0,0,0,0,0,0,0,0,0,0,0,0,0,0,0,0,0,0,0,0,0,0,0,0,0,6,2,6,2,6,6
20211212211641,4,1,3,32,2,110,6,4,1,1,1,1,1,1,1,1,2,2,2,6,1,0,0,0,0,0,0,0,91,20,0,20,0,71,1,0,0,0,1,0,0,0,0,0,60,60,0,0,0,0,0,0,0,0,0,0,0,0,150,0,0,0,0,150,150,0,0,0,0,150,0,841,0,150,0,691,0,0,0,0,0,0,0,0,0,0,0,0,0,0,0,0,0,0,0,0,0,0,0,0,297,0,0,10,287,0,3.3333333333333335,0,2,0,0,0
20211212211749,4,1,2,33,2,100,6,4,1,1,1,1,1,1,1,1,2,2,2,8,1,30,0,30,0,0,30,0,0,0,0,0,0,0,0,0,0,0,0,0,0,0,0,0,60,60,0,120,0,120,0,0,0,0,0,0,0,0,170,0,0,0,0,170,170,0,0,0,0,60,0,930,0,90,0,840,0,0,0,0,0,0,0,0,0,0,0,0,0,130,0,0,0,0,0,60,0,70,0,0,0,0,0,0,0,0,5,0,0,0,0,6
20211212211843,3,1,1,31,1,100,1,1,1,1,1,1,1,1,1,4,2,1,3,9,1,0,0,0,0,0,0,0,0,0,0,0,0,0,0,0,0,0,0,0,0,0,0,0,30,30,0,0,0,0,0,0,0,0,0,0,0,0,90,0,0,0,0,90,90,0,0,0,0,90,0,490,0,10,0,480,0,0,0,0,0,0,0,0,0,0,0,0,0,0,0,0,0,0,0,0,0,0,0,0,830,0,0,0,830,0,0,6,5,6,6,6
20211212211859,5,1,3,44,1,100,1,2,1,1,1,1,1,1,1,1,2,2,1,10,1,525,0,525,0,0,525,0,0,0,0,0,0,0,0,0,0,0,0,0,0,0,0,0,165,165,0,30,0,30,0,0,0,0,0,0,0,0,0,0,0,0,0,0,0,0,0,0,0,0,0,720,0,30,0,690,0,0,0,0,0,0,0,0,0,0,0,0,0,0,0,0,0,0,0,0,0,0,0,0,0,0,0,0,0,0,6,0,0,0,0,6
20211212211931,3,1,2,36,2,131,4,1,1,1,1,1,1,1,1,2,2,2,2,4,1,30,0,30,0,0,30,0,0,0,0,0,0,0,0,0,0,0,0,0,0,0,0,0,105,105,0,145,0,100,0,45,0,0,0,0,0,0,65,0,0,0,10,55,55,0,0,10,0,40,0,540,0,90,0,450,0,0,0,0,0,0,0,0,0,0,0,0,0,0,0,0,0,0,0,0,0,0,0,0,555,0,0,80,475,0,6,0,2.3333333333333335,2,2,6
20211212211991,3,1,1,32,1,100,1,1,1,1,1,1,1,1,1,1,2,2,2,6,1,0,0,0,0,0,0,0,0,0,0,0,0,0,0,0,0,0,0,0,0,0,0,0,90,90,0,190,0,0,0,0,0,190,0,0,0,0,0,0,0,0,0,0,0,0,0,0,0,0,120,480,0,30,0,450,0,0,0,0,0,0,0,0,0,0,0,0,0,0,0,0,0,0,0,0,0,0,0,0,560,0,0,40,520,0,6,1.3333333333333333,2.3333333333333335,0,0.6666666666666666,5.666666666666667
20211212212037,4,1,2,33,1,100,1,2,1,1,1,1,1,1,1,2,2,2,2,7,1,172,0,147,0,0,147,25,0,0,0,0,0,0,0,0,0,0,0,0,0,0,0,0,95,95,0,80,0,80,0,0,0,0,0,0,0,0,110,0,0,0,0,110,110,0,0,0,0,80,0,510,0,30,0,480,0,0,0,0,0,0,0,0,0,0,0,0,0,0,0,0,0,0,0,0,0,0,0,0,473,0,0,5,468,0,5,0,3.6666666666666665,0,1.3333333333333333,4.666666666666667
20211212212183,3,1,1,35,1,110,1,5,1,1,1,1,1,1,1,2,2,1,3,4,1,0,0,0,0,0,0,0,0,0,0,0,0,0,90,0,0,0,90,0,300,300,0,0,60,60,0,50,0,50,0,0,0,0,0,0,0,0,90,0,0,0,0,90,90,0,0,0,0,0,0,755,0,30,0,725,0,95,0,20,0,0,0,0,0,0,0,75,0,0,0,0,0,0,0,0,0,0,0,0,0,0,0,0,0,0,3.6666666666666665,2,5,2,5.333333333333333,4
20211212212567,4,1,2,34,2,100,1,1,1,1,1,1,1,1,1,3,2,2,3,9,1,90,0,70,0,45,25,20,0,0,0,0,0,0,0,0,0,0,0,0,0,0,0,0,20,20,0,230,0,110,0,0,120,0,0,0,0,0,270,0,0,0,0,270,270,0,0,0,0,270,0,590,0,30,0,560,0,0,0,0,0,0,0,0,0,0,0,0,0,0,0,0,0,0,0,0,0,0,0,0,240,0,0,0,240,0,3,3.3333333333333335,4.333333333333333,3.6666666666666665,2,3.3333333333333335
20211212212591,4,1,3,46,1,100,4,2,1,1,1,1,1,1,1,1,2,2,2,10,1,0,0,0,0,0,0,0,0,0,0,0,0,0,0,0,0,0,0,0,0,0,0,0,30,30,0,0,0,0,0,0,0,0,0,0,0,0,50,0,0,0,0,50,50,0,0,0,0,45,0,610,0,0,0,610,0,0,0,0,0,0,0,0,0,0,0,0,0,275,0,0,0,0,0,0,100,40,235,235,475,0,0,0,475,0,6,0,0,0,4,6
